could not get a list of mounted file-systems
Warning: Falling back to the standard locale ("C")
Fra:1 Mem:37.95M (Peak 37.95M) | Time:00:00.01 | Mem:0.00M, Peak:0.00M | Scene, ViewLayer | Synchronizing object | geometry_0_cylinder.016
Fra:1 Mem:37.96M (Peak 37.96M) | Time:00:00.01 | Mem:0.00M, Peak:0.00M | Scene, ViewLayer | Synchronizing object | geometry_0_cylinder.043
Fra:1 Mem:39.99M (Peak 39.99M) | Time:00:00.01 | Mem:0.00M, Peak:0.00M | Scene, ViewLayer | Synchronizing object | geometry_0_sphere
Fra:1 Mem:40.08M (Peak 40.08M) | Time:00:00.01 | Mem:0.00M, Peak:0.00M | Scene, ViewLayer | Synchronizing object | geometry_0_cylinder.026
Fra:1 Mem:40.12M (Peak 40.12M) | Time:00:00.01 | Mem:0.00M, Peak:0.00M | Scene, ViewLayer | Synchronizing object | geometry_0_cylinder.027
Fra:1 Mem:40.52M (Peak 40.52M) | Time:00:00.01 | Mem:0.00M, Peak:0.00M | Scene, ViewLayer | Synchronizing object | geometry_0_cylinder.028
Fra:1 Mem:40.50M (Peak 40.52M) | Time:00:00.01 | Mem:0.00M, Peak:0.00M | Scene, ViewLayer | Synchronizing object | geometry_0_cylinder.017
Fra:1 Mem:40.63M (Peak 40.63M) | Time:00:00.01 | Mem:0.00M, Peak:0.00M | Scene, ViewLayer | Synchronizing object | geometry_0_cylinder.018
Fra:1 Mem:40.61M (Peak 40.63M) | Time:00:00.01 | Mem:0.00M, Peak:0.00M | Scene, ViewLayer | Synchronizing object | geometry_0_cylinder.019
Fra:1 Mem:40.51M (Peak 40.63M) | Time:00:00.01 | Mem:0.00M, Peak:0.00M | Scene, ViewLayer | Synchronizing object | geometry_0_cylinder.020
Fra:1 Mem:40.37M (Peak 40.63M) | Time:00:00.01 | Mem:0.00M, Peak:0.00M | Scene, ViewLayer | Synchronizing object | geometry_0_cylinder.021
Fra:1 Mem:40.36M (Peak 40.63M) | Time:00:00.01 | Mem:0.00M, Peak:0.00M | Scene, ViewLayer | Synchronizing object | geometry_0_cylinder
Fra:1 Mem:40.44M (Peak 40.63M) | Time:00:00.01 | Mem:0.00M, Peak:0.00M | Scene, ViewLayer | Synchronizing object | geometry_0_cylinder.022
Fra:1 Mem:40.39M (Peak 40.63M) | Time:00:00.01 | Mem:0.00M, Peak:0.00M | Scene, ViewLayer | Synchronizing object | geometry_0_cylinder.023
Fra:1 Mem:40.42M (Peak 40.63M) | Time:00:00.01 | Mem:0.00M, Peak:0.00M | Scene, ViewLayer | Synchronizing object | geometry_0_cylinder.015
Fra:1 Mem:40.54M (Peak 40.63M) | Time:00:00.01 | Mem:0.00M, Peak:0.00M | Scene, ViewLayer | Synchronizing object | geometry_0_cylinder.024
Fra:1 Mem:40.48M (Peak 40.63M) | Time:00:00.01 | Mem:0.00M, Peak:0.00M | Scene, ViewLayer | Synchronizing object | geometry_0_cylinder.025
Fra:1 Mem:40.48M (Peak 40.63M) | Time:00:00.01 | Mem:0.00M, Peak:0.00M | Scene, ViewLayer | Synchronizing object | geometry_0_cylinder.014
Fra:1 Mem:40.60M (Peak 40.63M) | Time:00:00.01 | Mem:0.00M, Peak:0.00M | Scene, ViewLayer | Synchronizing object | geometry_0_cylinder.038
Fra:1 Mem:40.54M (Peak 40.63M) | Time:00:00.01 | Mem:0.00M, Peak:0.00M | Scene, ViewLayer | Synchronizing object | geometry_0_cylinder.039
Fra:1 Mem:40.63M (Peak 40.63M) | Time:00:00.01 | Mem:0.00M, Peak:0.00M | Scene, ViewLayer | Synchronizing object | geometry_0_cylinder.040
Fra:1 Mem:40.62M (Peak 40.63M) | Time:00:00.01 | Mem:0.00M, Peak:0.00M | Scene, ViewLayer | Synchronizing object | geometry_0_cylinder.009
Fra:1 Mem:40.63M (Peak 40.63M) | Time:00:00.01 | Mem:0.00M, Peak:0.00M | Scene, ViewLayer | Synchronizing object | geometry_0_cylinder.029
Fra:1 Mem:40.67M (Peak 40.67M) | Time:00:00.01 | Mem:0.00M, Peak:0.00M | Scene, ViewLayer | Synchronizing object | geometry_0_cylinder.030
Fra:1 Mem:40.69M (Peak 40.69M) | Time:00:00.01 | Mem:0.00M, Peak:0.00M | Scene, ViewLayer | Synchronizing object | geometry_0_cylinder.012
Fra:1 Mem:40.70M (Peak 40.70M) | Time:00:00.01 | Mem:0.00M, Peak:0.00M | Scene, ViewLayer | Synchronizing object | geometry_0_cylinder.031
Fra:1 Mem:40.74M (Peak 40.74M) | Time:00:00.01 | Mem:0.00M, Peak:0.00M | Scene, ViewLayer | Synchronizing object | geometry_0_cylinder.011
Fra:1 Mem:40.73M (Peak 40.74M) | Time:00:00.01 | Mem:0.00M, Peak:0.00M | Scene, ViewLayer | Synchronizing object | geometry_0_cylinder.032
Fra:1 Mem:40.73M (Peak 40.74M) | Time:00:00.01 | Mem:0.00M, Peak:0.00M | Scene, ViewLayer | Synchronizing object | geometry_0_cylinder.010
Fra:1 Mem:40.87M (Peak 40.87M) | Time:00:00.01 | Mem:0.00M, Peak:0.00M | Scene, ViewLayer | Synchronizing object | geometry_0_cylinder.034
Fra:1 Mem:40.79M (Peak 40.87M) | Time:00:00.01 | Mem:0.00M, Peak:0.00M | Scene, ViewLayer | Synchronizing object | geometry_0_cylinder.005
Fra:1 Mem:40.82M (Peak 40.87M) | Time:00:00.01 | Mem:0.00M, Peak:0.00M | Scene, ViewLayer | Synchronizing object | geometry_0_cylinder.035
Fra:1 Mem:40.92M (Peak 40.92M) | Time:00:00.01 | Mem:0.00M, Peak:0.00M | Scene, ViewLayer | Synchronizing object | geometry_0_cylinder.036
Fra:1 Mem:40.91M (Peak 40.92M) | Time:00:00.01 | Mem:0.00M, Peak:0.00M | Scene, ViewLayer | Synchronizing object | geometry_0_cylinder.008
Fra:1 Mem:40.91M (Peak 40.92M) | Time:00:00.01 | Mem:0.00M, Peak:0.00M | Scene, ViewLayer | Synchronizing object | geometry_0_cylinder.037
Fra:1 Mem:40.95M (Peak 40.95M) | Time:00:00.01 | Mem:0.00M, Peak:0.00M | Scene, ViewLayer | Synchronizing object | geometry_0_cylinder.007
Fra:1 Mem:40.97M (Peak 40.97M) | Time:00:00.01 | Mem:0.00M, Peak:0.00M | Scene, ViewLayer | Synchronizing object | geometry_0_cylinder.041
Fra:1 Mem:40.96M (Peak 40.97M) | Time:00:00.01 | Mem:0.00M, Peak:0.00M | Scene, ViewLayer | Synchronizing object | geometry_0_cylinder.042
Fra:1 Mem:41.01M (Peak 41.01M) | Time:00:00.01 | Mem:0.00M, Peak:0.00M | Scene, ViewLayer | Synchronizing object | geometry_0_cylinder.006
Fra:1 Mem:41.02M (Peak 41.02M) | Time:00:00.01 | Mem:0.00M, Peak:0.00M | Scene, ViewLayer | Synchronizing object | geometry_0_cylinder.044
Fra:1 Mem:41.05M (Peak 41.05M) | Time:00:00.01 | Mem:0.00M, Peak:0.00M | Scene, ViewLayer | Synchronizing object | geometry_0_cylinder.058
Fra:1 Mem:41.06M (Peak 41.06M) | Time:00:00.01 | Mem:0.00M, Peak:0.00M | Scene, ViewLayer | Synchronizing object | geometry_0_cylinder.001
Fra:1 Mem:41.14M (Peak 41.14M) | Time:00:00.01 | Mem:0.00M, Peak:0.00M | Scene, ViewLayer | Synchronizing object | geometry_0_cylinder.046
Fra:1 Mem:41.13M (Peak 41.14M) | Time:00:00.01 | Mem:0.00M, Peak:0.00M | Scene, ViewLayer | Synchronizing object | geometry_0_cylinder.055
Fra:1 Mem:41.13M (Peak 41.14M) | Time:00:00.01 | Mem:0.00M, Peak:0.00M | Scene, ViewLayer | Synchronizing object | geometry_0_cylinder.004
Fra:1 Mem:41.31M (Peak 41.31M) | Time:00:00.01 | Mem:0.00M, Peak:0.00M | Scene, ViewLayer | Synchronizing object | geometry_0_cylinder.003
Fra:1 Mem:41.31M (Peak 41.31M) | Time:00:00.01 | Mem:0.00M, Peak:0.00M | Scene, ViewLayer | Synchronizing object | geometry_0_cylinder.056
Fra:1 Mem:41.30M (Peak 41.31M) | Time:00:00.01 | Mem:0.00M, Peak:0.00M | Scene, ViewLayer | Synchronizing object | geometry_0_cylinder.002
Fra:1 Mem:41.29M (Peak 41.31M) | Time:00:00.01 | Mem:0.00M, Peak:0.00M | Scene, ViewLayer | Synchronizing object | geometry_0_cylinder.057
Fra:1 Mem:41.38M (Peak 41.38M) | Time:00:00.01 | Mem:0.00M, Peak:0.00M | Scene, ViewLayer | Synchronizing object | geometry_0_cylinder.045
Fra:1 Mem:41.44M (Peak 41.44M) | Time:00:00.01 | Mem:0.00M, Peak:0.00M | Scene, ViewLayer | Synchronizing object | geometry_0_cylinder.047
Fra:1 Mem:41.44M (Peak 41.44M) | Time:00:00.01 | Mem:0.00M, Peak:0.00M | Scene, ViewLayer | Synchronizing object | geometry_0_cylinder.059
Fra:1 Mem:41.40M (Peak 41.44M) | Time:00:00.01 | Mem:0.00M, Peak:0.00M | Scene, ViewLayer | Synchronizing object | geometry_0_cylinder.048
Fra:1 Mem:41.53M (Peak 41.53M) | Time:00:00.01 | Mem:0.00M, Peak:0.00M | Scene, ViewLayer | Synchronizing object | geometry_0_cylinder.107
Fra:1 Mem:41.53M (Peak 41.53M) | Time:00:00.01 | Mem:0.00M, Peak:0.00M | Scene, ViewLayer | Synchronizing object | geometry_0_cylinder.049
Fra:1 Mem:41.57M (Peak 41.57M) | Time:00:00.01 | Mem:0.00M, Peak:0.00M | Scene, ViewLayer | Synchronizing object | geometry_0_cylinder.106
Fra:1 Mem:41.51M (Peak 41.57M) | Time:00:00.01 | Mem:0.00M, Peak:0.00M | Scene, ViewLayer | Synchronizing object | geometry_0_cylinder.050
Fra:1 Mem:41.61M (Peak 41.61M) | Time:00:00.01 | Mem:0.00M, Peak:0.00M | Scene, ViewLayer | Synchronizing object | geometry_0_cylinder.105
Fra:1 Mem:41.64M (Peak 41.64M) | Time:00:00.01 | Mem:0.00M, Peak:0.00M | Scene, ViewLayer | Synchronizing object | geometry_0_cylinder.051
Fra:1 Mem:41.70M (Peak 41.70M) | Time:00:00.01 | Mem:0.00M, Peak:0.00M | Scene, ViewLayer | Synchronizing object | geometry_0_cylinder.052
Fra:1 Mem:41.72M (Peak 41.72M) | Time:00:00.01 | Mem:0.00M, Peak:0.00M | Scene, ViewLayer | Synchronizing object | geometry_0_cylinder.104
Fra:1 Mem:41.72M (Peak 41.72M) | Time:00:00.01 | Mem:0.00M, Peak:0.00M | Scene, ViewLayer | Synchronizing object | geometry_0_cylinder.053
Fra:1 Mem:41.83M (Peak 41.83M) | Time:00:00.01 | Mem:0.00M, Peak:0.00M | Scene, ViewLayer | Synchronizing object | geometry_0_cylinder.103
Fra:1 Mem:41.88M (Peak 41.88M) | Time:00:00.01 | Mem:0.00M, Peak:0.00M | Scene, ViewLayer | Synchronizing object | geometry_0_cylinder.054
Fra:1 Mem:41.91M (Peak 41.91M) | Time:00:00.01 | Mem:0.00M, Peak:0.00M | Scene, ViewLayer | Synchronizing object | geometry_0_cylinder.102
Fra:1 Mem:41.84M (Peak 41.91M) | Time:00:00.01 | Mem:0.00M, Peak:0.00M | Scene, ViewLayer | Synchronizing object | geometry_0_cylinder.060
Fra:1 Mem:41.95M (Peak 41.95M) | Time:00:00.01 | Mem:0.00M, Peak:0.00M | Scene, ViewLayer | Synchronizing object | geometry_0_cylinder.101
Fra:1 Mem:41.91M (Peak 41.95M) | Time:00:00.01 | Mem:0.00M, Peak:0.00M | Scene, ViewLayer | Synchronizing object | geometry_0_cylinder.061
Fra:1 Mem:41.96M (Peak 41.96M) | Time:00:00.01 | Mem:0.00M, Peak:0.00M | Scene, ViewLayer | Synchronizing object | geometry_0_cylinder.062
Fra:1 Mem:41.97M (Peak 41.97M) | Time:00:00.01 | Mem:0.00M, Peak:0.00M | Scene, ViewLayer | Synchronizing object | geometry_0_cylinder.100
Fra:1 Mem:41.99M (Peak 41.99M) | Time:00:00.01 | Mem:0.00M, Peak:0.00M | Scene, ViewLayer | Synchronizing object | geometry_0_cylinder.063
Fra:1 Mem:42.00M (Peak 42.00M) | Time:00:00.01 | Mem:0.00M, Peak:0.00M | Scene, ViewLayer | Synchronizing object | geometry_0_cylinder.064
Fra:1 Mem:42.05M (Peak 42.05M) | Time:00:00.01 | Mem:0.00M, Peak:0.00M | Scene, ViewLayer | Synchronizing object | geometry_0_cylinder.099
Fra:1 Mem:42.05M (Peak 42.05M) | Time:00:00.01 | Mem:0.00M, Peak:0.00M | Scene, ViewLayer | Synchronizing object | geometry_0_cylinder.065
Fra:1 Mem:42.07M (Peak 42.07M) | Time:00:00.01 | Mem:0.00M, Peak:0.00M | Scene, ViewLayer | Synchronizing object | geometry_0_cylinder.066
Fra:1 Mem:42.11M (Peak 42.11M) | Time:00:00.01 | Mem:0.00M, Peak:0.00M | Scene, ViewLayer | Synchronizing object | geometry_0_cylinder.098
Fra:1 Mem:42.12M (Peak 42.12M) | Time:00:00.01 | Mem:0.00M, Peak:0.00M | Scene, ViewLayer | Synchronizing object | geometry_0_cylinder.067
Fra:1 Mem:42.11M (Peak 42.12M) | Time:00:00.01 | Mem:0.00M, Peak:0.00M | Scene, ViewLayer | Synchronizing object | geometry_0_cylinder.068
Fra:1 Mem:42.14M (Peak 42.14M) | Time:00:00.01 | Mem:0.00M, Peak:0.00M | Scene, ViewLayer | Synchronizing object | geometry_0_cylinder.097
Fra:1 Mem:42.13M (Peak 42.14M) | Time:00:00.01 | Mem:0.00M, Peak:0.00M | Scene, ViewLayer | Synchronizing object | geometry_0_cylinder.069
Fra:1 Mem:42.19M (Peak 42.19M) | Time:00:00.01 | Mem:0.00M, Peak:0.00M | Scene, ViewLayer | Synchronizing object | geometry_0_cylinder.070
Fra:1 Mem:42.22M (Peak 42.22M) | Time:00:00.01 | Mem:0.00M, Peak:0.00M | Scene, ViewLayer | Synchronizing object | geometry_0_cylinder.096
Fra:1 Mem:42.23M (Peak 42.23M) | Time:00:00.01 | Mem:0.00M, Peak:0.00M | Scene, ViewLayer | Synchronizing object | geometry_0_cylinder.071
Fra:1 Mem:42.29M (Peak 42.29M) | Time:00:00.01 | Mem:0.00M, Peak:0.00M | Scene, ViewLayer | Synchronizing object | geometry_0_cylinder.072
Fra:1 Mem:42.27M (Peak 42.29M) | Time:00:00.01 | Mem:0.00M, Peak:0.00M | Scene, ViewLayer | Synchronizing object | geometry_0_cylinder.095
Fra:1 Mem:42.29M (Peak 42.29M) | Time:00:00.01 | Mem:0.00M, Peak:0.00M | Scene, ViewLayer | Synchronizing object | geometry_0_cylinder.073
Fra:1 Mem:42.38M (Peak 42.38M) | Time:00:00.01 | Mem:0.00M, Peak:0.00M | Scene, ViewLayer | Synchronizing object | geometry_0_cylinder.074
Fra:1 Mem:42.35M (Peak 42.38M) | Time:00:00.01 | Mem:0.00M, Peak:0.00M | Scene, ViewLayer | Synchronizing object | geometry_0_cylinder.094
Fra:1 Mem:42.34M (Peak 42.38M) | Time:00:00.01 | Mem:0.00M, Peak:0.00M | Scene, ViewLayer | Synchronizing object | geometry_0_cylinder.075
Fra:1 Mem:42.42M (Peak 42.42M) | Time:00:00.01 | Mem:0.00M, Peak:0.00M | Scene, ViewLayer | Synchronizing object | geometry_0_cylinder.076
Fra:1 Mem:42.41M (Peak 42.42M) | Time:00:00.01 | Mem:0.00M, Peak:0.00M | Scene, ViewLayer | Synchronizing object | geometry_0_cylinder.093
Fra:1 Mem:42.40M (Peak 42.42M) | Time:00:00.01 | Mem:0.00M, Peak:0.00M | Scene, ViewLayer | Synchronizing object | geometry_0_cylinder.077
Fra:1 Mem:42.47M (Peak 42.47M) | Time:00:00.01 | Mem:0.00M, Peak:0.00M | Scene, ViewLayer | Synchronizing object | geometry_0_cylinder.078
Fra:1 Mem:42.48M (Peak 42.48M) | Time:00:00.01 | Mem:0.00M, Peak:0.00M | Scene, ViewLayer | Synchronizing object | geometry_0_cylinder.092
Fra:1 Mem:42.49M (Peak 42.49M) | Time:00:00.01 | Mem:0.00M, Peak:0.00M | Scene, ViewLayer | Synchronizing object | geometry_0_cylinder.079
Fra:1 Mem:42.56M (Peak 42.56M) | Time:00:00.01 | Mem:0.00M, Peak:0.00M | Scene, ViewLayer | Synchronizing object | geometry_0_cylinder.080
Fra:1 Mem:42.54M (Peak 42.56M) | Time:00:00.01 | Mem:0.00M, Peak:0.00M | Scene, ViewLayer | Synchronizing object | geometry_0_cylinder.091
Fra:1 Mem:42.55M (Peak 42.56M) | Time:00:00.01 | Mem:0.00M, Peak:0.00M | Scene, ViewLayer | Synchronizing object | geometry_0_cylinder.081
Fra:1 Mem:42.59M (Peak 42.59M) | Time:00:00.02 | Mem:0.00M, Peak:0.00M | Scene, ViewLayer | Synchronizing object | geometry_0_cylinder.082
Fra:1 Mem:42.56M (Peak 42.59M) | Time:00:00.02 | Mem:0.00M, Peak:0.00M | Scene, ViewLayer | Synchronizing object | geometry_0_cylinder.090
Fra:1 Mem:42.60M (Peak 42.60M) | Time:00:00.02 | Mem:0.00M, Peak:0.00M | Scene, ViewLayer | Synchronizing object | geometry_0_cylinder.083
Fra:1 Mem:42.69M (Peak 42.69M) | Time:00:00.02 | Mem:0.00M, Peak:0.00M | Scene, ViewLayer | Synchronizing object | geometry_0_cylinder.084
Fra:1 Mem:42.66M (Peak 42.69M) | Time:00:00.02 | Mem:0.00M, Peak:0.00M | Scene, ViewLayer | Synchronizing object | geometry_0_cylinder.089
Fra:1 Mem:42.65M (Peak 42.69M) | Time:00:00.02 | Mem:0.00M, Peak:0.00M | Scene, ViewLayer | Synchronizing object | geometry_0_cylinder.085
Fra:1 Mem:42.78M (Peak 42.78M) | Time:00:00.02 | Mem:0.00M, Peak:0.00M | Scene, ViewLayer | Synchronizing object | geometry_0_cylinder.086
Fra:1 Mem:42.72M (Peak 42.78M) | Time:00:00.02 | Mem:0.00M, Peak:0.00M | Scene, ViewLayer | Synchronizing object | geometry_0_cylinder.088
Fra:1 Mem:42.73M (Peak 42.78M) | Time:00:00.02 | Mem:0.00M, Peak:0.00M | Scene, ViewLayer | Synchronizing object | geometry_0_cylinder.087
Fra:1 Mem:42.75M (Peak 42.78M) | Time:00:00.02 | Mem:0.00M, Peak:0.00M | Scene, ViewLayer | Initializing
Fra:1 Mem:32.94M (Peak 42.78M) | Time:00:00.02 | Mem:0.00M, Peak:0.00M | Scene, ViewLayer | Waiting for render to start
Fra:1 Mem:32.94M (Peak 42.78M) | Time:00:00.02 | Mem:0.00M, Peak:0.00M | Scene, ViewLayer | Loading render kernels (may take a few minutes the first time)
Fra:1 Mem:32.94M (Peak 42.78M) | Time:00:00.02 | Mem:0.00M, Peak:0.00M | Scene, ViewLayer | Updating Scene
Fra:1 Mem:32.94M (Peak 42.78M) | Time:00:00.02 | Mem:0.00M, Peak:0.00M | Scene, ViewLayer | Updating Shaders
Fra:1 Mem:33.09M (Peak 42.78M) | Time:00:00.02 | Mem:0.07M, Peak:0.07M | Scene, ViewLayer | Updating Procedurals
Fra:1 Mem:33.09M (Peak 42.78M) | Time:00:00.02 | Mem:0.07M, Peak:0.07M | Scene, ViewLayer | Updating Background
Fra:1 Mem:33.09M (Peak 42.78M) | Time:00:00.02 | Mem:0.07M, Peak:0.07M | Scene, ViewLayer | Updating Camera
Fra:1 Mem:33.09M (Peak 42.78M) | Time:00:00.02 | Mem:0.07M, Peak:0.07M | Scene, ViewLayer | Updating Meshes Flags
Fra:1 Mem:33.09M (Peak 42.78M) | Time:00:00.02 | Mem:0.07M, Peak:0.07M | Scene, ViewLayer | Updating Objects
Fra:1 Mem:33.09M (Peak 42.78M) | Time:00:00.02 | Mem:0.07M, Peak:0.07M | Scene, ViewLayer | Updating Objects | Copying Transformations to device
Fra:1 Mem:33.12M (Peak 42.78M) | Time:00:00.02 | Mem:0.09M, Peak:0.09M | Scene, ViewLayer | Updating Objects | Applying Static Transformations
Fra:1 Mem:33.12M (Peak 42.78M) | Time:00:00.02 | Mem:0.09M, Peak:0.09M | Scene, ViewLayer | Updating Particle Systems
Fra:1 Mem:33.12M (Peak 42.78M) | Time:00:00.02 | Mem:0.09M, Peak:0.09M | Scene, ViewLayer | Updating Particle Systems | Copying Particles to device
Fra:1 Mem:33.12M (Peak 42.78M) | Time:00:00.02 | Mem:0.09M, Peak:0.09M | Scene, ViewLayer | Updating Meshes
Fra:1 Mem:33.36M (Peak 42.78M) | Time:00:00.02 | Mem:0.09M, Peak:0.09M | Scene, ViewLayer | Updating Mesh | Computing attributes
Fra:1 Mem:33.93M (Peak 42.78M) | Time:00:00.02 | Mem:0.10M, Peak:0.10M | Scene, ViewLayer | Updating Mesh | Copying Attributes to device
Fra:1 Mem:33.92M (Peak 42.78M) | Time:00:00.02 | Mem:0.65M, Peak:0.65M | Scene, ViewLayer | Updating Scene BVH | Building
Fra:1 Mem:33.92M (Peak 42.78M) | Time:00:00.02 | Mem:0.65M, Peak:0.65M | Scene, ViewLayer | Updating Scene BVH | Building BVH
Fra:1 Mem:33.92M (Peak 42.78M) | Time:00:00.02 | Mem:1.13M, Peak:1.13M | Scene, ViewLayer | Updating Scene BVH | Building BVH 0%
Fra:1 Mem:33.92M (Peak 42.78M) | Time:00:00.02 | Mem:1.67M, Peak:2.15M | Scene, ViewLayer | Updating Scene BVH | Copying BVH to device
Fra:1 Mem:33.92M (Peak 42.78M) | Time:00:00.02 | Mem:1.67M, Peak:2.15M | Scene, ViewLayer | Updating Mesh | Computing normals
Fra:1 Mem:35.68M (Peak 42.78M) | Time:00:00.02 | Mem:1.67M, Peak:2.15M | Scene, ViewLayer | Updating Mesh | Copying Mesh to device
Fra:1 Mem:35.68M (Peak 42.78M) | Time:00:00.02 | Mem:3.43M, Peak:3.43M | Scene, ViewLayer | Updating Objects Flags
Fra:1 Mem:35.68M (Peak 42.78M) | Time:00:00.02 | Mem:3.43M, Peak:3.43M | Scene, ViewLayer | Updating Primitive Offsets
Fra:1 Mem:35.68M (Peak 42.78M) | Time:00:00.02 | Mem:3.43M, Peak:3.43M | Scene, ViewLayer | Updating Images
Fra:1 Mem:35.68M (Peak 42.78M) | Time:00:00.02 | Mem:3.43M, Peak:3.43M | Scene, ViewLayer | Updating Camera Volume
Fra:1 Mem:35.68M (Peak 42.78M) | Time:00:00.02 | Mem:3.43M, Peak:3.43M | Scene, ViewLayer | Updating Lookup Tables
Fra:1 Mem:35.68M (Peak 42.78M) | Time:00:00.02 | Mem:3.51M, Peak:3.51M | Scene, ViewLayer | Updating Lights
Fra:1 Mem:35.68M (Peak 42.78M) | Time:00:00.02 | Mem:3.51M, Peak:3.51M | Scene, ViewLayer | Updating Lights | Computing distribution
Fra:1 Mem:35.68M (Peak 42.78M) | Time:00:00.02 | Mem:3.51M, Peak:3.51M | Scene, ViewLayer | Updating Lights | Computing tree
Fra:1 Mem:35.68M (Peak 42.78M) | Time:00:00.02 | Mem:3.51M, Peak:3.51M | Scene, ViewLayer | Updating Integrator
Fra:1 Mem:36.68M (Peak 42.78M) | Time:00:00.02 | Mem:4.51M, Peak:4.51M | Scene, ViewLayer | Updating Film
Fra:1 Mem:36.69M (Peak 42.78M) | Time:00:00.02 | Mem:4.43M, Peak:4.51M | Scene, ViewLayer | Updating Lookup Tables
Fra:1 Mem:36.69M (Peak 42.78M) | Time:00:00.02 | Mem:4.51M, Peak:4.51M | Scene, ViewLayer | Updating Baking
Fra:1 Mem:36.69M (Peak 42.78M) | Time:00:00.02 | Mem:4.51M, Peak:4.51M | Scene, ViewLayer | Updating Device | Writing constant memory
Fra:1 Mem:36.69M (Peak 42.78M) | Time:00:00.02 | Mem:4.51M, Peak:4.51M | Scene, ViewLayer | Sample 0/24
Fra:1 Mem:86.28M (Peak 86.28M) | Time:00:00.09 | Remaining:00:01.51 | Mem:54.09M, Peak:54.09M | Scene, ViewLayer | Sample 1/24
Fra:1 Mem:107.16M (Peak 138.47M) | Time:00:03.47 | Mem:54.09M, Peak:54.09M | Scene, ViewLayer | Sample 24/24
Fra:1 Mem:107.16M (Peak 138.47M) | Time:00:03.47 | Mem:54.09M, Peak:54.09M | Scene, ViewLayer | Finished
Saved: '/vepfs_default/chanxueyan/lhp/lms/aDSL/temp/core_showcase_20260929/panels/SF21_A.png'
Time: 00:03.62 (Saving: 00:00.14)

Data are loaded, start creating Blender stuff
glTF import finished in 0.09s
PANEL_DONE SF21_A
Fra:1 Mem:40.32M (Peak 40.32M) | Time:00:00.01 | Mem:0.00M, Peak:0.00M | Scene, ViewLayer | Synchronizing object | geometry_0_cylinder.016
Fra:1 Mem:40.33M (Peak 40.33M) | Time:00:00.01 | Mem:0.00M, Peak:0.00M | Scene, ViewLayer | Synchronizing object | geometry_0_cylinder.043
Fra:1 Mem:40.35M (Peak 40.35M) | Time:00:00.01 | Mem:0.00M, Peak:0.00M | Scene, ViewLayer | Synchronizing object | geometry_0_cylinder.026
Fra:1 Mem:40.41M (Peak 40.41M) | Time:00:00.01 | Mem:0.00M, Peak:0.00M | Scene, ViewLayer | Synchronizing object | geometry_0_cylinder.027
Fra:1 Mem:40.41M (Peak 40.41M) | Time:00:00.01 | Mem:0.00M, Peak:0.00M | Scene, ViewLayer | Synchronizing object | geometry_0_cylinder.028
Fra:1 Mem:40.42M (Peak 40.42M) | Time:00:00.01 | Mem:0.00M, Peak:0.00M | Scene, ViewLayer | Synchronizing object | geometry_0_cylinder.017
Fra:1 Mem:40.45M (Peak 40.45M) | Time:00:00.01 | Mem:0.00M, Peak:0.00M | Scene, ViewLayer | Synchronizing object | geometry_0_cylinder.018
Fra:1 Mem:40.45M (Peak 40.45M) | Time:00:00.01 | Mem:0.00M, Peak:0.00M | Scene, ViewLayer | Synchronizing object | geometry_0_cylinder.019
Fra:1 Mem:40.49M (Peak 40.49M) | Time:00:00.01 | Mem:0.00M, Peak:0.00M | Scene, ViewLayer | Synchronizing object | geometry_0_cylinder.020
Fra:1 Mem:40.52M (Peak 40.52M) | Time:00:00.01 | Mem:0.00M, Peak:0.00M | Scene, ViewLayer | Synchronizing object | geometry_0_cylinder.021
Fra:1 Mem:40.54M (Peak 40.54M) | Time:00:00.01 | Mem:0.00M, Peak:0.00M | Scene, ViewLayer | Synchronizing object | geometry_0_cylinder.022
Fra:1 Mem:40.60M (Peak 40.60M) | Time:00:00.01 | Mem:0.00M, Peak:0.00M | Scene, ViewLayer | Synchronizing object | geometry_0_sphere
Fra:1 Mem:40.61M (Peak 40.61M) | Time:00:00.01 | Mem:0.00M, Peak:0.00M | Scene, ViewLayer | Synchronizing object | geometry_0_cylinder.023
Fra:1 Mem:40.78M (Peak 40.78M) | Time:00:00.01 | Mem:0.00M, Peak:0.00M | Scene, ViewLayer | Synchronizing object | geometry_0_cylinder.024
Fra:1 Mem:40.78M (Peak 40.78M) | Time:00:00.01 | Mem:0.00M, Peak:0.00M | Scene, ViewLayer | Synchronizing object | geometry_0_cylinder.025
Fra:1 Mem:40.83M (Peak 40.83M) | Time:00:00.01 | Mem:0.00M, Peak:0.00M | Scene, ViewLayer | Synchronizing object | geometry_0_cylinder.038
Fra:1 Mem:40.82M (Peak 40.83M) | Time:00:00.01 | Mem:0.00M, Peak:0.00M | Scene, ViewLayer | Synchronizing object | geometry_0_cylinder.039
Fra:1 Mem:40.73M (Peak 40.83M) | Time:00:00.01 | Mem:0.00M, Peak:0.00M | Scene, ViewLayer | Synchronizing object | geometry_0_cylinder.040
Fra:1 Mem:40.74M (Peak 40.83M) | Time:00:00.01 | Mem:0.00M, Peak:0.00M | Scene, ViewLayer | Synchronizing object | geometry_0_cylinder.029
Fra:1 Mem:41.11M (Peak 41.11M) | Time:00:00.01 | Mem:0.00M, Peak:0.00M | Scene, ViewLayer | Synchronizing object | geometry_0_cylinder.030
Fra:1 Mem:41.20M (Peak 41.20M) | Time:00:00.01 | Mem:0.00M, Peak:0.00M | Scene, ViewLayer | Synchronizing object | geometry_0_cylinder.031
Fra:1 Mem:41.19M (Peak 41.20M) | Time:00:00.01 | Mem:0.00M, Peak:0.00M | Scene, ViewLayer | Synchronizing object | geometry_0_cylinder.032
Fra:1 Mem:41.04M (Peak 41.20M) | Time:00:00.01 | Mem:0.00M, Peak:0.00M | Scene, ViewLayer | Synchronizing object | geometry_0_cylinder.033
Fra:1 Mem:40.97M (Peak 41.20M) | Time:00:00.01 | Mem:0.00M, Peak:0.00M | Scene, ViewLayer | Synchronizing object | geometry_0_cylinder.034
Fra:1 Mem:40.95M (Peak 41.20M) | Time:00:00.01 | Mem:0.00M, Peak:0.00M | Scene, ViewLayer | Synchronizing object | geometry_0_cylinder.035
Fra:1 Mem:40.94M (Peak 41.20M) | Time:00:00.01 | Mem:0.00M, Peak:0.00M | Scene, ViewLayer | Synchronizing object | geometry_0_cylinder
Fra:1 Mem:41.00M (Peak 41.20M) | Time:00:00.01 | Mem:0.00M, Peak:0.00M | Scene, ViewLayer | Synchronizing object | geometry_0_cylinder.036
Fra:1 Mem:41.00M (Peak 41.20M) | Time:00:00.01 | Mem:0.00M, Peak:0.00M | Scene, ViewLayer | Synchronizing object | geometry_0_cylinder.037
Fra:1 Mem:41.02M (Peak 41.20M) | Time:00:00.01 | Mem:0.00M, Peak:0.00M | Scene, ViewLayer | Synchronizing object | geometry_0_cylinder.015
Fra:1 Mem:41.02M (Peak 41.20M) | Time:00:00.01 | Mem:0.00M, Peak:0.00M | Scene, ViewLayer | Synchronizing object | geometry_0_cylinder.041
Fra:1 Mem:41.04M (Peak 41.20M) | Time:00:00.01 | Mem:0.00M, Peak:0.00M | Scene, ViewLayer | Synchronizing object | geometry_0_cylinder.042
Fra:1 Mem:41.06M (Peak 41.20M) | Time:00:00.01 | Mem:0.00M, Peak:0.00M | Scene, ViewLayer | Synchronizing object | geometry_0_cylinder.014
Fra:1 Mem:41.08M (Peak 41.20M) | Time:00:00.01 | Mem:0.00M, Peak:0.00M | Scene, ViewLayer | Synchronizing object | geometry_0_cylinder.058
Fra:1 Mem:41.14M (Peak 41.20M) | Time:00:00.01 | Mem:0.00M, Peak:0.00M | Scene, ViewLayer | Synchronizing object | geometry_0_cylinder.013
Fra:1 Mem:41.12M (Peak 41.20M) | Time:00:00.01 | Mem:0.00M, Peak:0.00M | Scene, ViewLayer | Synchronizing object | geometry_0_cylinder.055
Fra:1 Mem:41.25M (Peak 41.25M) | Time:00:00.01 | Mem:0.00M, Peak:0.00M | Scene, ViewLayer | Synchronizing object | geometry_0_cylinder.009
Fra:1 Mem:41.30M (Peak 41.30M) | Time:00:00.01 | Mem:0.00M, Peak:0.00M | Scene, ViewLayer | Synchronizing object | geometry_0_cylinder.056
Fra:1 Mem:41.25M (Peak 41.30M) | Time:00:00.01 | Mem:0.00M, Peak:0.00M | Scene, ViewLayer | Synchronizing object | geometry_0_cylinder.012
Fra:1 Mem:41.34M (Peak 41.34M) | Time:00:00.01 | Mem:0.00M, Peak:0.00M | Scene, ViewLayer | Synchronizing object | geometry_0_cylinder.057
Fra:1 Mem:41.38M (Peak 41.38M) | Time:00:00.01 | Mem:0.00M, Peak:0.00M | Scene, ViewLayer | Synchronizing object | geometry_0_cylinder.047
Fra:1 Mem:41.36M (Peak 41.38M) | Time:00:00.01 | Mem:0.00M, Peak:0.00M | Scene, ViewLayer | Synchronizing object | geometry_0_cylinder.011
Fra:1 Mem:41.49M (Peak 41.49M) | Time:00:00.01 | Mem:0.00M, Peak:0.00M | Scene, ViewLayer | Synchronizing object | geometry_0_cylinder.048
Fra:1 Mem:41.44M (Peak 41.49M) | Time:00:00.01 | Mem:0.00M, Peak:0.00M | Scene, ViewLayer | Synchronizing object | geometry_0_cylinder.049
Fra:1 Mem:41.44M (Peak 41.49M) | Time:00:00.01 | Mem:0.00M, Peak:0.00M | Scene, ViewLayer | Synchronizing object | geometry_0_cylinder.010
Fra:1 Mem:41.55M (Peak 41.55M) | Time:00:00.01 | Mem:0.00M, Peak:0.00M | Scene, ViewLayer | Synchronizing object | geometry_0_cylinder.050
Fra:1 Mem:41.60M (Peak 41.60M) | Time:00:00.01 | Mem:0.00M, Peak:0.00M | Scene, ViewLayer | Synchronizing object | geometry_0_cylinder.005
Fra:1 Mem:41.69M (Peak 41.69M) | Time:00:00.01 | Mem:0.00M, Peak:0.00M | Scene, ViewLayer | Synchronizing object | geometry_0_cylinder.051
Fra:1 Mem:41.60M (Peak 41.69M) | Time:00:00.01 | Mem:0.00M, Peak:0.00M | Scene, ViewLayer | Synchronizing object | geometry_0_cylinder.052
Fra:1 Mem:41.61M (Peak 41.69M) | Time:00:00.01 | Mem:0.00M, Peak:0.00M | Scene, ViewLayer | Synchronizing object | geometry_0_cylinder.008
Fra:1 Mem:41.73M (Peak 41.73M) | Time:00:00.01 | Mem:0.00M, Peak:0.00M | Scene, ViewLayer | Synchronizing object | geometry_0_cylinder.007
Fra:1 Mem:41.70M (Peak 41.73M) | Time:00:00.01 | Mem:0.00M, Peak:0.00M | Scene, ViewLayer | Synchronizing object | geometry_0_cylinder.053
Fra:1 Mem:41.72M (Peak 41.73M) | Time:00:00.01 | Mem:0.00M, Peak:0.00M | Scene, ViewLayer | Synchronizing object | geometry_0_cylinder.054
Fra:1 Mem:41.83M (Peak 41.83M) | Time:00:00.01 | Mem:0.00M, Peak:0.00M | Scene, ViewLayer | Synchronizing object | geometry_0_cylinder.006
Fra:1 Mem:41.82M (Peak 41.83M) | Time:00:00.01 | Mem:0.00M, Peak:0.00M | Scene, ViewLayer | Synchronizing object | geometry_0_cylinder.060
Fra:1 Mem:41.82M (Peak 41.83M) | Time:00:00.01 | Mem:0.00M, Peak:0.00M | Scene, ViewLayer | Synchronizing object | geometry_0_cylinder.001
Fra:1 Mem:41.79M (Peak 41.83M) | Time:00:00.01 | Mem:0.00M, Peak:0.00M | Scene, ViewLayer | Synchronizing object | geometry_0_cylinder.061
Fra:1 Mem:41.81M (Peak 41.83M) | Time:00:00.01 | Mem:0.00M, Peak:0.00M | Scene, ViewLayer | Synchronizing object | geometry_0_cylinder.062
Fra:1 Mem:41.90M (Peak 41.90M) | Time:00:00.01 | Mem:0.00M, Peak:0.00M | Scene, ViewLayer | Synchronizing object | geometry_0_cylinder.063
Fra:1 Mem:41.91M (Peak 41.91M) | Time:00:00.01 | Mem:0.00M, Peak:0.00M | Scene, ViewLayer | Synchronizing object | geometry_0_cylinder.004
Fra:1 Mem:41.89M (Peak 41.91M) | Time:00:00.01 | Mem:0.00M, Peak:0.00M | Scene, ViewLayer | Synchronizing object | geometry_0_cylinder.064
Fra:1 Mem:41.89M (Peak 41.91M) | Time:00:00.01 | Mem:0.00M, Peak:0.00M | Scene, ViewLayer | Synchronizing object | geometry_0_cylinder.065
Fra:1 Mem:41.98M (Peak 41.98M) | Time:00:00.01 | Mem:0.00M, Peak:0.00M | Scene, ViewLayer | Synchronizing object | geometry_0_cylinder.003
Fra:1 Mem:41.92M (Peak 41.98M) | Time:00:00.01 | Mem:0.00M, Peak:0.00M | Scene, ViewLayer | Synchronizing object | geometry_0_cylinder.066
Fra:1 Mem:41.95M (Peak 41.98M) | Time:00:00.01 | Mem:0.00M, Peak:0.00M | Scene, ViewLayer | Synchronizing object | geometry_0_cylinder.067
Fra:1 Mem:42.04M (Peak 42.04M) | Time:00:00.01 | Mem:0.00M, Peak:0.00M | Scene, ViewLayer | Synchronizing object | geometry_0_cylinder.002
Fra:1 Mem:41.97M (Peak 42.04M) | Time:00:00.01 | Mem:0.00M, Peak:0.00M | Scene, ViewLayer | Synchronizing object | geometry_0_cylinder.068
Fra:1 Mem:42.02M (Peak 42.04M) | Time:00:00.01 | Mem:0.00M, Peak:0.00M | Scene, ViewLayer | Synchronizing object | geometry_0_cylinder.069
Fra:1 Mem:42.07M (Peak 42.07M) | Time:00:00.01 | Mem:0.00M, Peak:0.00M | Scene, ViewLayer | Synchronizing object | geometry_0_cylinder.070
Fra:1 Mem:42.07M (Peak 42.07M) | Time:00:00.01 | Mem:0.00M, Peak:0.00M | Scene, ViewLayer | Synchronizing object | geometry_0_cylinder.045
Fra:1 Mem:42.12M (Peak 42.12M) | Time:00:00.01 | Mem:0.00M, Peak:0.00M | Scene, ViewLayer | Synchronizing object | geometry_0_cylinder.071
Fra:1 Mem:42.12M (Peak 42.12M) | Time:00:00.01 | Mem:0.00M, Peak:0.00M | Scene, ViewLayer | Synchronizing object | geometry_0_cylinder.072
Fra:1 Mem:42.16M (Peak 42.16M) | Time:00:00.01 | Mem:0.00M, Peak:0.00M | Scene, ViewLayer | Synchronizing object | geometry_0_cylinder.059
Fra:1 Mem:42.17M (Peak 42.17M) | Time:00:00.01 | Mem:0.00M, Peak:0.00M | Scene, ViewLayer | Synchronizing object | geometry_0_cylinder.073
Fra:1 Mem:42.14M (Peak 42.17M) | Time:00:00.01 | Mem:0.00M, Peak:0.00M | Scene, ViewLayer | Synchronizing object | geometry_0_cylinder.074
Fra:1 Mem:42.15M (Peak 42.17M) | Time:00:00.01 | Mem:0.00M, Peak:0.00M | Scene, ViewLayer | Synchronizing object | geometry_0_cylinder.107
Fra:1 Mem:42.20M (Peak 42.20M) | Time:00:00.01 | Mem:0.00M, Peak:0.00M | Scene, ViewLayer | Synchronizing object | geometry_0_cylinder.075
Fra:1 Mem:42.27M (Peak 42.27M) | Time:00:00.01 | Mem:0.00M, Peak:0.00M | Scene, ViewLayer | Synchronizing object | geometry_0_cylinder.076
Fra:1 Mem:42.25M (Peak 42.27M) | Time:00:00.01 | Mem:0.00M, Peak:0.00M | Scene, ViewLayer | Synchronizing object | geometry_0_cylinder.077
Fra:1 Mem:42.25M (Peak 42.27M) | Time:00:00.01 | Mem:0.00M, Peak:0.00M | Scene, ViewLayer | Synchronizing object | geometry_0_cylinder.106
Fra:1 Mem:42.30M (Peak 42.30M) | Time:00:00.01 | Mem:0.00M, Peak:0.00M | Scene, ViewLayer | Synchronizing object | geometry_0_cylinder.078
Fra:1 Mem:42.32M (Peak 42.32M) | Time:00:00.01 | Mem:0.00M, Peak:0.00M | Scene, ViewLayer | Synchronizing object | geometry_0_cylinder.079
Fra:1 Mem:42.34M (Peak 42.34M) | Time:00:00.01 | Mem:0.00M, Peak:0.00M | Scene, ViewLayer | Synchronizing object | geometry_0_cylinder.105
Fra:1 Mem:42.33M (Peak 42.34M) | Time:00:00.01 | Mem:0.00M, Peak:0.00M | Scene, ViewLayer | Synchronizing object | geometry_0_cylinder.080
Fra:1 Mem:42.32M (Peak 42.34M) | Time:00:00.01 | Mem:0.00M, Peak:0.00M | Scene, ViewLayer | Synchronizing object | geometry_0_cylinder.082
Fra:1 Mem:42.33M (Peak 42.34M) | Time:00:00.01 | Mem:0.00M, Peak:0.00M | Scene, ViewLayer | Synchronizing object | geometry_0_cylinder.104
Fra:1 Mem:42.43M (Peak 42.43M) | Time:00:00.01 | Mem:0.00M, Peak:0.00M | Scene, ViewLayer | Synchronizing object | geometry_0_cylinder.083
Fra:1 Mem:42.41M (Peak 42.43M) | Time:00:00.01 | Mem:0.00M, Peak:0.00M | Scene, ViewLayer | Synchronizing object | geometry_0_cylinder.084
Fra:1 Mem:42.42M (Peak 42.43M) | Time:00:00.01 | Mem:0.00M, Peak:0.00M | Scene, ViewLayer | Synchronizing object | geometry_0_cylinder.103
Fra:1 Mem:42.46M (Peak 42.46M) | Time:00:00.01 | Mem:0.00M, Peak:0.00M | Scene, ViewLayer | Synchronizing object | geometry_0_cylinder.085
Fra:1 Mem:42.50M (Peak 42.50M) | Time:00:00.01 | Mem:0.00M, Peak:0.00M | Scene, ViewLayer | Synchronizing object | geometry_0_cylinder.086
Fra:1 Mem:42.49M (Peak 42.50M) | Time:00:00.01 | Mem:0.00M, Peak:0.00M | Scene, ViewLayer | Synchronizing object | geometry_0_cylinder.087
Fra:1 Mem:42.58M (Peak 42.58M) | Time:00:00.01 | Mem:0.00M, Peak:0.00M | Scene, ViewLayer | Synchronizing object | geometry_0_cylinder.088
Fra:1 Mem:42.57M (Peak 42.58M) | Time:00:00.01 | Mem:0.00M, Peak:0.00M | Scene, ViewLayer | Synchronizing object | geometry_0_cylinder.101
Fra:1 Mem:42.53M (Peak 42.58M) | Time:00:00.01 | Mem:0.00M, Peak:0.00M | Scene, ViewLayer | Synchronizing object | geometry_0_cylinder.089
Fra:1 Mem:42.58M (Peak 42.58M) | Time:00:00.01 | Mem:0.00M, Peak:0.00M | Scene, ViewLayer | Synchronizing object | geometry_0_cylinder.090
Fra:1 Mem:42.69M (Peak 42.69M) | Time:00:00.01 | Mem:0.00M, Peak:0.00M | Scene, ViewLayer | Synchronizing object | geometry_0_cylinder.100
Fra:1 Mem:42.59M (Peak 42.69M) | Time:00:00.01 | Mem:0.00M, Peak:0.00M | Scene, ViewLayer | Synchronizing object | geometry_0_cylinder.091
Fra:1 Mem:42.62M (Peak 42.69M) | Time:00:00.01 | Mem:0.00M, Peak:0.00M | Scene, ViewLayer | Synchronizing object | geometry_0_cylinder.092
Fra:1 Mem:42.70M (Peak 42.70M) | Time:00:00.01 | Mem:0.00M, Peak:0.00M | Scene, ViewLayer | Synchronizing object | geometry_0_cylinder.093
Fra:1 Mem:42.73M (Peak 42.73M) | Time:00:00.01 | Mem:0.00M, Peak:0.00M | Scene, ViewLayer | Synchronizing object | geometry_0_cylinder.099
Fra:1 Mem:42.74M (Peak 42.74M) | Time:00:00.01 | Mem:0.00M, Peak:0.00M | Scene, ViewLayer | Synchronizing object | geometry_0_cylinder.094
Fra:1 Mem:42.71M (Peak 42.74M) | Time:00:00.01 | Mem:0.00M, Peak:0.00M | Scene, ViewLayer | Synchronizing object | geometry_0_cylinder.095
Fra:1 Mem:42.81M (Peak 42.81M) | Time:00:00.01 | Mem:0.00M, Peak:0.00M | Scene, ViewLayer | Synchronizing object | geometry_0_cylinder.098
Fra:1 Mem:42.75M (Peak 42.81M) | Time:00:00.01 | Mem:0.00M, Peak:0.00M | Scene, ViewLayer | Synchronizing object | geometry_0_cylinder.096
Fra:1 Mem:42.76M (Peak 42.81M) | Time:00:00.01 | Mem:0.00M, Peak:0.00M | Scene, ViewLayer | Synchronizing object | geometry_0_cylinder.097
Fra:1 Mem:42.78M (Peak 42.81M) | Time:00:00.01 | Mem:0.00M, Peak:0.00M | Scene, ViewLayer | Initializing
Fra:1 Mem:32.96M (Peak 42.81M) | Time:00:00.02 | Mem:0.00M, Peak:0.00M | Scene, ViewLayer | Waiting for render to start
Fra:1 Mem:32.96M (Peak 42.81M) | Time:00:00.02 | Mem:0.00M, Peak:0.00M | Scene, ViewLayer | Loading render kernels (may take a few minutes the first time)
Fra:1 Mem:32.96M (Peak 42.81M) | Time:00:00.02 | Mem:0.00M, Peak:0.00M | Scene, ViewLayer | Updating Scene
Fra:1 Mem:32.96M (Peak 42.81M) | Time:00:00.02 | Mem:0.00M, Peak:0.00M | Scene, ViewLayer | Updating Shaders
Fra:1 Mem:33.11M (Peak 42.81M) | Time:00:00.02 | Mem:0.07M, Peak:0.07M | Scene, ViewLayer | Updating Procedurals
Fra:1 Mem:33.11M (Peak 42.81M) | Time:00:00.02 | Mem:0.07M, Peak:0.07M | Scene, ViewLayer | Updating Background
Fra:1 Mem:33.11M (Peak 42.81M) | Time:00:00.02 | Mem:0.07M, Peak:0.07M | Scene, ViewLayer | Updating Camera
Fra:1 Mem:33.11M (Peak 42.81M) | Time:00:00.02 | Mem:0.07M, Peak:0.07M | Scene, ViewLayer | Updating Meshes Flags
Fra:1 Mem:33.11M (Peak 42.81M) | Time:00:00.02 | Mem:0.07M, Peak:0.07M | Scene, ViewLayer | Updating Objects
Fra:1 Mem:33.11M (Peak 42.81M) | Time:00:00.02 | Mem:0.07M, Peak:0.07M | Scene, ViewLayer | Updating Objects | Copying Transformations to device
Fra:1 Mem:33.14M (Peak 42.81M) | Time:00:00.02 | Mem:0.09M, Peak:0.09M | Scene, ViewLayer | Updating Objects | Applying Static Transformations
Fra:1 Mem:33.14M (Peak 42.81M) | Time:00:00.02 | Mem:0.09M, Peak:0.09M | Scene, ViewLayer | Updating Particle Systems
Fra:1 Mem:33.14M (Peak 42.81M) | Time:00:00.02 | Mem:0.09M, Peak:0.09M | Scene, ViewLayer | Updating Particle Systems | Copying Particles to device
Fra:1 Mem:33.14M (Peak 42.81M) | Time:00:00.02 | Mem:0.09M, Peak:0.09M | Scene, ViewLayer | Updating Meshes
Fra:1 Mem:33.38M (Peak 42.81M) | Time:00:00.02 | Mem:0.09M, Peak:0.09M | Scene, ViewLayer | Updating Mesh | Computing attributes
Fra:1 Mem:33.95M (Peak 42.81M) | Time:00:00.02 | Mem:0.10M, Peak:0.10M | Scene, ViewLayer | Updating Mesh | Copying Attributes to device
Fra:1 Mem:33.93M (Peak 42.81M) | Time:00:00.02 | Mem:0.65M, Peak:0.65M | Scene, ViewLayer | Updating Scene BVH | Building
Fra:1 Mem:33.93M (Peak 42.81M) | Time:00:00.02 | Mem:0.65M, Peak:0.65M | Scene, ViewLayer | Updating Scene BVH | Building BVH
Fra:1 Mem:33.93M (Peak 42.81M) | Time:00:00.02 | Mem:1.13M, Peak:1.13M | Scene, ViewLayer | Updating Scene BVH | Building BVH 0%
Fra:1 Mem:33.93M (Peak 42.81M) | Time:00:00.02 | Mem:1.67M, Peak:2.15M | Scene, ViewLayer | Updating Scene BVH | Copying BVH to device
Fra:1 Mem:33.93M (Peak 42.81M) | Time:00:00.02 | Mem:1.67M, Peak:2.15M | Scene, ViewLayer | Updating Mesh | Computing normals
Fra:1 Mem:35.69M (Peak 42.81M) | Time:00:00.02 | Mem:1.67M, Peak:2.15M | Scene, ViewLayer | Updating Mesh | Copying Mesh to device
Fra:1 Mem:35.69M (Peak 42.81M) | Time:00:00.02 | Mem:3.43M, Peak:3.43M | Scene, ViewLayer | Updating Objects Flags
Fra:1 Mem:35.69M (Peak 42.81M) | Time:00:00.02 | Mem:3.43M, Peak:3.43M | Scene, ViewLayer | Updating Primitive Offsets
Fra:1 Mem:35.69M (Peak 42.81M) | Time:00:00.02 | Mem:3.43M, Peak:3.43M | Scene, ViewLayer | Updating Images
Fra:1 Mem:35.69M (Peak 42.81M) | Time:00:00.02 | Mem:3.43M, Peak:3.43M | Scene, ViewLayer | Updating Camera Volume
Fra:1 Mem:35.69M (Peak 42.81M) | Time:00:00.02 | Mem:3.43M, Peak:3.43M | Scene, ViewLayer | Updating Lookup Tables
Fra:1 Mem:35.69M (Peak 42.81M) | Time:00:00.02 | Mem:3.51M, Peak:3.51M | Scene, ViewLayer | Updating Lights
Fra:1 Mem:35.69M (Peak 42.81M) | Time:00:00.02 | Mem:3.51M, Peak:3.51M | Scene, ViewLayer | Updating Lights | Computing distribution
Fra:1 Mem:35.69M (Peak 42.81M) | Time:00:00.02 | Mem:3.51M, Peak:3.51M | Scene, ViewLayer | Updating Lights | Computing tree
Fra:1 Mem:35.70M (Peak 42.81M) | Time:00:00.02 | Mem:3.51M, Peak:3.51M | Scene, ViewLayer | Updating Integrator
Fra:1 Mem:36.70M (Peak 42.81M) | Time:00:00.02 | Mem:4.51M, Peak:4.51M | Scene, ViewLayer | Updating Film
Fra:1 Mem:36.70M (Peak 42.81M) | Time:00:00.02 | Mem:4.43M, Peak:4.51M | Scene, ViewLayer | Updating Lookup Tables
Fra:1 Mem:36.70M (Peak 42.81M) | Time:00:00.02 | Mem:4.51M, Peak:4.51M | Scene, ViewLayer | Updating Baking
Fra:1 Mem:36.70M (Peak 42.81M) | Time:00:00.02 | Mem:4.51M, Peak:4.51M | Scene, ViewLayer | Updating Device | Writing constant memory
Fra:1 Mem:36.70M (Peak 42.81M) | Time:00:00.02 | Mem:4.51M, Peak:4.51M | Scene, ViewLayer | Sample 0/24
Fra:1 Mem:86.30M (Peak 86.30M) | Time:00:00.29 | Remaining:00:06.20 | Mem:54.09M, Peak:54.09M | Scene, ViewLayer | Sample 1/24
Fra:1 Mem:107.17M (Peak 138.49M) | Time:00:08.63 | Mem:54.09M, Peak:54.09M | Scene, ViewLayer | Sample 24/24
Fra:1 Mem:107.17M (Peak 138.49M) | Time:00:08.63 | Mem:54.09M, Peak:54.09M | Scene, ViewLayer | Finished
Saved: '/vepfs_default/chanxueyan/lhp/lms/aDSL/temp/core_showcase_20260929/panels/SF21_A_detail.png'
Time: 00:08.70 (Saving: 00:00.07)

PANEL_DONE SF21_A_detail
Fra:1 Mem:26.28M (Peak 26.77M) | Time:00:00.00 | Mem:0.00M, Peak:0.00M | Scene, ViewLayer | Synchronizing object | geometry_0_sphere.002
Fra:1 Mem:26.46M (Peak 26.77M) | Time:00:00.00 | Mem:0.00M, Peak:0.00M | Scene, ViewLayer | Synchronizing object | geometry_0_cube.004
Fra:1 Mem:26.97M (Peak 26.97M) | Time:00:00.00 | Mem:0.00M, Peak:0.00M | Scene, ViewLayer | Synchronizing object | geometry_0_sphere.001
Fra:1 Mem:27.23M (Peak 27.23M) | Time:00:00.00 | Mem:0.00M, Peak:0.00M | Scene, ViewLayer | Synchronizing object | geometry_0_sphere.004
Fra:1 Mem:28.13M (Peak 28.13M) | Time:00:00.00 | Mem:0.00M, Peak:0.00M | Scene, ViewLayer | Synchronizing object | geometry_0_sphere.005
Fra:1 Mem:28.31M (Peak 28.31M) | Time:00:00.00 | Mem:0.00M, Peak:0.00M | Scene, ViewLayer | Synchronizing object | geometry_0_sphere.006
Fra:1 Mem:30.08M (Peak 30.08M) | Time:00:00.00 | Mem:0.00M, Peak:0.00M | Scene, ViewLayer | Synchronizing object | geometry_0_sphere.007
Fra:1 Mem:29.72M (Peak 30.08M) | Time:00:00.00 | Mem:0.00M, Peak:0.00M | Scene, ViewLayer | Synchronizing object | geometry_0_sphere.008
Fra:1 Mem:30.28M (Peak 30.28M) | Time:00:00.00 | Mem:0.00M, Peak:0.00M | Scene, ViewLayer | Synchronizing object | geometry_0_sphere.009
Fra:1 Mem:30.49M (Peak 30.49M) | Time:00:00.00 | Mem:0.00M, Peak:0.00M | Scene, ViewLayer | Synchronizing object | geometry_0_sphere.010
Fra:1 Mem:29.42M (Peak 30.49M) | Time:00:00.00 | Mem:0.00M, Peak:0.00M | Scene, ViewLayer | Synchronizing object | geometry_0_sphere.011
Fra:1 Mem:29.47M (Peak 30.49M) | Time:00:00.00 | Mem:0.00M, Peak:0.00M | Scene, ViewLayer | Synchronizing object | geometry_0_sphere.012
Fra:1 Mem:29.60M (Peak 30.49M) | Time:00:00.00 | Mem:0.00M, Peak:0.00M | Scene, ViewLayer | Synchronizing object | geometry_0_cube.002
Fra:1 Mem:29.61M (Peak 30.49M) | Time:00:00.00 | Mem:0.00M, Peak:0.00M | Scene, ViewLayer | Synchronizing object | geometry_0_cylinder.003
Fra:1 Mem:29.34M (Peak 30.49M) | Time:00:00.00 | Mem:0.00M, Peak:0.00M | Scene, ViewLayer | Synchronizing object | geometry_0_cylinder.002
Fra:1 Mem:30.12M (Peak 30.49M) | Time:00:00.00 | Mem:0.00M, Peak:0.00M | Scene, ViewLayer | Synchronizing object | geometry_0_cylinder.001
Fra:1 Mem:30.40M (Peak 30.49M) | Time:00:00.00 | Mem:0.00M, Peak:0.00M | Scene, ViewLayer | Synchronizing object | geometry_0_cylinder
Fra:1 Mem:29.71M (Peak 30.49M) | Time:00:00.00 | Mem:0.00M, Peak:0.00M | Scene, ViewLayer | Synchronizing object | geometry_0_cube.003
Fra:1 Mem:29.63M (Peak 30.49M) | Time:00:00.00 | Mem:0.00M, Peak:0.00M | Scene, ViewLayer | Synchronizing object | geometry_0_sphere.013
Fra:1 Mem:29.75M (Peak 30.49M) | Time:00:00.00 | Mem:0.00M, Peak:0.00M | Scene, ViewLayer | Synchronizing object | geometry_0_cylinder.005
Fra:1 Mem:30.13M (Peak 30.49M) | Time:00:00.01 | Mem:0.00M, Peak:0.00M | Scene, ViewLayer | Synchronizing object | geometry_0_sphere.014
Fra:1 Mem:30.16M (Peak 30.49M) | Time:00:00.01 | Mem:0.00M, Peak:0.00M | Scene, ViewLayer | Synchronizing object | geometry_0_sphere.015
Fra:1 Mem:31.01M (Peak 31.01M) | Time:00:00.01 | Mem:0.00M, Peak:0.00M | Scene, ViewLayer | Synchronizing object | geometry_0_sphere.016
Fra:1 Mem:31.02M (Peak 31.02M) | Time:00:00.01 | Mem:0.00M, Peak:0.00M | Scene, ViewLayer | Synchronizing object | geometry_0_sphere
Fra:1 Mem:31.10M (Peak 31.10M) | Time:00:00.01 | Mem:0.00M, Peak:0.00M | Scene, ViewLayer | Synchronizing object | geometry_0_cube.007
Fra:1 Mem:31.18M (Peak 31.18M) | Time:00:00.01 | Mem:0.00M, Peak:0.00M | Scene, ViewLayer | Synchronizing object | geometry_0_cube.006
Fra:1 Mem:31.30M (Peak 31.30M) | Time:00:00.01 | Mem:0.00M, Peak:0.00M | Scene, ViewLayer | Synchronizing object | geometry_0_cube.005
Fra:1 Mem:31.09M (Peak 31.30M) | Time:00:00.01 | Mem:0.00M, Peak:0.00M | Scene, ViewLayer | Synchronizing object | geometry_0_sphere.003
Fra:1 Mem:30.75M (Peak 31.30M) | Time:00:00.01 | Mem:0.00M, Peak:0.00M | Scene, ViewLayer | Initializing
Fra:1 Mem:27.14M (Peak 31.30M) | Time:00:00.01 | Mem:0.00M, Peak:0.00M | Scene, ViewLayer | Waiting for render to start
Fra:1 Mem:27.14M (Peak 31.30M) | Time:00:00.01 | Mem:0.00M, Peak:0.00M | Scene, ViewLayer | Loading render kernels (may take a few minutes the first time)
Fra:1 Mem:27.14M (Peak 31.30M) | Time:00:00.01 | Mem:0.00M, Peak:0.00M | Scene, ViewLayer | Updating Scene
Fra:1 Mem:27.14M (Peak 31.30M) | Time:00:00.01 | Mem:0.00M, Peak:0.00M | Scene, ViewLayer | Updating Shaders
Fra:1 Mem:27.24M (Peak 31.30M) | Time:00:00.01 | Mem:0.02M, Peak:0.02M | Scene, ViewLayer | Updating Procedurals
Fra:1 Mem:27.24M (Peak 31.30M) | Time:00:00.01 | Mem:0.02M, Peak:0.02M | Scene, ViewLayer | Updating Background
Fra:1 Mem:27.24M (Peak 31.30M) | Time:00:00.01 | Mem:0.02M, Peak:0.02M | Scene, ViewLayer | Updating Camera
Fra:1 Mem:27.24M (Peak 31.30M) | Time:00:00.01 | Mem:0.02M, Peak:0.02M | Scene, ViewLayer | Updating Meshes Flags
Fra:1 Mem:27.24M (Peak 31.30M) | Time:00:00.01 | Mem:0.02M, Peak:0.02M | Scene, ViewLayer | Updating Objects
Fra:1 Mem:27.24M (Peak 31.30M) | Time:00:00.01 | Mem:0.02M, Peak:0.02M | Scene, ViewLayer | Updating Objects | Copying Transformations to device
Fra:1 Mem:27.25M (Peak 31.30M) | Time:00:00.01 | Mem:0.02M, Peak:0.02M | Scene, ViewLayer | Updating Objects | Applying Static Transformations
Fra:1 Mem:27.25M (Peak 31.30M) | Time:00:00.01 | Mem:0.02M, Peak:0.02M | Scene, ViewLayer | Updating Particle Systems
Fra:1 Mem:27.25M (Peak 31.30M) | Time:00:00.01 | Mem:0.02M, Peak:0.02M | Scene, ViewLayer | Updating Particle Systems | Copying Particles to device
Fra:1 Mem:27.25M (Peak 31.30M) | Time:00:00.01 | Mem:0.02M, Peak:0.02M | Scene, ViewLayer | Updating Meshes
Fra:1 Mem:27.63M (Peak 31.30M) | Time:00:00.01 | Mem:0.02M, Peak:0.02M | Scene, ViewLayer | Updating Mesh | Computing attributes
Fra:1 Mem:28.51M (Peak 31.30M) | Time:00:00.01 | Mem:0.03M, Peak:0.03M | Scene, ViewLayer | Updating Mesh | Copying Attributes to device
Fra:1 Mem:28.50M (Peak 31.30M) | Time:00:00.01 | Mem:0.89M, Peak:0.89M | Scene, ViewLayer | Updating Scene BVH | Building
Fra:1 Mem:28.50M (Peak 31.30M) | Time:00:00.01 | Mem:0.89M, Peak:0.89M | Scene, ViewLayer | Updating Scene BVH | Building BVH
Fra:1 Mem:28.50M (Peak 31.30M) | Time:00:00.01 | Mem:1.67M, Peak:1.67M | Scene, ViewLayer | Updating Scene BVH | Building BVH 0%
Fra:1 Mem:28.50M (Peak 31.30M) | Time:00:00.01 | Mem:2.59M, Peak:3.36M | Scene, ViewLayer | Updating Scene BVH | Copying BVH to device
Fra:1 Mem:28.50M (Peak 31.30M) | Time:00:00.01 | Mem:2.59M, Peak:3.36M | Scene, ViewLayer | Updating Mesh | Computing normals
Fra:1 Mem:31.30M (Peak 31.30M) | Time:00:00.01 | Mem:2.59M, Peak:3.36M | Scene, ViewLayer | Updating Mesh | Copying Mesh to device
Fra:1 Mem:31.30M (Peak 31.30M) | Time:00:00.01 | Mem:5.39M, Peak:5.39M | Scene, ViewLayer | Updating Objects Flags
Fra:1 Mem:31.30M (Peak 31.30M) | Time:00:00.01 | Mem:5.39M, Peak:5.39M | Scene, ViewLayer | Updating Primitive Offsets
Fra:1 Mem:31.30M (Peak 31.30M) | Time:00:00.01 | Mem:5.39M, Peak:5.39M | Scene, ViewLayer | Updating Images
Fra:1 Mem:31.30M (Peak 31.30M) | Time:00:00.01 | Mem:5.39M, Peak:5.39M | Scene, ViewLayer | Updating Camera Volume
Fra:1 Mem:31.30M (Peak 31.30M) | Time:00:00.01 | Mem:5.39M, Peak:5.39M | Scene, ViewLayer | Updating Lookup Tables
Fra:1 Mem:31.30M (Peak 31.30M) | Time:00:00.01 | Mem:5.47M, Peak:5.47M | Scene, ViewLayer | Updating Lights
Fra:1 Mem:31.30M (Peak 31.30M) | Time:00:00.01 | Mem:5.47M, Peak:5.47M | Scene, ViewLayer | Updating Lights | Computing distribution
Fra:1 Mem:31.30M (Peak 31.30M) | Time:00:00.01 | Mem:5.47M, Peak:5.47M | Scene, ViewLayer | Updating Lights | Computing tree
Fra:1 Mem:31.30M (Peak 31.30M) | Time:00:00.01 | Mem:5.47M, Peak:5.47M | Scene, ViewLayer | Updating Integrator
Fra:1 Mem:32.30M (Peak 32.30M) | Time:00:00.01 | Mem:6.47M, Peak:6.47M | Scene, ViewLayer | Updating Film
Fra:1 Mem:32.31M (Peak 32.31M) | Time:00:00.01 | Mem:6.39M, Peak:6.47M | Scene, ViewLayer | Updating Lookup Tables
Fra:1 Mem:32.31M (Peak 32.31M) | Time:00:00.01 | Mem:6.47M, Peak:6.47M | Scene, ViewLayer | Updating Baking
Fra:1 Mem:32.31M (Peak 32.31M) | Time:00:00.01 | Mem:6.47M, Peak:6.47M | Scene, ViewLayer | Updating Device | Writing constant memory
Fra:1 Mem:32.31M (Peak 32.31M) | Time:00:00.01 | Mem:6.47M, Peak:6.47M | Scene, ViewLayer | Sample 0/24
Fra:1 Mem:81.90M (Peak 81.90M) | Time:00:00.31 | Remaining:00:06.89 | Mem:56.05M, Peak:56.05M | Scene, ViewLayer | Sample 1/24
Fra:1 Mem:102.78M (Peak 134.09M) | Time:00:09.31 | Mem:56.05M, Peak:56.05M | Scene, ViewLayer | Sample 24/24
Fra:1 Mem:102.78M (Peak 134.09M) | Time:00:09.31 | Mem:56.05M, Peak:56.05M | Scene, ViewLayer | Finished
Saved: '/vepfs_default/chanxueyan/lhp/lms/aDSL/temp/core_showcase_20260929/panels/SF06_A.png'
Time: 00:09.38 (Saving: 00:00.06)

Data are loaded, start creating Blender stuff
glTF import finished in 0.07s
PANEL_DONE SF06_A
Fra:1 Mem:80.70M (Peak 80.70M) | Time:00:00.02 | Mem:0.00M, Peak:0.00M | Scene, ViewLayer | Synchronizing object | geometry_0_mesh
Fra:1 Mem:80.70M (Peak 80.70M) | Time:00:00.02 | Mem:0.00M, Peak:0.00M | Scene, ViewLayer | Synchronizing object | geometry_0_cylinder.018
Fra:1 Mem:80.86M (Peak 80.86M) | Time:00:00.02 | Mem:0.00M, Peak:0.00M | Scene, ViewLayer | Synchronizing object | geometry_0_mesh.003
Fra:1 Mem:81.13M (Peak 81.13M) | Time:00:00.02 | Mem:0.00M, Peak:0.00M | Scene, ViewLayer | Synchronizing object | geometry_0_mesh.002
Fra:1 Mem:81.14M (Peak 81.14M) | Time:00:00.02 | Mem:0.00M, Peak:0.00M | Scene, ViewLayer | Synchronizing object | geometry_0_mesh.004
Fra:1 Mem:81.68M (Peak 81.68M) | Time:00:00.02 | Mem:0.00M, Peak:0.00M | Scene, ViewLayer | Synchronizing object | geometry_0_cylinder.088
Fra:1 Mem:81.55M (Peak 81.68M) | Time:00:00.02 | Mem:0.00M, Peak:0.00M | Scene, ViewLayer | Synchronizing object | geometry_0_sphere.006
Fra:1 Mem:81.65M (Peak 81.68M) | Time:00:00.02 | Mem:0.00M, Peak:0.00M | Scene, ViewLayer | Synchronizing object | geometry_0_cylinder.020
Fra:1 Mem:81.55M (Peak 81.68M) | Time:00:00.02 | Mem:0.00M, Peak:0.00M | Scene, ViewLayer | Synchronizing object | geometry_0_cylinder.021
Fra:1 Mem:81.54M (Peak 81.68M) | Time:00:00.02 | Mem:0.00M, Peak:0.00M | Scene, ViewLayer | Synchronizing object | geometry_0_cylinder.022
Fra:1 Mem:81.59M (Peak 81.68M) | Time:00:00.02 | Mem:0.00M, Peak:0.00M | Scene, ViewLayer | Synchronizing object | geometry_0_cylinder.023
Fra:1 Mem:81.41M (Peak 81.68M) | Time:00:00.02 | Mem:0.00M, Peak:0.00M | Scene, ViewLayer | Synchronizing object | geometry_0_cylinder.024
Fra:1 Mem:81.48M (Peak 81.68M) | Time:00:00.02 | Mem:0.00M, Peak:0.00M | Scene, ViewLayer | Synchronizing object | geometry_0_cylinder.025
Fra:1 Mem:81.84M (Peak 81.84M) | Time:00:00.02 | Mem:0.00M, Peak:0.00M | Scene, ViewLayer | Synchronizing object | geometry_0_cylinder.026
Fra:1 Mem:81.87M (Peak 81.87M) | Time:00:00.02 | Mem:0.00M, Peak:0.00M | Scene, ViewLayer | Synchronizing object | geometry_0_cylinder.027
Fra:1 Mem:81.92M (Peak 81.92M) | Time:00:00.02 | Mem:0.00M, Peak:0.00M | Scene, ViewLayer | Synchronizing object | geometry_0_cylinder.028
Fra:1 Mem:81.98M (Peak 81.98M) | Time:00:00.02 | Mem:0.00M, Peak:0.00M | Scene, ViewLayer | Synchronizing object | geometry_0_cylinder.029
Fra:1 Mem:82.05M (Peak 82.05M) | Time:00:00.02 | Mem:0.00M, Peak:0.00M | Scene, ViewLayer | Synchronizing object | geometry_0_cylinder.030
Fra:1 Mem:81.83M (Peak 82.05M) | Time:00:00.03 | Mem:0.00M, Peak:0.00M | Scene, ViewLayer | Synchronizing object | geometry_0_cylinder.031
Fra:1 Mem:81.79M (Peak 82.05M) | Time:00:00.03 | Mem:0.00M, Peak:0.00M | Scene, ViewLayer | Synchronizing object | geometry_0_cylinder.032
Fra:1 Mem:81.76M (Peak 82.05M) | Time:00:00.03 | Mem:0.00M, Peak:0.00M | Scene, ViewLayer | Synchronizing object | geometry_0_sphere.005
Fra:1 Mem:81.80M (Peak 82.05M) | Time:00:00.03 | Mem:0.00M, Peak:0.00M | Scene, ViewLayer | Synchronizing object | geometry_0_cylinder.033
Fra:1 Mem:82.00M (Peak 82.05M) | Time:00:00.03 | Mem:0.00M, Peak:0.00M | Scene, ViewLayer | Synchronizing object | geometry_0_cylinder.034
Fra:1 Mem:81.99M (Peak 82.05M) | Time:00:00.03 | Mem:0.00M, Peak:0.00M | Scene, ViewLayer | Synchronizing object | geometry_0_cylinder.035
Fra:1 Mem:82.05M (Peak 82.05M) | Time:00:00.03 | Mem:0.00M, Peak:0.00M | Scene, ViewLayer | Synchronizing object | geometry_0_cylinder.036
Fra:1 Mem:82.04M (Peak 82.05M) | Time:00:00.03 | Mem:0.00M, Peak:0.00M | Scene, ViewLayer | Synchronizing object | geometry_0_cylinder.037
Fra:1 Mem:81.95M (Peak 82.05M) | Time:00:00.03 | Mem:0.00M, Peak:0.00M | Scene, ViewLayer | Synchronizing object | geometry_0_cylinder.038
Fra:1 Mem:81.97M (Peak 82.05M) | Time:00:00.03 | Mem:0.00M, Peak:0.00M | Scene, ViewLayer | Synchronizing object | geometry_0_cylinder.039
Fra:1 Mem:82.36M (Peak 82.36M) | Time:00:00.03 | Mem:0.00M, Peak:0.00M | Scene, ViewLayer | Synchronizing object | geometry_0_cylinder.040
Fra:1 Mem:82.34M (Peak 82.36M) | Time:00:00.03 | Mem:0.00M, Peak:0.00M | Scene, ViewLayer | Synchronizing object | geometry_0_cylinder.041
Fra:1 Mem:82.43M (Peak 82.43M) | Time:00:00.03 | Mem:0.00M, Peak:0.00M | Scene, ViewLayer | Synchronizing object | geometry_0_cylinder.042
Fra:1 Mem:82.57M (Peak 82.57M) | Time:00:00.03 | Mem:0.00M, Peak:0.00M | Scene, ViewLayer | Synchronizing object | geometry_0_cylinder.043
Fra:1 Mem:82.33M (Peak 82.57M) | Time:00:00.03 | Mem:0.00M, Peak:0.00M | Scene, ViewLayer | Synchronizing object | geometry_0_cylinder.044
Fra:1 Mem:82.22M (Peak 82.57M) | Time:00:00.03 | Mem:0.00M, Peak:0.00M | Scene, ViewLayer | Synchronizing object | geometry_0_sphere.004
Fra:1 Mem:82.28M (Peak 82.57M) | Time:00:00.03 | Mem:0.00M, Peak:0.00M | Scene, ViewLayer | Synchronizing object | geometry_0_cylinder.045
Fra:1 Mem:82.40M (Peak 82.57M) | Time:00:00.03 | Mem:0.00M, Peak:0.00M | Scene, ViewLayer | Synchronizing object | geometry_0_cylinder.046
Fra:1 Mem:82.44M (Peak 82.57M) | Time:00:00.03 | Mem:0.00M, Peak:0.00M | Scene, ViewLayer | Synchronizing object | geometry_0_cylinder.047
Fra:1 Mem:82.43M (Peak 82.57M) | Time:00:00.03 | Mem:0.00M, Peak:0.00M | Scene, ViewLayer | Synchronizing object | geometry_0_cylinder.048
Fra:1 Mem:82.34M (Peak 82.57M) | Time:00:00.03 | Mem:0.00M, Peak:0.00M | Scene, ViewLayer | Synchronizing object | geometry_0_cylinder.049
Fra:1 Mem:82.33M (Peak 82.57M) | Time:00:00.03 | Mem:0.00M, Peak:0.00M | Scene, ViewLayer | Synchronizing object | geometry_0_cylinder.050
Fra:1 Mem:82.74M (Peak 82.74M) | Time:00:00.03 | Mem:0.00M, Peak:0.00M | Scene, ViewLayer | Synchronizing object | geometry_0_cylinder.051
Fra:1 Mem:82.75M (Peak 82.75M) | Time:00:00.03 | Mem:0.00M, Peak:0.00M | Scene, ViewLayer | Synchronizing object | geometry_0_cylinder.052
Fra:1 Mem:82.85M (Peak 82.85M) | Time:00:00.03 | Mem:0.00M, Peak:0.00M | Scene, ViewLayer | Synchronizing object | geometry_0_cylinder.053
Fra:1 Mem:82.94M (Peak 82.94M) | Time:00:00.03 | Mem:0.00M, Peak:0.00M | Scene, ViewLayer | Synchronizing object | geometry_0_sphere.019
Fra:1 Mem:82.74M (Peak 82.94M) | Time:00:00.03 | Mem:0.00M, Peak:0.00M | Scene, ViewLayer | Synchronizing object | geometry_0_sphere.003
Fra:1 Mem:82.94M (Peak 82.94M) | Time:00:00.03 | Mem:0.00M, Peak:0.00M | Scene, ViewLayer | Synchronizing object | geometry_0_sphere.020
Fra:1 Mem:83.00M (Peak 83.00M) | Time:00:00.03 | Mem:0.00M, Peak:0.00M | Scene, ViewLayer | Synchronizing object | geometry_0_sphere.021
Fra:1 Mem:83.78M (Peak 83.78M) | Time:00:00.03 | Mem:0.00M, Peak:0.00M | Scene, ViewLayer | Synchronizing object | geometry_0_sphere.002
Fra:1 Mem:83.14M (Peak 83.78M) | Time:00:00.03 | Mem:0.00M, Peak:0.00M | Scene, ViewLayer | Synchronizing object | geometry_0_sphere.022
Fra:1 Mem:83.52M (Peak 83.78M) | Time:00:00.03 | Mem:0.00M, Peak:0.00M | Scene, ViewLayer | Synchronizing object | geometry_0_sphere.023
Fra:1 Mem:83.82M (Peak 83.82M) | Time:00:00.03 | Mem:0.00M, Peak:0.00M | Scene, ViewLayer | Synchronizing object | geometry_0_sphere.001
Fra:1 Mem:83.69M (Peak 83.82M) | Time:00:00.03 | Mem:0.00M, Peak:0.00M | Scene, ViewLayer | Synchronizing object | geometry_0_sphere.024
Fra:1 Mem:84.13M (Peak 84.13M) | Time:00:00.03 | Mem:0.00M, Peak:0.00M | Scene, ViewLayer | Synchronizing object | geometry_0_cylinder.005
Fra:1 Mem:84.38M (Peak 84.38M) | Time:00:00.03 | Mem:0.00M, Peak:0.00M | Scene, ViewLayer | Synchronizing object | geometry_0_sphere.025
Fra:1 Mem:84.39M (Peak 84.39M) | Time:00:00.03 | Mem:0.00M, Peak:0.00M | Scene, ViewLayer | Synchronizing object | geometry_0_sphere.026
Fra:1 Mem:84.46M (Peak 84.46M) | Time:00:00.03 | Mem:0.00M, Peak:0.00M | Scene, ViewLayer | Synchronizing object | geometry_0_cylinder.004
Fra:1 Mem:84.77M (Peak 84.77M) | Time:00:00.03 | Mem:0.00M, Peak:0.00M | Scene, ViewLayer | Synchronizing object | geometry_0_cylinder.003
Fra:1 Mem:84.80M (Peak 84.80M) | Time:00:00.03 | Mem:0.00M, Peak:0.00M | Scene, ViewLayer | Synchronizing object | geometry_0_cylinder.002
Fra:1 Mem:84.54M (Peak 84.80M) | Time:00:00.03 | Mem:0.00M, Peak:0.00M | Scene, ViewLayer | Synchronizing object | geometry_0_cylinder.001
Fra:1 Mem:85.31M (Peak 85.31M) | Time:00:00.03 | Mem:0.00M, Peak:0.00M | Scene, ViewLayer | Synchronizing object | geometry_0_cylinder
Fra:1 Mem:85.43M (Peak 85.43M) | Time:00:00.03 | Mem:0.00M, Peak:0.00M | Scene, ViewLayer | Synchronizing object | geometry_0_sphere.018
Fra:1 Mem:85.42M (Peak 85.43M) | Time:00:00.03 | Mem:0.00M, Peak:0.00M | Scene, ViewLayer | Synchronizing object | geometry_0_sphere.027
Fra:1 Mem:85.01M (Peak 85.43M) | Time:00:00.03 | Mem:0.00M, Peak:0.00M | Scene, ViewLayer | Synchronizing object | geometry_0_sphere.028
Fra:1 Mem:85.45M (Peak 85.45M) | Time:00:00.03 | Mem:0.00M, Peak:0.00M | Scene, ViewLayer | Synchronizing object | geometry_0_sphere.017
Fra:1 Mem:85.51M (Peak 85.51M) | Time:00:00.03 | Mem:0.00M, Peak:0.00M | Scene, ViewLayer | Synchronizing object | geometry_0_sphere.029
Fra:1 Mem:85.33M (Peak 85.51M) | Time:00:00.03 | Mem:0.00M, Peak:0.00M | Scene, ViewLayer | Synchronizing object | geometry_0_sphere.030
Fra:1 Mem:85.77M (Peak 85.77M) | Time:00:00.03 | Mem:0.00M, Peak:0.00M | Scene, ViewLayer | Synchronizing object | geometry_0_sphere.016
Fra:1 Mem:86.09M (Peak 86.09M) | Time:00:00.03 | Mem:0.00M, Peak:0.00M | Scene, ViewLayer | Synchronizing object | geometry_0_sphere.031
Fra:1 Mem:85.84M (Peak 86.09M) | Time:00:00.03 | Mem:0.00M, Peak:0.00M | Scene, ViewLayer | Synchronizing object | geometry_0_sphere.032
Fra:1 Mem:86.39M (Peak 86.39M) | Time:00:00.03 | Mem:0.00M, Peak:0.00M | Scene, ViewLayer | Synchronizing object | geometry_0_sphere.033
Fra:1 Mem:86.19M (Peak 86.39M) | Time:00:00.03 | Mem:0.00M, Peak:0.00M | Scene, ViewLayer | Synchronizing object | geometry_0_sphere.015
Fra:1 Mem:86.59M (Peak 86.59M) | Time:00:00.03 | Mem:0.00M, Peak:0.00M | Scene, ViewLayer | Synchronizing object | geometry_0_sphere.034
Fra:1 Mem:86.92M (Peak 86.92M) | Time:00:00.03 | Mem:0.00M, Peak:0.00M | Scene, ViewLayer | Synchronizing object | geometry_0_sphere.014
Fra:1 Mem:87.03M (Peak 87.03M) | Time:00:00.03 | Mem:0.00M, Peak:0.00M | Scene, ViewLayer | Synchronizing object | geometry_0_sphere.035
Fra:1 Mem:87.23M (Peak 87.23M) | Time:00:00.03 | Mem:0.00M, Peak:0.00M | Scene, ViewLayer | Synchronizing object | geometry_0_sphere.036
Fra:1 Mem:87.44M (Peak 87.44M) | Time:00:00.03 | Mem:0.00M, Peak:0.00M | Scene, ViewLayer | Synchronizing object | geometry_0_sphere.013
Fra:1 Mem:87.54M (Peak 87.54M) | Time:00:00.03 | Mem:0.00M, Peak:0.00M | Scene, ViewLayer | Synchronizing object | geometry_0_sphere.037
Fra:1 Mem:87.58M (Peak 87.58M) | Time:00:00.03 | Mem:0.00M, Peak:0.00M | Scene, ViewLayer | Synchronizing object | geometry_0_sphere.038
Fra:1 Mem:88.45M (Peak 88.45M) | Time:00:00.03 | Mem:0.00M, Peak:0.00M | Scene, ViewLayer | Synchronizing object | geometry_0_cylinder.017
Fra:1 Mem:88.37M (Peak 88.45M) | Time:00:00.03 | Mem:0.00M, Peak:0.00M | Scene, ViewLayer | Synchronizing object | geometry_0_cylinder.016
Fra:1 Mem:88.26M (Peak 88.45M) | Time:00:00.03 | Mem:0.00M, Peak:0.00M | Scene, ViewLayer | Synchronizing object | geometry_0_sphere.039
Fra:1 Mem:88.22M (Peak 88.45M) | Time:00:00.03 | Mem:0.00M, Peak:0.00M | Scene, ViewLayer | Synchronizing object | geometry_0_cylinder.015
Fra:1 Mem:88.18M (Peak 88.45M) | Time:00:00.03 | Mem:0.00M, Peak:0.00M | Scene, ViewLayer | Synchronizing object | geometry_0_cylinder.014
Fra:1 Mem:88.04M (Peak 88.45M) | Time:00:00.03 | Mem:0.00M, Peak:0.00M | Scene, ViewLayer | Synchronizing object | geometry_0_cylinder.013
Fra:1 Mem:87.75M (Peak 88.45M) | Time:00:00.03 | Mem:0.00M, Peak:0.00M | Scene, ViewLayer | Synchronizing object | geometry_0_sphere.040
Fra:1 Mem:88.32M (Peak 88.45M) | Time:00:00.03 | Mem:0.00M, Peak:0.00M | Scene, ViewLayer | Synchronizing object | geometry_0_cylinder.012
Fra:1 Mem:88.42M (Peak 88.45M) | Time:00:00.03 | Mem:0.00M, Peak:0.00M | Scene, ViewLayer | Synchronizing object | geometry_0_sphere.012
Fra:1 Mem:88.17M (Peak 88.45M) | Time:00:00.03 | Mem:0.00M, Peak:0.00M | Scene, ViewLayer | Synchronizing object | geometry_0_sphere.041
Fra:1 Mem:88.23M (Peak 88.45M) | Time:00:00.03 | Mem:0.00M, Peak:0.00M | Scene, ViewLayer | Synchronizing object | geometry_0_sphere.042
Fra:1 Mem:89.21M (Peak 89.21M) | Time:00:00.03 | Mem:0.00M, Peak:0.00M | Scene, ViewLayer | Synchronizing object | geometry_0_sphere.011
Fra:1 Mem:89.04M (Peak 89.21M) | Time:00:00.03 | Mem:0.00M, Peak:0.00M | Scene, ViewLayer | Synchronizing object | geometry_0_sphere.043
Fra:1 Mem:89.23M (Peak 89.23M) | Time:00:00.03 | Mem:0.00M, Peak:0.00M | Scene, ViewLayer | Synchronizing object | geometry_0_sphere.044
Fra:1 Mem:89.36M (Peak 89.36M) | Time:00:00.03 | Mem:0.00M, Peak:0.00M | Scene, ViewLayer | Synchronizing object | geometry_0_sphere.010
Fra:1 Mem:89.46M (Peak 89.46M) | Time:00:00.03 | Mem:0.00M, Peak:0.00M | Scene, ViewLayer | Synchronizing object | geometry_0_sphere.045
Fra:1 Mem:89.70M (Peak 89.70M) | Time:00:00.03 | Mem:0.00M, Peak:0.00M | Scene, ViewLayer | Synchronizing object | geometry_0_sphere.046
Fra:1 Mem:89.87M (Peak 89.87M) | Time:00:00.04 | Mem:0.00M, Peak:0.00M | Scene, ViewLayer | Synchronizing object | geometry_0_sphere.009
Fra:1 Mem:89.95M (Peak 89.95M) | Time:00:00.04 | Mem:0.00M, Peak:0.00M | Scene, ViewLayer | Synchronizing object | geometry_0_sphere.047
Fra:1 Mem:90.29M (Peak 90.29M) | Time:00:00.04 | Mem:0.00M, Peak:0.00M | Scene, ViewLayer | Synchronizing object | geometry_0_sphere.048
Fra:1 Mem:90.38M (Peak 90.38M) | Time:00:00.04 | Mem:0.00M, Peak:0.00M | Scene, ViewLayer | Synchronizing object | geometry_0_sphere.008
Fra:1 Mem:90.42M (Peak 90.42M) | Time:00:00.04 | Mem:0.00M, Peak:0.00M | Scene, ViewLayer | Synchronizing object | geometry_0_sphere.049
Fra:1 Mem:90.43M (Peak 90.43M) | Time:00:00.04 | Mem:0.00M, Peak:0.00M | Scene, ViewLayer | Synchronizing object | geometry_0_sphere.050
Fra:1 Mem:90.55M (Peak 90.55M) | Time:00:00.04 | Mem:0.00M, Peak:0.00M | Scene, ViewLayer | Synchronizing object | geometry_0_sphere.007
Fra:1 Mem:90.95M (Peak 90.95M) | Time:00:00.04 | Mem:0.00M, Peak:0.00M | Scene, ViewLayer | Synchronizing object | geometry_0_sphere.051
Fra:1 Mem:91.09M (Peak 91.09M) | Time:00:00.04 | Mem:0.00M, Peak:0.00M | Scene, ViewLayer | Synchronizing object | geometry_0_cylinder.054
Fra:1 Mem:90.84M (Peak 91.09M) | Time:00:00.04 | Mem:0.00M, Peak:0.00M | Scene, ViewLayer | Synchronizing object | geometry_0_cylinder.011
Fra:1 Mem:91.23M (Peak 91.23M) | Time:00:00.04 | Mem:0.00M, Peak:0.00M | Scene, ViewLayer | Synchronizing object | geometry_0_cylinder.055
Fra:1 Mem:91.25M (Peak 91.25M) | Time:00:00.04 | Mem:0.00M, Peak:0.00M | Scene, ViewLayer | Synchronizing object | geometry_0_cylinder.010
Fra:1 Mem:91.34M (Peak 91.34M) | Time:00:00.04 | Mem:0.00M, Peak:0.00M | Scene, ViewLayer | Synchronizing object | geometry_0_cylinder.056
Fra:1 Mem:91.48M (Peak 91.48M) | Time:00:00.04 | Mem:0.00M, Peak:0.00M | Scene, ViewLayer | Synchronizing object | geometry_0_cylinder.009
Fra:1 Mem:91.24M (Peak 91.48M) | Time:00:00.04 | Mem:0.00M, Peak:0.00M | Scene, ViewLayer | Synchronizing object | geometry_0_cylinder.057
Fra:1 Mem:91.11M (Peak 91.48M) | Time:00:00.04 | Mem:0.00M, Peak:0.00M | Scene, ViewLayer | Synchronizing object | geometry_0_cylinder.058
Fra:1 Mem:91.13M (Peak 91.48M) | Time:00:00.04 | Mem:0.00M, Peak:0.00M | Scene, ViewLayer | Synchronizing object | geometry_0_cylinder.008
Fra:1 Mem:91.12M (Peak 91.48M) | Time:00:00.04 | Mem:0.00M, Peak:0.00M | Scene, ViewLayer | Synchronizing object | geometry_0_cylinder.059
Fra:1 Mem:91.16M (Peak 91.48M) | Time:00:00.04 | Mem:0.00M, Peak:0.00M | Scene, ViewLayer | Synchronizing object | geometry_0_cylinder.060
Fra:1 Mem:91.15M (Peak 91.48M) | Time:00:00.04 | Mem:0.00M, Peak:0.00M | Scene, ViewLayer | Synchronizing object | geometry_0_cylinder.007
Fra:1 Mem:91.18M (Peak 91.48M) | Time:00:00.04 | Mem:0.00M, Peak:0.00M | Scene, ViewLayer | Synchronizing object | geometry_0_cylinder.061
Fra:1 Mem:91.26M (Peak 91.48M) | Time:00:00.04 | Mem:0.00M, Peak:0.00M | Scene, ViewLayer | Synchronizing object | geometry_0_cylinder.062
Fra:1 Mem:91.24M (Peak 91.48M) | Time:00:00.04 | Mem:0.00M, Peak:0.00M | Scene, ViewLayer | Synchronizing object | geometry_0_cylinder.006
Fra:1 Mem:91.24M (Peak 91.48M) | Time:00:00.04 | Mem:0.00M, Peak:0.00M | Scene, ViewLayer | Synchronizing object | geometry_0_cylinder.063
Fra:1 Mem:91.33M (Peak 91.48M) | Time:00:00.04 | Mem:0.00M, Peak:0.00M | Scene, ViewLayer | Synchronizing object | geometry_0_cylinder.064
Fra:1 Mem:91.28M (Peak 91.48M) | Time:00:00.04 | Mem:0.00M, Peak:0.00M | Scene, ViewLayer | Synchronizing object | geometry_0_cylinder.093
Fra:1 Mem:91.31M (Peak 91.48M) | Time:00:00.04 | Mem:0.00M, Peak:0.00M | Scene, ViewLayer | Synchronizing object | geometry_0_cylinder.065
Fra:1 Mem:91.42M (Peak 91.48M) | Time:00:00.04 | Mem:0.00M, Peak:0.00M | Scene, ViewLayer | Synchronizing object | geometry_0_cylinder.095
Fra:1 Mem:91.37M (Peak 91.48M) | Time:00:00.04 | Mem:0.00M, Peak:0.00M | Scene, ViewLayer | Synchronizing object | geometry_0_cylinder.066
Fra:1 Mem:91.37M (Peak 91.48M) | Time:00:00.04 | Mem:0.00M, Peak:0.00M | Scene, ViewLayer | Synchronizing object | geometry_0_cylinder.067
Fra:1 Mem:91.45M (Peak 91.48M) | Time:00:00.04 | Mem:0.00M, Peak:0.00M | Scene, ViewLayer | Synchronizing object | geometry_0_cylinder.094
Fra:1 Mem:91.43M (Peak 91.48M) | Time:00:00.04 | Mem:0.00M, Peak:0.00M | Scene, ViewLayer | Synchronizing object | geometry_0_cylinder.068
Fra:1 Mem:91.43M (Peak 91.48M) | Time:00:00.04 | Mem:0.00M, Peak:0.00M | Scene, ViewLayer | Synchronizing object | geometry_0_cylinder.069
Fra:1 Mem:91.57M (Peak 91.57M) | Time:00:00.04 | Mem:0.00M, Peak:0.00M | Scene, ViewLayer | Synchronizing object | geometry_0_cylinder.092
Fra:1 Mem:91.50M (Peak 91.57M) | Time:00:00.04 | Mem:0.00M, Peak:0.00M | Scene, ViewLayer | Synchronizing object | geometry_0_cylinder.070
Fra:1 Mem:91.50M (Peak 91.57M) | Time:00:00.04 | Mem:0.00M, Peak:0.00M | Scene, ViewLayer | Synchronizing object | geometry_0_cylinder.071
Fra:1 Mem:91.60M (Peak 91.60M) | Time:00:00.04 | Mem:0.00M, Peak:0.00M | Scene, ViewLayer | Synchronizing object | geometry_0_cylinder.091
Fra:1 Mem:91.57M (Peak 91.60M) | Time:00:00.04 | Mem:0.00M, Peak:0.00M | Scene, ViewLayer | Synchronizing object | geometry_0_cylinder.072
Fra:1 Mem:91.59M (Peak 91.60M) | Time:00:00.04 | Mem:0.00M, Peak:0.00M | Scene, ViewLayer | Synchronizing object | geometry_0_cylinder.073
Fra:1 Mem:91.60M (Peak 91.60M) | Time:00:00.04 | Mem:0.00M, Peak:0.00M | Scene, ViewLayer | Synchronizing object | geometry_0_mesh.001
Fra:1 Mem:91.76M (Peak 91.76M) | Time:00:00.04 | Mem:0.00M, Peak:0.00M | Scene, ViewLayer | Synchronizing object | geometry_0_cylinder.074
Fra:1 Mem:91.74M (Peak 91.76M) | Time:00:00.04 | Mem:0.00M, Peak:0.00M | Scene, ViewLayer | Synchronizing object | geometry_0_cylinder.075
Fra:1 Mem:91.71M (Peak 91.76M) | Time:00:00.04 | Mem:0.00M, Peak:0.00M | Scene, ViewLayer | Synchronizing object | geometry_0_cylinder.076
Fra:1 Mem:91.72M (Peak 91.76M) | Time:00:00.04 | Mem:0.00M, Peak:0.00M | Scene, ViewLayer | Synchronizing object | geometry_0_cylinder.077
Fra:1 Mem:91.94M (Peak 91.94M) | Time:00:00.04 | Mem:0.00M, Peak:0.00M | Scene, ViewLayer | Synchronizing object | geometry_0_cylinder.078
Fra:1 Mem:91.98M (Peak 91.98M) | Time:00:00.04 | Mem:0.00M, Peak:0.00M | Scene, ViewLayer | Synchronizing object | geometry_0_cylinder.079
Fra:1 Mem:91.85M (Peak 91.98M) | Time:00:00.04 | Mem:0.00M, Peak:0.00M | Scene, ViewLayer | Synchronizing object | geometry_0_cylinder.090
Fra:1 Mem:91.81M (Peak 91.98M) | Time:00:00.04 | Mem:0.00M, Peak:0.00M | Scene, ViewLayer | Synchronizing object | geometry_0_cylinder.080
Fra:1 Mem:91.89M (Peak 91.98M) | Time:00:00.04 | Mem:0.00M, Peak:0.00M | Scene, ViewLayer | Synchronizing object | geometry_0_cylinder.081
Fra:1 Mem:91.91M (Peak 91.98M) | Time:00:00.04 | Mem:0.00M, Peak:0.00M | Scene, ViewLayer | Synchronizing object | geometry_0_cylinder.019
Fra:1 Mem:91.90M (Peak 91.98M) | Time:00:00.04 | Mem:0.00M, Peak:0.00M | Scene, ViewLayer | Synchronizing object | geometry_0_cylinder.082
Fra:1 Mem:92.01M (Peak 92.01M) | Time:00:00.04 | Mem:0.00M, Peak:0.00M | Scene, ViewLayer | Synchronizing object | geometry_0_cylinder.083
Fra:1 Mem:92.01M (Peak 92.01M) | Time:00:00.04 | Mem:0.00M, Peak:0.00M | Scene, ViewLayer | Synchronizing object | geometry_0_cylinder.089
Fra:1 Mem:91.99M (Peak 92.01M) | Time:00:00.04 | Mem:0.00M, Peak:0.00M | Scene, ViewLayer | Synchronizing object | geometry_0_cylinder.084
Fra:1 Mem:92.04M (Peak 92.04M) | Time:00:00.04 | Mem:0.00M, Peak:0.00M | Scene, ViewLayer | Synchronizing object | geometry_0_cylinder.085
Fra:1 Mem:92.04M (Peak 92.04M) | Time:00:00.04 | Mem:0.00M, Peak:0.00M | Scene, ViewLayer | Synchronizing object | geometry_0_sphere
Fra:1 Mem:92.08M (Peak 92.08M) | Time:00:00.04 | Mem:0.00M, Peak:0.00M | Scene, ViewLayer | Synchronizing object | geometry_0_cylinder.086
Fra:1 Mem:92.27M (Peak 92.27M) | Time:00:00.04 | Mem:0.00M, Peak:0.00M | Scene, ViewLayer | Synchronizing object | geometry_0_cylinder.087
Fra:1 Mem:92.27M (Peak 92.27M) | Time:00:00.04 | Mem:0.00M, Peak:0.00M | Scene, ViewLayer | Synchronizing object | geometry_0_sphere.052
Fra:1 Mem:92.33M (Peak 92.33M) | Time:00:00.04 | Mem:0.00M, Peak:0.00M | Scene, ViewLayer | Synchronizing object | geometry_0_sphere.053
Fra:1 Mem:93.19M (Peak 93.19M) | Time:00:00.04 | Mem:0.00M, Peak:0.00M | Scene, ViewLayer | Synchronizing object | geometry_0_sphere.083
Fra:1 Mem:92.94M (Peak 93.19M) | Time:00:00.04 | Mem:0.00M, Peak:0.00M | Scene, ViewLayer | Synchronizing object | geometry_0_sphere.054
Fra:1 Mem:92.97M (Peak 93.19M) | Time:00:00.04 | Mem:0.00M, Peak:0.00M | Scene, ViewLayer | Synchronizing object | geometry_0_sphere.055
Fra:1 Mem:93.68M (Peak 93.68M) | Time:00:00.04 | Mem:0.00M, Peak:0.00M | Scene, ViewLayer | Synchronizing object | geometry_0_sphere.082
Fra:1 Mem:93.66M (Peak 93.68M) | Time:00:00.04 | Mem:0.00M, Peak:0.00M | Scene, ViewLayer | Synchronizing object | geometry_0_sphere.056
Fra:1 Mem:93.37M (Peak 93.68M) | Time:00:00.04 | Mem:0.00M, Peak:0.00M | Scene, ViewLayer | Synchronizing object | geometry_0_sphere.057
Fra:1 Mem:93.91M (Peak 93.91M) | Time:00:00.04 | Mem:0.00M, Peak:0.00M | Scene, ViewLayer | Synchronizing object | geometry_0_sphere.058
Fra:1 Mem:93.72M (Peak 93.91M) | Time:00:00.04 | Mem:0.00M, Peak:0.00M | Scene, ViewLayer | Synchronizing object | geometry_0_sphere.081
Fra:1 Mem:94.26M (Peak 94.26M) | Time:00:00.04 | Mem:0.00M, Peak:0.00M | Scene, ViewLayer | Synchronizing object | geometry_0_sphere.059
Fra:1 Mem:94.00M (Peak 94.26M) | Time:00:00.04 | Mem:0.00M, Peak:0.00M | Scene, ViewLayer | Synchronizing object | geometry_0_sphere.080
Fra:1 Mem:94.56M (Peak 94.56M) | Time:00:00.04 | Mem:0.00M, Peak:0.00M | Scene, ViewLayer | Synchronizing object | geometry_0_sphere.060
Fra:1 Mem:94.57M (Peak 94.57M) | Time:00:00.04 | Mem:0.00M, Peak:0.00M | Scene, ViewLayer | Synchronizing object | geometry_0_sphere.061
Fra:1 Mem:95.06M (Peak 95.06M) | Time:00:00.04 | Mem:0.00M, Peak:0.00M | Scene, ViewLayer | Synchronizing object | geometry_0_sphere.079
Fra:1 Mem:95.07M (Peak 95.07M) | Time:00:00.04 | Mem:0.00M, Peak:0.00M | Scene, ViewLayer | Synchronizing object | geometry_0_sphere.062
Fra:1 Mem:95.08M (Peak 95.08M) | Time:00:00.04 | Mem:0.00M, Peak:0.00M | Scene, ViewLayer | Synchronizing object | geometry_0_sphere.063
Fra:1 Mem:95.56M (Peak 95.56M) | Time:00:00.04 | Mem:0.00M, Peak:0.00M | Scene, ViewLayer | Synchronizing object | geometry_0_sphere.078
Fra:1 Mem:95.23M (Peak 95.56M) | Time:00:00.04 | Mem:0.00M, Peak:0.00M | Scene, ViewLayer | Synchronizing object | geometry_0_sphere.064
Fra:1 Mem:95.27M (Peak 95.56M) | Time:00:00.04 | Mem:0.00M, Peak:0.00M | Scene, ViewLayer | Synchronizing object | geometry_0_sphere.065
Fra:1 Mem:96.22M (Peak 96.22M) | Time:00:00.04 | Mem:0.00M, Peak:0.00M | Scene, ViewLayer | Synchronizing object | geometry_0_sphere.077
Fra:1 Mem:95.79M (Peak 96.22M) | Time:00:00.04 | Mem:0.00M, Peak:0.00M | Scene, ViewLayer | Synchronizing object | geometry_0_sphere.066
Fra:1 Mem:96.10M (Peak 96.22M) | Time:00:00.04 | Mem:0.00M, Peak:0.00M | Scene, ViewLayer | Synchronizing object | geometry_0_sphere.067
Fra:1 Mem:96.50M (Peak 96.50M) | Time:00:00.04 | Mem:0.00M, Peak:0.00M | Scene, ViewLayer | Synchronizing object | geometry_0_sphere.076
Fra:1 Mem:96.25M (Peak 96.50M) | Time:00:00.04 | Mem:0.00M, Peak:0.00M | Scene, ViewLayer | Synchronizing object | geometry_0_sphere.068
Fra:1 Mem:96.65M (Peak 96.65M) | Time:00:00.04 | Mem:0.00M, Peak:0.00M | Scene, ViewLayer | Synchronizing object | geometry_0_sphere.069
Fra:1 Mem:97.01M (Peak 97.01M) | Time:00:00.04 | Mem:0.00M, Peak:0.00M | Scene, ViewLayer | Synchronizing object | geometry_0_sphere.075
Fra:1 Mem:96.76M (Peak 97.01M) | Time:00:00.04 | Mem:0.00M, Peak:0.00M | Scene, ViewLayer | Synchronizing object | geometry_0_sphere.070
Fra:1 Mem:97.21M (Peak 97.21M) | Time:00:00.04 | Mem:0.00M, Peak:0.00M | Scene, ViewLayer | Synchronizing object | geometry_0_sphere.071
Fra:1 Mem:97.51M (Peak 97.51M) | Time:00:00.04 | Mem:0.00M, Peak:0.00M | Scene, ViewLayer | Synchronizing object | geometry_0_sphere.074
Fra:1 Mem:97.22M (Peak 97.51M) | Time:00:00.05 | Mem:0.00M, Peak:0.00M | Scene, ViewLayer | Synchronizing object | geometry_0_sphere.072
Fra:1 Mem:97.75M (Peak 97.75M) | Time:00:00.05 | Mem:0.00M, Peak:0.00M | Scene, ViewLayer | Synchronizing object | geometry_0_sphere.073
Fra:1 Mem:97.65M (Peak 97.75M) | Time:00:00.05 | Mem:0.00M, Peak:0.00M | Scene, ViewLayer | Initializing
Fra:1 Mem:79.29M (Peak 97.75M) | Time:00:00.05 | Mem:0.00M, Peak:0.00M | Scene, ViewLayer | Waiting for render to start
Fra:1 Mem:79.30M (Peak 97.75M) | Time:00:00.05 | Mem:0.00M, Peak:0.00M | Scene, ViewLayer | Loading render kernels (may take a few minutes the first time)
Fra:1 Mem:79.30M (Peak 97.75M) | Time:00:00.05 | Mem:0.00M, Peak:0.00M | Scene, ViewLayer | Updating Scene
Fra:1 Mem:79.30M (Peak 97.75M) | Time:00:00.05 | Mem:0.00M, Peak:0.00M | Scene, ViewLayer | Updating Shaders
Fra:1 Mem:79.49M (Peak 97.75M) | Time:00:00.05 | Mem:0.12M, Peak:0.12M | Scene, ViewLayer | Updating Procedurals
Fra:1 Mem:79.49M (Peak 97.75M) | Time:00:00.05 | Mem:0.12M, Peak:0.12M | Scene, ViewLayer | Updating Background
Fra:1 Mem:79.49M (Peak 97.75M) | Time:00:00.05 | Mem:0.12M, Peak:0.12M | Scene, ViewLayer | Updating Camera
Fra:1 Mem:79.49M (Peak 97.75M) | Time:00:00.05 | Mem:0.12M, Peak:0.12M | Scene, ViewLayer | Updating Meshes Flags
Fra:1 Mem:79.49M (Peak 97.75M) | Time:00:00.05 | Mem:0.12M, Peak:0.12M | Scene, ViewLayer | Updating Objects
Fra:1 Mem:79.49M (Peak 97.75M) | Time:00:00.05 | Mem:0.12M, Peak:0.12M | Scene, ViewLayer | Updating Objects | Copying Transformations to device
Fra:1 Mem:79.54M (Peak 97.75M) | Time:00:00.05 | Mem:0.16M, Peak:0.16M | Scene, ViewLayer | Updating Objects | Applying Static Transformations
Fra:1 Mem:79.54M (Peak 97.75M) | Time:00:00.05 | Mem:0.16M, Peak:0.16M | Scene, ViewLayer | Updating Particle Systems
Fra:1 Mem:79.54M (Peak 97.75M) | Time:00:00.05 | Mem:0.16M, Peak:0.16M | Scene, ViewLayer | Updating Particle Systems | Copying Particles to device
Fra:1 Mem:79.54M (Peak 97.75M) | Time:00:00.05 | Mem:0.16M, Peak:0.16M | Scene, ViewLayer | Updating Meshes
Fra:1 Mem:81.00M (Peak 97.75M) | Time:00:00.06 | Mem:0.16M, Peak:0.16M | Scene, ViewLayer | Updating Mesh | Computing attributes
Fra:1 Mem:84.34M (Peak 97.75M) | Time:00:00.06 | Mem:0.17M, Peak:0.17M | Scene, ViewLayer | Updating Mesh | Copying Attributes to device
Fra:1 Mem:84.31M (Peak 97.75M) | Time:00:00.06 | Mem:3.46M, Peak:3.46M | Scene, ViewLayer | Updating Scene BVH | Building
Fra:1 Mem:84.31M (Peak 97.75M) | Time:00:00.06 | Mem:3.46M, Peak:3.46M | Scene, ViewLayer | Updating Scene BVH | Building BVH
Fra:1 Mem:84.31M (Peak 97.75M) | Time:00:00.06 | Mem:6.39M, Peak:6.39M | Scene, ViewLayer | Updating Scene BVH | Building BVH 0%
Fra:1 Mem:84.31M (Peak 97.75M) | Time:00:00.07 | Mem:9.89M, Peak:12.82M | Scene, ViewLayer | Updating Scene BVH | Copying BVH to device
Fra:1 Mem:84.31M (Peak 97.75M) | Time:00:00.07 | Mem:9.89M, Peak:12.82M | Scene, ViewLayer | Updating Mesh | Computing normals
Fra:1 Mem:94.92M (Peak 97.75M) | Time:00:00.07 | Mem:9.89M, Peak:12.82M | Scene, ViewLayer | Updating Mesh | Copying Mesh to device
Fra:1 Mem:94.92M (Peak 97.75M) | Time:00:00.07 | Mem:20.50M, Peak:20.50M | Scene, ViewLayer | Updating Objects Flags
Fra:1 Mem:94.92M (Peak 97.75M) | Time:00:00.07 | Mem:20.50M, Peak:20.50M | Scene, ViewLayer | Updating Primitive Offsets
Fra:1 Mem:94.92M (Peak 97.75M) | Time:00:00.07 | Mem:20.50M, Peak:20.50M | Scene, ViewLayer | Updating Images
Fra:1 Mem:94.92M (Peak 97.75M) | Time:00:00.07 | Mem:20.50M, Peak:20.50M | Scene, ViewLayer | Updating Camera Volume
Fra:1 Mem:94.92M (Peak 97.75M) | Time:00:00.07 | Mem:20.50M, Peak:20.50M | Scene, ViewLayer | Updating Lookup Tables
Fra:1 Mem:94.92M (Peak 97.75M) | Time:00:00.07 | Mem:20.58M, Peak:20.58M | Scene, ViewLayer | Updating Lights
Fra:1 Mem:94.92M (Peak 97.75M) | Time:00:00.07 | Mem:20.58M, Peak:20.58M | Scene, ViewLayer | Updating Lights | Computing distribution
Fra:1 Mem:94.92M (Peak 97.75M) | Time:00:00.07 | Mem:20.58M, Peak:20.58M | Scene, ViewLayer | Updating Lights | Computing tree
Fra:1 Mem:94.93M (Peak 97.75M) | Time:00:00.07 | Mem:20.59M, Peak:20.59M | Scene, ViewLayer | Updating Integrator
Fra:1 Mem:95.93M (Peak 97.75M) | Time:00:00.07 | Mem:21.59M, Peak:21.59M | Scene, ViewLayer | Updating Film
Fra:1 Mem:95.93M (Peak 97.75M) | Time:00:00.07 | Mem:21.50M, Peak:21.59M | Scene, ViewLayer | Updating Lookup Tables
Fra:1 Mem:95.93M (Peak 97.75M) | Time:00:00.07 | Mem:21.59M, Peak:21.59M | Scene, ViewLayer | Updating Baking
Fra:1 Mem:95.93M (Peak 97.75M) | Time:00:00.07 | Mem:21.59M, Peak:21.59M | Scene, ViewLayer | Updating Device | Writing constant memory
Fra:1 Mem:95.94M (Peak 97.75M) | Time:00:00.07 | Mem:21.59M, Peak:21.59M | Scene, ViewLayer | Sample 0/24
Fra:1 Mem:145.53M (Peak 145.53M) | Time:00:00.13 | Remaining:00:01.33 | Mem:71.17M, Peak:71.17M | Scene, ViewLayer | Sample 1/24
Fra:1 Mem:166.40M (Peak 197.72M) | Time:00:03.29 | Mem:71.17M, Peak:71.17M | Scene, ViewLayer | Sample 24/24
Fra:1 Mem:166.40M (Peak 197.72M) | Time:00:03.29 | Mem:71.17M, Peak:71.17M | Scene, ViewLayer | Finished
Saved: '/vepfs_default/chanxueyan/lhp/lms/aDSL/temp/core_showcase_20260929/panels/SF21_B.png'
Time: 00:03.36 (Saving: 00:00.06)

Data are loaded, start creating Blender stuff
glTF import finished in 0.30s
PANEL_DONE SF21_B
Fra:1 Mem:82.93M (Peak 82.93M) | Time:00:00.02 | Mem:0.00M, Peak:0.00M | Scene, ViewLayer | Synchronizing object | geometry_0_mesh
Fra:1 Mem:82.94M (Peak 82.94M) | Time:00:00.02 | Mem:0.00M, Peak:0.00M | Scene, ViewLayer | Synchronizing object | geometry_0_cylinder.018
Fra:1 Mem:82.99M (Peak 82.99M) | Time:00:00.02 | Mem:0.00M, Peak:0.00M | Scene, ViewLayer | Synchronizing object | geometry_0_mesh.003
Fra:1 Mem:83.12M (Peak 83.12M) | Time:00:00.02 | Mem:0.00M, Peak:0.00M | Scene, ViewLayer | Synchronizing object | geometry_0_mesh.002
Fra:1 Mem:83.35M (Peak 83.35M) | Time:00:00.02 | Mem:0.00M, Peak:0.00M | Scene, ViewLayer | Synchronizing object | geometry_0_mesh.004
Fra:1 Mem:83.58M (Peak 83.58M) | Time:00:00.02 | Mem:0.00M, Peak:0.00M | Scene, ViewLayer | Synchronizing object | geometry_0_cylinder.088
Fra:1 Mem:83.73M (Peak 83.73M) | Time:00:00.02 | Mem:0.00M, Peak:0.00M | Scene, ViewLayer | Synchronizing object | geometry_0_cylinder.020
Fra:1 Mem:83.62M (Peak 83.73M) | Time:00:00.02 | Mem:0.00M, Peak:0.00M | Scene, ViewLayer | Synchronizing object | geometry_0_sphere.006
Fra:1 Mem:83.52M (Peak 83.73M) | Time:00:00.02 | Mem:0.00M, Peak:0.00M | Scene, ViewLayer | Synchronizing object | geometry_0_cylinder.021
Fra:1 Mem:83.57M (Peak 83.73M) | Time:00:00.02 | Mem:0.00M, Peak:0.00M | Scene, ViewLayer | Synchronizing object | geometry_0_cylinder.022
Fra:1 Mem:83.77M (Peak 83.77M) | Time:00:00.02 | Mem:0.00M, Peak:0.00M | Scene, ViewLayer | Synchronizing object | geometry_0_cylinder.023
Fra:1 Mem:83.74M (Peak 83.77M) | Time:00:00.02 | Mem:0.00M, Peak:0.00M | Scene, ViewLayer | Synchronizing object | geometry_0_cylinder.024
Fra:1 Mem:83.80M (Peak 83.80M) | Time:00:00.02 | Mem:0.00M, Peak:0.00M | Scene, ViewLayer | Synchronizing object | geometry_0_cylinder.025
Fra:1 Mem:83.78M (Peak 83.80M) | Time:00:00.02 | Mem:0.00M, Peak:0.00M | Scene, ViewLayer | Synchronizing object | geometry_0_cylinder.026
Fra:1 Mem:84.05M (Peak 84.05M) | Time:00:00.02 | Mem:0.00M, Peak:0.00M | Scene, ViewLayer | Synchronizing object | geometry_0_cylinder.027
Fra:1 Mem:84.01M (Peak 84.05M) | Time:00:00.02 | Mem:0.00M, Peak:0.00M | Scene, ViewLayer | Synchronizing object | geometry_0_cylinder.028
Fra:1 Mem:84.11M (Peak 84.11M) | Time:00:00.02 | Mem:0.00M, Peak:0.00M | Scene, ViewLayer | Synchronizing object | geometry_0_cylinder.029
Fra:1 Mem:84.17M (Peak 84.17M) | Time:00:00.02 | Mem:0.00M, Peak:0.00M | Scene, ViewLayer | Synchronizing object | geometry_0_cylinder.030
Fra:1 Mem:83.89M (Peak 84.17M) | Time:00:00.02 | Mem:0.00M, Peak:0.00M | Scene, ViewLayer | Synchronizing object | geometry_0_cylinder.031
Fra:1 Mem:83.84M (Peak 84.17M) | Time:00:00.02 | Mem:0.00M, Peak:0.00M | Scene, ViewLayer | Synchronizing object | geometry_0_sphere.005
Fra:1 Mem:83.82M (Peak 84.17M) | Time:00:00.02 | Mem:0.00M, Peak:0.00M | Scene, ViewLayer | Synchronizing object | geometry_0_cylinder.032
Fra:1 Mem:84.04M (Peak 84.17M) | Time:00:00.02 | Mem:0.00M, Peak:0.00M | Scene, ViewLayer | Synchronizing object | geometry_0_cylinder.033
Fra:1 Mem:84.06M (Peak 84.17M) | Time:00:00.02 | Mem:0.00M, Peak:0.00M | Scene, ViewLayer | Synchronizing object | geometry_0_cylinder.034
Fra:1 Mem:84.08M (Peak 84.17M) | Time:00:00.02 | Mem:0.00M, Peak:0.00M | Scene, ViewLayer | Synchronizing object | geometry_0_cylinder.035
Fra:1 Mem:84.13M (Peak 84.17M) | Time:00:00.02 | Mem:0.00M, Peak:0.00M | Scene, ViewLayer | Synchronizing object | geometry_0_cylinder.036
Fra:1 Mem:83.98M (Peak 84.17M) | Time:00:00.02 | Mem:0.00M, Peak:0.00M | Scene, ViewLayer | Synchronizing object | geometry_0_cylinder.037
Fra:1 Mem:84.39M (Peak 84.39M) | Time:00:00.02 | Mem:0.00M, Peak:0.00M | Scene, ViewLayer | Synchronizing object | geometry_0_cylinder.038
Fra:1 Mem:84.46M (Peak 84.46M) | Time:00:00.02 | Mem:0.00M, Peak:0.00M | Scene, ViewLayer | Synchronizing object | geometry_0_cylinder.039
Fra:1 Mem:84.18M (Peak 84.46M) | Time:00:00.02 | Mem:0.00M, Peak:0.00M | Scene, ViewLayer | Synchronizing object | geometry_0_cylinder.040
Fra:1 Mem:84.33M (Peak 84.46M) | Time:00:00.02 | Mem:0.00M, Peak:0.00M | Scene, ViewLayer | Synchronizing object | geometry_0_cylinder.041
Fra:1 Mem:84.22M (Peak 84.46M) | Time:00:00.02 | Mem:0.00M, Peak:0.00M | Scene, ViewLayer | Synchronizing object | geometry_0_sphere.004
Fra:1 Mem:84.27M (Peak 84.46M) | Time:00:00.02 | Mem:0.00M, Peak:0.00M | Scene, ViewLayer | Synchronizing object | geometry_0_cylinder.042
Fra:1 Mem:84.40M (Peak 84.46M) | Time:00:00.02 | Mem:0.00M, Peak:0.00M | Scene, ViewLayer | Synchronizing object | geometry_0_cylinder.043
Fra:1 Mem:84.45M (Peak 84.46M) | Time:00:00.03 | Mem:0.00M, Peak:0.00M | Scene, ViewLayer | Synchronizing object | geometry_0_cylinder.044
Fra:1 Mem:84.44M (Peak 84.46M) | Time:00:00.03 | Mem:0.00M, Peak:0.00M | Scene, ViewLayer | Synchronizing object | geometry_0_cylinder.045
Fra:1 Mem:84.48M (Peak 84.48M) | Time:00:00.03 | Mem:0.00M, Peak:0.00M | Scene, ViewLayer | Synchronizing object | geometry_0_cylinder.046
Fra:1 Mem:84.36M (Peak 84.48M) | Time:00:00.03 | Mem:0.00M, Peak:0.00M | Scene, ViewLayer | Synchronizing object | geometry_0_cylinder.047
Fra:1 Mem:84.71M (Peak 84.71M) | Time:00:00.03 | Mem:0.00M, Peak:0.00M | Scene, ViewLayer | Synchronizing object | geometry_0_cylinder.048
Fra:1 Mem:84.83M (Peak 84.83M) | Time:00:00.03 | Mem:0.00M, Peak:0.00M | Scene, ViewLayer | Synchronizing object | geometry_0_cylinder.049
Fra:1 Mem:84.81M (Peak 84.83M) | Time:00:00.03 | Mem:0.00M, Peak:0.00M | Scene, ViewLayer | Synchronizing object | geometry_0_cylinder.050
Fra:1 Mem:84.51M (Peak 84.83M) | Time:00:00.03 | Mem:0.00M, Peak:0.00M | Scene, ViewLayer | Synchronizing object | geometry_0_cylinder.051
Fra:1 Mem:84.53M (Peak 84.83M) | Time:00:00.03 | Mem:0.00M, Peak:0.00M | Scene, ViewLayer | Synchronizing object | geometry_0_cylinder.052
Fra:1 Mem:84.52M (Peak 84.83M) | Time:00:00.03 | Mem:0.00M, Peak:0.00M | Scene, ViewLayer | Synchronizing object | geometry_0_sphere.003
Fra:1 Mem:84.73M (Peak 84.83M) | Time:00:00.03 | Mem:0.00M, Peak:0.00M | Scene, ViewLayer | Synchronizing object | geometry_0_cylinder.053
Fra:1 Mem:84.74M (Peak 84.83M) | Time:00:00.03 | Mem:0.00M, Peak:0.00M | Scene, ViewLayer | Synchronizing object | geometry_0_sphere.019
Fra:1 Mem:84.95M (Peak 84.95M) | Time:00:00.03 | Mem:0.00M, Peak:0.00M | Scene, ViewLayer | Synchronizing object | geometry_0_sphere.020
Fra:1 Mem:85.59M (Peak 85.59M) | Time:00:00.03 | Mem:0.00M, Peak:0.00M | Scene, ViewLayer | Synchronizing object | geometry_0_sphere.002
Fra:1 Mem:85.36M (Peak 85.59M) | Time:00:00.03 | Mem:0.00M, Peak:0.00M | Scene, ViewLayer | Synchronizing object | geometry_0_sphere.021
Fra:1 Mem:85.61M (Peak 85.61M) | Time:00:00.03 | Mem:0.00M, Peak:0.00M | Scene, ViewLayer | Synchronizing object | geometry_0_sphere.022
Fra:1 Mem:85.54M (Peak 85.61M) | Time:00:00.03 | Mem:0.00M, Peak:0.00M | Scene, ViewLayer | Synchronizing object | geometry_0_sphere.023
Fra:1 Mem:85.54M (Peak 85.61M) | Time:00:00.03 | Mem:0.00M, Peak:0.00M | Scene, ViewLayer | Synchronizing object | geometry_0_sphere.001
Fra:1 Mem:85.59M (Peak 85.61M) | Time:00:00.03 | Mem:0.00M, Peak:0.00M | Scene, ViewLayer | Synchronizing object | geometry_0_sphere.024
Fra:1 Mem:86.50M (Peak 86.50M) | Time:00:00.03 | Mem:0.00M, Peak:0.00M | Scene, ViewLayer | Synchronizing object | geometry_0_cylinder.005
Fra:1 Mem:86.34M (Peak 86.50M) | Time:00:00.03 | Mem:0.00M, Peak:0.00M | Scene, ViewLayer | Synchronizing object | geometry_0_sphere.025
Fra:1 Mem:86.33M (Peak 86.50M) | Time:00:00.03 | Mem:0.00M, Peak:0.00M | Scene, ViewLayer | Synchronizing object | geometry_0_cylinder.004
Fra:1 Mem:86.09M (Peak 86.50M) | Time:00:00.03 | Mem:0.00M, Peak:0.00M | Scene, ViewLayer | Synchronizing object | geometry_0_cylinder.003
Fra:1 Mem:86.31M (Peak 86.50M) | Time:00:00.03 | Mem:0.00M, Peak:0.00M | Scene, ViewLayer | Synchronizing object | geometry_0_cylinder.002
Fra:1 Mem:86.76M (Peak 86.76M) | Time:00:00.03 | Mem:0.00M, Peak:0.00M | Scene, ViewLayer | Synchronizing object | geometry_0_cylinder.001
Fra:1 Mem:86.64M (Peak 86.76M) | Time:00:00.03 | Mem:0.00M, Peak:0.00M | Scene, ViewLayer | Synchronizing object | geometry_0_cylinder
Fra:1 Mem:86.08M (Peak 86.76M) | Time:00:00.03 | Mem:0.00M, Peak:0.00M | Scene, ViewLayer | Synchronizing object | geometry_0_sphere.018
Fra:1 Mem:86.11M (Peak 86.76M) | Time:00:00.03 | Mem:0.00M, Peak:0.00M | Scene, ViewLayer | Synchronizing object | geometry_0_sphere.026
Fra:1 Mem:86.26M (Peak 86.76M) | Time:00:00.03 | Mem:0.00M, Peak:0.00M | Scene, ViewLayer | Synchronizing object | geometry_0_sphere.027
Fra:1 Mem:86.72M (Peak 86.76M) | Time:00:00.03 | Mem:0.00M, Peak:0.00M | Scene, ViewLayer | Synchronizing object | geometry_0_sphere.017
Fra:1 Mem:87.04M (Peak 87.04M) | Time:00:00.03 | Mem:0.00M, Peak:0.00M | Scene, ViewLayer | Synchronizing object | geometry_0_sphere.028
Fra:1 Mem:86.85M (Peak 87.04M) | Time:00:00.03 | Mem:0.00M, Peak:0.00M | Scene, ViewLayer | Synchronizing object | geometry_0_sphere.029
Fra:1 Mem:87.08M (Peak 87.08M) | Time:00:00.03 | Mem:0.00M, Peak:0.00M | Scene, ViewLayer | Synchronizing object | geometry_0_sphere.016
Fra:1 Mem:87.49M (Peak 87.49M) | Time:00:00.03 | Mem:0.00M, Peak:0.00M | Scene, ViewLayer | Synchronizing object | geometry_0_sphere.030
Fra:1 Mem:87.56M (Peak 87.56M) | Time:00:00.03 | Mem:0.00M, Peak:0.00M | Scene, ViewLayer | Synchronizing object | geometry_0_sphere.031
Fra:1 Mem:88.27M (Peak 88.27M) | Time:00:00.03 | Mem:0.00M, Peak:0.00M | Scene, ViewLayer | Synchronizing object | geometry_0_sphere.015
Fra:1 Mem:88.06M (Peak 88.27M) | Time:00:00.03 | Mem:0.00M, Peak:0.00M | Scene, ViewLayer | Synchronizing object | geometry_0_sphere.032
Fra:1 Mem:88.05M (Peak 88.27M) | Time:00:00.03 | Mem:0.00M, Peak:0.00M | Scene, ViewLayer | Synchronizing object | geometry_0_sphere.033
Fra:1 Mem:88.22M (Peak 88.27M) | Time:00:00.03 | Mem:0.00M, Peak:0.00M | Scene, ViewLayer | Synchronizing object | geometry_0_sphere.014
Fra:1 Mem:88.15M (Peak 88.27M) | Time:00:00.03 | Mem:0.00M, Peak:0.00M | Scene, ViewLayer | Synchronizing object | geometry_0_sphere.034
Fra:1 Mem:88.50M (Peak 88.50M) | Time:00:00.03 | Mem:0.00M, Peak:0.00M | Scene, ViewLayer | Synchronizing object | geometry_0_sphere.035
Fra:1 Mem:88.46M (Peak 88.50M) | Time:00:00.03 | Mem:0.00M, Peak:0.00M | Scene, ViewLayer | Synchronizing object | geometry_0_sphere.013
Fra:1 Mem:88.60M (Peak 88.60M) | Time:00:00.03 | Mem:0.00M, Peak:0.00M | Scene, ViewLayer | Synchronizing object | geometry_0_sphere.036
Fra:1 Mem:88.60M (Peak 88.60M) | Time:00:00.03 | Mem:0.00M, Peak:0.00M | Scene, ViewLayer | Synchronizing object | geometry_0_sphere.037
Fra:1 Mem:88.91M (Peak 88.91M) | Time:00:00.03 | Mem:0.00M, Peak:0.00M | Scene, ViewLayer | Synchronizing object | geometry_0_cylinder.017
Fra:1 Mem:89.19M (Peak 89.18M) | Time:00:00.03 | Mem:0.00M, Peak:0.00M | Scene, ViewLayer | Synchronizing object | geometry_0_cylinder.016
Fra:1 Mem:88.92M (Peak 89.18M) | Time:00:00.03 | Mem:0.00M, Peak:0.00M | Scene, ViewLayer | Synchronizing object | geometry_0_cylinder.015
Fra:1 Mem:88.90M (Peak 89.18M) | Time:00:00.03 | Mem:0.00M, Peak:0.00M | Scene, ViewLayer | Synchronizing object | geometry_0_sphere.038
Fra:1 Mem:88.97M (Peak 89.18M) | Time:00:00.03 | Mem:0.00M, Peak:0.00M | Scene, ViewLayer | Synchronizing object | geometry_0_cylinder.014
Fra:1 Mem:89.33M (Peak 89.33M) | Time:00:00.03 | Mem:0.00M, Peak:0.00M | Scene, ViewLayer | Synchronizing object | geometry_0_cylinder.013
Fra:1 Mem:89.41M (Peak 89.41M) | Time:00:00.03 | Mem:0.00M, Peak:0.00M | Scene, ViewLayer | Synchronizing object | geometry_0_cylinder.012
Fra:1 Mem:89.35M (Peak 89.41M) | Time:00:00.03 | Mem:0.00M, Peak:0.00M | Scene, ViewLayer | Synchronizing object | geometry_0_sphere.012
Fra:1 Mem:89.36M (Peak 89.41M) | Time:00:00.03 | Mem:0.00M, Peak:0.00M | Scene, ViewLayer | Synchronizing object | geometry_0_sphere.039
Fra:1 Mem:89.45M (Peak 89.45M) | Time:00:00.03 | Mem:0.00M, Peak:0.00M | Scene, ViewLayer | Synchronizing object | geometry_0_sphere.040
Fra:1 Mem:89.86M (Peak 89.86M) | Time:00:00.03 | Mem:0.00M, Peak:0.00M | Scene, ViewLayer | Synchronizing object | geometry_0_sphere.041
Fra:1 Mem:90.01M (Peak 90.01M) | Time:00:00.03 | Mem:0.00M, Peak:0.00M | Scene, ViewLayer | Synchronizing object | geometry_0_sphere.011
Fra:1 Mem:89.95M (Peak 90.01M) | Time:00:00.03 | Mem:0.00M, Peak:0.00M | Scene, ViewLayer | Synchronizing object | geometry_0_sphere.042
Fra:1 Mem:90.00M (Peak 90.02M) | Time:00:00.03 | Mem:0.00M, Peak:0.00M | Scene, ViewLayer | Synchronizing object | geometry_0_sphere.043
Fra:1 Mem:90.08M (Peak 90.08M) | Time:00:00.03 | Mem:0.00M, Peak:0.00M | Scene, ViewLayer | Synchronizing object | geometry_0_sphere.010
Fra:1 Mem:90.49M (Peak 90.49M) | Time:00:00.03 | Mem:0.00M, Peak:0.00M | Scene, ViewLayer | Synchronizing object | geometry_0_sphere.044
Fra:1 Mem:90.76M (Peak 90.76M) | Time:00:00.03 | Mem:0.00M, Peak:0.00M | Scene, ViewLayer | Synchronizing object | geometry_0_sphere.009
Fra:1 Mem:90.48M (Peak 90.76M) | Time:00:00.03 | Mem:0.00M, Peak:0.00M | Scene, ViewLayer | Synchronizing object | geometry_0_sphere.045
Fra:1 Mem:90.60M (Peak 90.76M) | Time:00:00.03 | Mem:0.00M, Peak:0.00M | Scene, ViewLayer | Synchronizing object | geometry_0_sphere.046
Fra:1 Mem:91.13M (Peak 91.13M) | Time:00:00.03 | Mem:0.00M, Peak:0.00M | Scene, ViewLayer | Synchronizing object | geometry_0_sphere.008
Fra:1 Mem:90.94M (Peak 91.13M) | Time:00:00.03 | Mem:0.00M, Peak:0.00M | Scene, ViewLayer | Synchronizing object | geometry_0_sphere.047
Fra:1 Mem:91.29M (Peak 91.29M) | Time:00:00.03 | Mem:0.00M, Peak:0.00M | Scene, ViewLayer | Synchronizing object | geometry_0_sphere.048
Fra:1 Mem:91.23M (Peak 91.29M) | Time:00:00.03 | Mem:0.00M, Peak:0.00M | Scene, ViewLayer | Synchronizing object | geometry_0_sphere.007
Fra:1 Mem:91.94M (Peak 91.94M) | Time:00:00.03 | Mem:0.00M, Peak:0.00M | Scene, ViewLayer | Synchronizing object | geometry_0_sphere.049
Fra:1 Mem:91.99M (Peak 91.99M) | Time:00:00.03 | Mem:0.00M, Peak:0.00M | Scene, ViewLayer | Synchronizing object | geometry_0_sphere.050
Fra:1 Mem:92.07M (Peak 92.07M) | Time:00:00.03 | Mem:0.00M, Peak:0.00M | Scene, ViewLayer | Synchronizing object | geometry_0_cylinder.011
Fra:1 Mem:91.81M (Peak 92.07M) | Time:00:00.03 | Mem:0.00M, Peak:0.00M | Scene, ViewLayer | Synchronizing object | geometry_0_cylinder.010
Fra:1 Mem:92.61M (Peak 92.61M) | Time:00:00.03 | Mem:0.00M, Peak:0.00M | Scene, ViewLayer | Synchronizing object | geometry_0_cylinder.009
Fra:1 Mem:92.54M (Peak 92.61M) | Time:00:00.03 | Mem:0.00M, Peak:0.00M | Scene, ViewLayer | Synchronizing object | geometry_0_cylinder.008
Fra:1 Mem:92.15M (Peak 92.61M) | Time:00:00.03 | Mem:0.00M, Peak:0.00M | Scene, ViewLayer | Synchronizing object | geometry_0_cylinder.007
Fra:1 Mem:92.13M (Peak 92.61M) | Time:00:00.03 | Mem:0.00M, Peak:0.00M | Scene, ViewLayer | Synchronizing object | geometry_0_sphere.051
Fra:1 Mem:92.16M (Peak 92.61M) | Time:00:00.03 | Mem:0.00M, Peak:0.00M | Scene, ViewLayer | Synchronizing object | geometry_0_cylinder.054
Fra:1 Mem:92.35M (Peak 92.61M) | Time:00:00.04 | Mem:0.00M, Peak:0.00M | Scene, ViewLayer | Synchronizing object | geometry_0_cylinder.006
Fra:1 Mem:92.36M (Peak 92.61M) | Time:00:00.04 | Mem:0.00M, Peak:0.00M | Scene, ViewLayer | Synchronizing object | geometry_0_cylinder.055
Fra:1 Mem:92.37M (Peak 92.61M) | Time:00:00.04 | Mem:0.00M, Peak:0.00M | Scene, ViewLayer | Synchronizing object | geometry_0_cylinder.093
Fra:1 Mem:92.44M (Peak 92.61M) | Time:00:00.04 | Mem:0.00M, Peak:0.00M | Scene, ViewLayer | Synchronizing object | geometry_0_cylinder.056
Fra:1 Mem:92.27M (Peak 92.61M) | Time:00:00.04 | Mem:0.00M, Peak:0.00M | Scene, ViewLayer | Synchronizing object | geometry_0_cylinder.095
Fra:1 Mem:92.67M (Peak 92.67M) | Time:00:00.04 | Mem:0.00M, Peak:0.00M | Scene, ViewLayer | Synchronizing object | geometry_0_cylinder.057
Fra:1 Mem:92.73M (Peak 92.73M) | Time:00:00.04 | Mem:0.00M, Peak:0.00M | Scene, ViewLayer | Synchronizing object | geometry_0_cylinder.094
Fra:1 Mem:92.76M (Peak 92.76M) | Time:00:00.04 | Mem:0.00M, Peak:0.00M | Scene, ViewLayer | Synchronizing object | geometry_0_cylinder.058
Fra:1 Mem:92.65M (Peak 92.76M) | Time:00:00.04 | Mem:0.00M, Peak:0.00M | Scene, ViewLayer | Synchronizing object | geometry_0_cylinder.092
Fra:1 Mem:92.51M (Peak 92.76M) | Time:00:00.04 | Mem:0.00M, Peak:0.00M | Scene, ViewLayer | Synchronizing object | geometry_0_cylinder.059
Fra:1 Mem:92.36M (Peak 92.76M) | Time:00:00.04 | Mem:0.00M, Peak:0.00M | Scene, ViewLayer | Synchronizing object | geometry_0_cylinder.091
Fra:1 Mem:92.22M (Peak 92.76M) | Time:00:00.04 | Mem:0.00M, Peak:0.00M | Scene, ViewLayer | Synchronizing object | geometry_0_cylinder.060
Fra:1 Mem:92.20M (Peak 92.76M) | Time:00:00.04 | Mem:0.00M, Peak:0.00M | Scene, ViewLayer | Synchronizing object | geometry_0_cylinder.061
Fra:1 Mem:92.24M (Peak 92.76M) | Time:00:00.04 | Mem:0.00M, Peak:0.00M | Scene, ViewLayer | Synchronizing object | geometry_0_mesh.001
Fra:1 Mem:92.35M (Peak 92.76M) | Time:00:00.04 | Mem:0.00M, Peak:0.00M | Scene, ViewLayer | Synchronizing object | geometry_0_cylinder.062
Fra:1 Mem:92.34M (Peak 92.76M) | Time:00:00.04 | Mem:0.00M, Peak:0.00M | Scene, ViewLayer | Synchronizing object | geometry_0_cylinder.063
Fra:1 Mem:92.37M (Peak 92.76M) | Time:00:00.04 | Mem:0.00M, Peak:0.00M | Scene, ViewLayer | Synchronizing object | geometry_0_cylinder.064
Fra:1 Mem:92.44M (Peak 92.76M) | Time:00:00.04 | Mem:0.00M, Peak:0.00M | Scene, ViewLayer | Synchronizing object | geometry_0_cylinder.065
Fra:1 Mem:92.48M (Peak 92.76M) | Time:00:00.04 | Mem:0.00M, Peak:0.00M | Scene, ViewLayer | Synchronizing object | geometry_0_cylinder.066
Fra:1 Mem:92.40M (Peak 92.76M) | Time:00:00.04 | Mem:0.00M, Peak:0.00M | Scene, ViewLayer | Synchronizing object | geometry_0_cylinder.067
Fra:1 Mem:92.41M (Peak 92.76M) | Time:00:00.04 | Mem:0.00M, Peak:0.00M | Scene, ViewLayer | Synchronizing object | geometry_0_cylinder.090
Fra:1 Mem:92.45M (Peak 92.76M) | Time:00:00.04 | Mem:0.00M, Peak:0.00M | Scene, ViewLayer | Synchronizing object | geometry_0_cylinder.068
Fra:1 Mem:92.47M (Peak 92.76M) | Time:00:00.04 | Mem:0.00M, Peak:0.00M | Scene, ViewLayer | Synchronizing object | geometry_0_cylinder.069
Fra:1 Mem:92.47M (Peak 92.76M) | Time:00:00.04 | Mem:0.00M, Peak:0.00M | Scene, ViewLayer | Synchronizing object | geometry_0_cylinder.019
Fra:1 Mem:92.49M (Peak 92.76M) | Time:00:00.04 | Mem:0.00M, Peak:0.00M | Scene, ViewLayer | Synchronizing object | geometry_0_cylinder.070
Fra:1 Mem:92.53M (Peak 92.76M) | Time:00:00.04 | Mem:0.00M, Peak:0.00M | Scene, ViewLayer | Synchronizing object | geometry_0_cylinder.089
Fra:1 Mem:92.51M (Peak 92.76M) | Time:00:00.04 | Mem:0.00M, Peak:0.00M | Scene, ViewLayer | Synchronizing object | geometry_0_cylinder.071
Fra:1 Mem:92.52M (Peak 92.76M) | Time:00:00.04 | Mem:0.00M, Peak:0.00M | Scene, ViewLayer | Synchronizing object | geometry_0_cylinder.072
Fra:1 Mem:92.63M (Peak 92.76M) | Time:00:00.04 | Mem:0.00M, Peak:0.00M | Scene, ViewLayer | Synchronizing object | geometry_0_sphere
Fra:1 Mem:92.62M (Peak 92.76M) | Time:00:00.04 | Mem:0.00M, Peak:0.00M | Scene, ViewLayer | Synchronizing object | geometry_0_cylinder.073
Fra:1 Mem:92.75M (Peak 92.76M) | Time:00:00.04 | Mem:0.00M, Peak:0.00M | Scene, ViewLayer | Synchronizing object | geometry_0_cylinder.074
Fra:1 Mem:92.81M (Peak 92.81M) | Time:00:00.04 | Mem:0.00M, Peak:0.00M | Scene, ViewLayer | Synchronizing object | geometry_0_cylinder.075
Fra:1 Mem:92.79M (Peak 92.81M) | Time:00:00.04 | Mem:0.00M, Peak:0.00M | Scene, ViewLayer | Synchronizing object | geometry_0_cylinder.076
Fra:1 Mem:92.85M (Peak 92.85M) | Time:00:00.04 | Mem:0.00M, Peak:0.00M | Scene, ViewLayer | Synchronizing object | geometry_0_cylinder.077
Fra:1 Mem:92.82M (Peak 92.85M) | Time:00:00.04 | Mem:0.00M, Peak:0.00M | Scene, ViewLayer | Synchronizing object | geometry_0_cylinder.078
Fra:1 Mem:93.08M (Peak 93.08M) | Time:00:00.04 | Mem:0.00M, Peak:0.00M | Scene, ViewLayer | Synchronizing object | geometry_0_cylinder.079
Fra:1 Mem:93.08M (Peak 93.08M) | Time:00:00.04 | Mem:0.00M, Peak:0.00M | Scene, ViewLayer | Synchronizing object | geometry_0_cylinder.080
Fra:1 Mem:93.22M (Peak 93.22M) | Time:00:00.04 | Mem:0.00M, Peak:0.00M | Scene, ViewLayer | Synchronizing object | geometry_0_cylinder.081
Fra:1 Mem:93.29M (Peak 93.29M) | Time:00:00.04 | Mem:0.00M, Peak:0.00M | Scene, ViewLayer | Synchronizing object | geometry_0_cylinder.082
Fra:1 Mem:92.95M (Peak 93.29M) | Time:00:00.04 | Mem:0.00M, Peak:0.00M | Scene, ViewLayer | Synchronizing object | geometry_0_cylinder.083
Fra:1 Mem:92.88M (Peak 93.29M) | Time:00:00.04 | Mem:0.00M, Peak:0.00M | Scene, ViewLayer | Synchronizing object | geometry_0_cylinder.084
Fra:1 Mem:93.12M (Peak 93.29M) | Time:00:00.04 | Mem:0.00M, Peak:0.00M | Scene, ViewLayer | Synchronizing object | geometry_0_cylinder.085
Fra:1 Mem:93.13M (Peak 93.29M) | Time:00:00.04 | Mem:0.00M, Peak:0.00M | Scene, ViewLayer | Synchronizing object | geometry_0_cylinder.086
Fra:1 Mem:93.21M (Peak 93.29M) | Time:00:00.04 | Mem:0.00M, Peak:0.00M | Scene, ViewLayer | Synchronizing object | geometry_0_cylinder.087
Fra:1 Mem:93.19M (Peak 93.29M) | Time:00:00.04 | Mem:0.00M, Peak:0.00M | Scene, ViewLayer | Synchronizing object | geometry_0_sphere.052
Fra:1 Mem:93.22M (Peak 93.29M) | Time:00:00.04 | Mem:0.00M, Peak:0.00M | Scene, ViewLayer | Synchronizing object | geometry_0_sphere.053
Fra:1 Mem:93.40M (Peak 93.40M) | Time:00:00.04 | Mem:0.00M, Peak:0.00M | Scene, ViewLayer | Synchronizing object | geometry_0_sphere.082
Fra:1 Mem:93.81M (Peak 93.81M) | Time:00:00.04 | Mem:0.00M, Peak:0.00M | Scene, ViewLayer | Synchronizing object | geometry_0_sphere.054
Fra:1 Mem:93.84M (Peak 93.84M) | Time:00:00.04 | Mem:0.00M, Peak:0.00M | Scene, ViewLayer | Synchronizing object | geometry_0_sphere.055
Fra:1 Mem:94.15M (Peak 94.15M) | Time:00:00.04 | Mem:0.00M, Peak:0.00M | Scene, ViewLayer | Synchronizing object | geometry_0_sphere.081
Fra:1 Mem:94.61M (Peak 94.61M) | Time:00:00.04 | Mem:0.00M, Peak:0.00M | Scene, ViewLayer | Synchronizing object | geometry_0_sphere.056
Fra:1 Mem:94.25M (Peak 94.61M) | Time:00:00.04 | Mem:0.00M, Peak:0.00M | Scene, ViewLayer | Synchronizing object | geometry_0_sphere.057
Fra:1 Mem:94.10M (Peak 94.61M) | Time:00:00.04 | Mem:0.00M, Peak:0.00M | Scene, ViewLayer | Synchronizing object | geometry_0_sphere.080
Fra:1 Mem:94.62M (Peak 94.62M) | Time:00:00.04 | Mem:0.00M, Peak:0.00M | Scene, ViewLayer | Synchronizing object | geometry_0_sphere.058
Fra:1 Mem:94.83M (Peak 94.83M) | Time:00:00.04 | Mem:0.00M, Peak:0.00M | Scene, ViewLayer | Synchronizing object | geometry_0_sphere.059
Fra:1 Mem:94.71M (Peak 94.83M) | Time:00:00.04 | Mem:0.00M, Peak:0.00M | Scene, ViewLayer | Synchronizing object | geometry_0_sphere.079
Fra:1 Mem:95.09M (Peak 95.09M) | Time:00:00.04 | Mem:0.00M, Peak:0.00M | Scene, ViewLayer | Synchronizing object | geometry_0_sphere.060
Fra:1 Mem:95.14M (Peak 95.14M) | Time:00:00.04 | Mem:0.00M, Peak:0.00M | Scene, ViewLayer | Synchronizing object | geometry_0_sphere.061
Fra:1 Mem:95.01M (Peak 95.14M) | Time:00:00.04 | Mem:0.00M, Peak:0.00M | Scene, ViewLayer | Synchronizing object | geometry_0_sphere.078
Fra:1 Mem:95.66M (Peak 95.66M) | Time:00:00.04 | Mem:0.00M, Peak:0.00M | Scene, ViewLayer | Synchronizing object | geometry_0_sphere.062
Fra:1 Mem:95.88M (Peak 95.88M) | Time:00:00.04 | Mem:0.00M, Peak:0.00M | Scene, ViewLayer | Synchronizing object | geometry_0_sphere.063
Fra:1 Mem:95.61M (Peak 95.88M) | Time:00:00.04 | Mem:0.00M, Peak:0.00M | Scene, ViewLayer | Synchronizing object | geometry_0_sphere.077
Fra:1 Mem:96.10M (Peak 96.10M) | Time:00:00.04 | Mem:0.00M, Peak:0.00M | Scene, ViewLayer | Synchronizing object | geometry_0_sphere.064
Fra:1 Mem:96.32M (Peak 96.32M) | Time:00:00.04 | Mem:0.00M, Peak:0.00M | Scene, ViewLayer | Synchronizing object | geometry_0_sphere.065
Fra:1 Mem:96.40M (Peak 96.40M) | Time:00:00.04 | Mem:0.00M, Peak:0.00M | Scene, ViewLayer | Synchronizing object | geometry_0_sphere.076
Fra:1 Mem:96.54M (Peak 96.54M) | Time:00:00.04 | Mem:0.00M, Peak:0.00M | Scene, ViewLayer | Synchronizing object | geometry_0_sphere.066
Fra:1 Mem:96.76M (Peak 96.76M) | Time:00:00.04 | Mem:0.00M, Peak:0.00M | Scene, ViewLayer | Synchronizing object | geometry_0_sphere.067
Fra:1 Mem:96.62M (Peak 96.76M) | Time:00:00.04 | Mem:0.00M, Peak:0.00M | Scene, ViewLayer | Synchronizing object | geometry_0_sphere.075
Fra:1 Mem:96.83M (Peak 96.83M) | Time:00:00.04 | Mem:0.00M, Peak:0.00M | Scene, ViewLayer | Synchronizing object | geometry_0_sphere.068
Fra:1 Mem:97.07M (Peak 97.07M) | Time:00:00.04 | Mem:0.00M, Peak:0.00M | Scene, ViewLayer | Synchronizing object | geometry_0_sphere.074
Fra:1 Mem:97.35M (Peak 97.35M) | Time:00:00.04 | Mem:0.00M, Peak:0.00M | Scene, ViewLayer | Synchronizing object | geometry_0_sphere.069
Fra:1 Mem:97.43M (Peak 97.43M) | Time:00:00.04 | Mem:0.00M, Peak:0.00M | Scene, ViewLayer | Synchronizing object | geometry_0_sphere.070
Fra:1 Mem:97.64M (Peak 97.64M) | Time:00:00.04 | Mem:0.00M, Peak:0.00M | Scene, ViewLayer | Synchronizing object | geometry_0_sphere.071
Fra:1 Mem:97.56M (Peak 97.64M) | Time:00:00.04 | Mem:0.00M, Peak:0.00M | Scene, ViewLayer | Synchronizing object | geometry_0_sphere.073
Fra:1 Mem:97.94M (Peak 97.94M) | Time:00:00.04 | Mem:0.00M, Peak:0.00M | Scene, ViewLayer | Synchronizing object | geometry_0_sphere.072
Fra:1 Mem:97.69M (Peak 97.94M) | Time:00:00.04 | Mem:0.00M, Peak:0.00M | Scene, ViewLayer | Initializing
Fra:1 Mem:79.32M (Peak 97.94M) | Time:00:00.05 | Mem:0.00M, Peak:0.00M | Scene, ViewLayer | Waiting for render to start
Fra:1 Mem:79.32M (Peak 97.94M) | Time:00:00.05 | Mem:0.00M, Peak:0.00M | Scene, ViewLayer | Loading render kernels (may take a few minutes the first time)
Fra:1 Mem:79.32M (Peak 97.94M) | Time:00:00.05 | Mem:0.00M, Peak:0.00M | Scene, ViewLayer | Updating Scene
Fra:1 Mem:79.32M (Peak 97.94M) | Time:00:00.05 | Mem:0.00M, Peak:0.00M | Scene, ViewLayer | Updating Shaders
Fra:1 Mem:79.52M (Peak 97.94M) | Time:00:00.05 | Mem:0.12M, Peak:0.12M | Scene, ViewLayer | Updating Procedurals
Fra:1 Mem:79.52M (Peak 97.94M) | Time:00:00.05 | Mem:0.12M, Peak:0.12M | Scene, ViewLayer | Updating Background
Fra:1 Mem:79.52M (Peak 97.94M) | Time:00:00.05 | Mem:0.12M, Peak:0.12M | Scene, ViewLayer | Updating Camera
Fra:1 Mem:79.52M (Peak 97.94M) | Time:00:00.05 | Mem:0.12M, Peak:0.12M | Scene, ViewLayer | Updating Meshes Flags
Fra:1 Mem:79.52M (Peak 97.94M) | Time:00:00.05 | Mem:0.12M, Peak:0.12M | Scene, ViewLayer | Updating Objects
Fra:1 Mem:79.52M (Peak 97.94M) | Time:00:00.05 | Mem:0.12M, Peak:0.12M | Scene, ViewLayer | Updating Objects | Copying Transformations to device
Fra:1 Mem:79.57M (Peak 97.94M) | Time:00:00.05 | Mem:0.16M, Peak:0.16M | Scene, ViewLayer | Updating Objects | Applying Static Transformations
Fra:1 Mem:79.57M (Peak 97.94M) | Time:00:00.05 | Mem:0.16M, Peak:0.16M | Scene, ViewLayer | Updating Particle Systems
Fra:1 Mem:79.57M (Peak 97.94M) | Time:00:00.05 | Mem:0.16M, Peak:0.16M | Scene, ViewLayer | Updating Particle Systems | Copying Particles to device
Fra:1 Mem:79.57M (Peak 97.94M) | Time:00:00.05 | Mem:0.16M, Peak:0.16M | Scene, ViewLayer | Updating Meshes
Fra:1 Mem:81.03M (Peak 97.94M) | Time:00:00.06 | Mem:0.16M, Peak:0.16M | Scene, ViewLayer | Updating Mesh | Computing attributes
Fra:1 Mem:84.36M (Peak 97.94M) | Time:00:00.06 | Mem:0.17M, Peak:0.17M | Scene, ViewLayer | Updating Mesh | Copying Attributes to device
Fra:1 Mem:84.34M (Peak 97.94M) | Time:00:00.06 | Mem:3.46M, Peak:3.46M | Scene, ViewLayer | Updating Scene BVH | Building
Fra:1 Mem:84.34M (Peak 97.94M) | Time:00:00.06 | Mem:3.46M, Peak:3.46M | Scene, ViewLayer | Updating Scene BVH | Building BVH
Fra:1 Mem:84.34M (Peak 97.94M) | Time:00:00.06 | Mem:6.39M, Peak:6.39M | Scene, ViewLayer | Updating Scene BVH | Building BVH 0%
Fra:1 Mem:84.34M (Peak 97.94M) | Time:00:00.07 | Mem:9.89M, Peak:12.82M | Scene, ViewLayer | Updating Scene BVH | Copying BVH to device
Fra:1 Mem:84.34M (Peak 97.94M) | Time:00:00.07 | Mem:9.89M, Peak:12.82M | Scene, ViewLayer | Updating Mesh | Computing normals
Fra:1 Mem:94.95M (Peak 97.94M) | Time:00:00.07 | Mem:9.89M, Peak:12.82M | Scene, ViewLayer | Updating Mesh | Copying Mesh to device
Fra:1 Mem:94.95M (Peak 97.94M) | Time:00:00.07 | Mem:20.50M, Peak:20.50M | Scene, ViewLayer | Updating Objects Flags
Fra:1 Mem:94.95M (Peak 97.94M) | Time:00:00.07 | Mem:20.50M, Peak:20.50M | Scene, ViewLayer | Updating Primitive Offsets
Fra:1 Mem:94.95M (Peak 97.94M) | Time:00:00.07 | Mem:20.50M, Peak:20.50M | Scene, ViewLayer | Updating Images
Fra:1 Mem:94.95M (Peak 97.94M) | Time:00:00.07 | Mem:20.50M, Peak:20.50M | Scene, ViewLayer | Updating Camera Volume
Fra:1 Mem:94.95M (Peak 97.94M) | Time:00:00.07 | Mem:20.50M, Peak:20.50M | Scene, ViewLayer | Updating Lookup Tables
Fra:1 Mem:94.95M (Peak 97.94M) | Time:00:00.07 | Mem:20.58M, Peak:20.58M | Scene, ViewLayer | Updating Lights
Fra:1 Mem:94.95M (Peak 97.94M) | Time:00:00.07 | Mem:20.58M, Peak:20.58M | Scene, ViewLayer | Updating Lights | Computing distribution
Fra:1 Mem:94.95M (Peak 97.94M) | Time:00:00.07 | Mem:20.58M, Peak:20.58M | Scene, ViewLayer | Updating Lights | Computing tree
Fra:1 Mem:94.95M (Peak 97.94M) | Time:00:00.07 | Mem:20.59M, Peak:20.59M | Scene, ViewLayer | Updating Integrator
Fra:1 Mem:95.95M (Peak 97.94M) | Time:00:00.07 | Mem:21.59M, Peak:21.59M | Scene, ViewLayer | Updating Film
Fra:1 Mem:95.96M (Peak 97.94M) | Time:00:00.07 | Mem:21.50M, Peak:21.59M | Scene, ViewLayer | Updating Lookup Tables
Fra:1 Mem:95.96M (Peak 97.94M) | Time:00:00.07 | Mem:21.59M, Peak:21.59M | Scene, ViewLayer | Updating Baking
Fra:1 Mem:95.96M (Peak 97.94M) | Time:00:00.07 | Mem:21.59M, Peak:21.59M | Scene, ViewLayer | Updating Device | Writing constant memory
Fra:1 Mem:95.96M (Peak 97.94M) | Time:00:00.07 | Mem:21.59M, Peak:21.59M | Scene, ViewLayer | Sample 0/24
Fra:1 Mem:145.55M (Peak 145.55M) | Time:00:00.32 | Remaining:00:05.58 | Mem:71.17M, Peak:71.17M | Scene, ViewLayer | Sample 1/24
Fra:1 Mem:166.43M (Peak 197.74M) | Time:00:07.52 | Mem:71.17M, Peak:71.17M | Scene, ViewLayer | Sample 24/24
Fra:1 Mem:166.43M (Peak 197.74M) | Time:00:07.53 | Mem:71.17M, Peak:71.17M | Scene, ViewLayer | Finished
Saved: '/vepfs_default/chanxueyan/lhp/lms/aDSL/temp/core_showcase_20260929/panels/SF21_B_detail.png'
Time: 00:07.59 (Saving: 00:00.06)

PANEL_DONE SF21_B_detail
Fra:1 Mem:24.30M (Peak 24.30M) | Time:00:00.00 | Mem:0.00M, Peak:0.00M | Scene, ViewLayer | Synchronizing object | geometry_0_hull.002
Fra:1 Mem:24.31M (Peak 24.31M) | Time:00:00.00 | Mem:0.00M, Peak:0.00M | Scene, ViewLayer | Synchronizing object | geometry_0_cube.002
Fra:1 Mem:24.61M (Peak 24.61M) | Time:00:00.00 | Mem:0.00M, Peak:0.00M | Scene, ViewLayer | Synchronizing object | geometry_0_hull.001
Fra:1 Mem:24.70M (Peak 24.70M) | Time:00:00.00 | Mem:0.00M, Peak:0.00M | Scene, ViewLayer | Synchronizing object | geometry_0_cube.003
Fra:1 Mem:24.94M (Peak 24.94M) | Time:00:00.00 | Mem:0.00M, Peak:0.00M | Scene, ViewLayer | Synchronizing object | geometry_0_hull.003
Fra:1 Mem:26.17M (Peak 26.17M) | Time:00:00.00 | Mem:0.00M, Peak:0.00M | Scene, ViewLayer | Synchronizing object | geometry_0_sphere.001
Fra:1 Mem:26.25M (Peak 26.25M) | Time:00:00.00 | Mem:0.00M, Peak:0.00M | Scene, ViewLayer | Synchronizing object | geometry_0_sphere.002
Fra:1 Mem:25.96M (Peak 26.25M) | Time:00:00.00 | Mem:0.00M, Peak:0.00M | Scene, ViewLayer | Synchronizing object | geometry_0_hull
Fra:1 Mem:26.12M (Peak 26.25M) | Time:00:00.00 | Mem:0.00M, Peak:0.00M | Scene, ViewLayer | Synchronizing object | geometry_0_sphere.003
Fra:1 Mem:26.21M (Peak 26.25M) | Time:00:00.00 | Mem:0.00M, Peak:0.00M | Scene, ViewLayer | Synchronizing object | geometry_0_sphere.004
Fra:1 Mem:26.23M (Peak 26.25M) | Time:00:00.00 | Mem:0.00M, Peak:0.00M | Scene, ViewLayer | Synchronizing object | geometry_0_hull.004
Fra:1 Mem:26.47M (Peak 26.47M) | Time:00:00.00 | Mem:0.00M, Peak:0.00M | Scene, ViewLayer | Synchronizing object | geometry_0_sphere.005
Fra:1 Mem:26.46M (Peak 26.47M) | Time:00:00.00 | Mem:0.00M, Peak:0.00M | Scene, ViewLayer | Synchronizing object | geometry_0_sphere.006
Fra:1 Mem:27.03M (Peak 27.03M) | Time:00:00.00 | Mem:0.00M, Peak:0.00M | Scene, ViewLayer | Synchronizing object | geometry_0_cube.005
Fra:1 Mem:26.72M (Peak 27.03M) | Time:00:00.00 | Mem:0.00M, Peak:0.00M | Scene, ViewLayer | Synchronizing object | geometry_0_cube.004
Fra:1 Mem:26.56M (Peak 27.03M) | Time:00:00.00 | Mem:0.00M, Peak:0.00M | Scene, ViewLayer | Synchronizing object | geometry_0_sphere.007
Fra:1 Mem:26.56M (Peak 27.03M) | Time:00:00.00 | Mem:0.00M, Peak:0.00M | Scene, ViewLayer | Synchronizing object | geometry_0_sphere.008
Fra:1 Mem:27.36M (Peak 27.36M) | Time:00:00.00 | Mem:0.00M, Peak:0.00M | Scene, ViewLayer | Synchronizing object | geometry_0_sphere.009
Fra:1 Mem:27.12M (Peak 27.36M) | Time:00:00.00 | Mem:0.00M, Peak:0.00M | Scene, ViewLayer | Synchronizing object | geometry_0_sphere.010
Fra:1 Mem:27.23M (Peak 27.36M) | Time:00:00.00 | Mem:0.00M, Peak:0.00M | Scene, ViewLayer | Synchronizing object | geometry_0_sphere.014
Fra:1 Mem:27.87M (Peak 27.87M) | Time:00:00.00 | Mem:0.00M, Peak:0.00M | Scene, ViewLayer | Synchronizing object | geometry_0_sphere.011
Fra:1 Mem:27.63M (Peak 27.87M) | Time:00:00.00 | Mem:0.00M, Peak:0.00M | Scene, ViewLayer | Synchronizing object | geometry_0_sphere.012
Fra:1 Mem:27.73M (Peak 27.87M) | Time:00:00.00 | Mem:0.00M, Peak:0.00M | Scene, ViewLayer | Synchronizing object | geometry_0_sphere.013
Fra:1 Mem:28.03M (Peak 28.03M) | Time:00:00.01 | Mem:0.00M, Peak:0.00M | Scene, ViewLayer | Initializing
Fra:1 Mem:24.79M (Peak 28.03M) | Time:00:00.01 | Mem:0.00M, Peak:0.00M | Scene, ViewLayer | Waiting for render to start
Fra:1 Mem:24.79M (Peak 28.03M) | Time:00:00.01 | Mem:0.00M, Peak:0.00M | Scene, ViewLayer | Loading render kernels (may take a few minutes the first time)
Fra:1 Mem:24.79M (Peak 28.03M) | Time:00:00.01 | Mem:0.00M, Peak:0.00M | Scene, ViewLayer | Updating Scene
Fra:1 Mem:24.79M (Peak 28.03M) | Time:00:00.01 | Mem:0.00M, Peak:0.00M | Scene, ViewLayer | Updating Shaders
Fra:1 Mem:24.89M (Peak 28.03M) | Time:00:00.01 | Mem:0.02M, Peak:0.02M | Scene, ViewLayer | Updating Procedurals
Fra:1 Mem:24.89M (Peak 28.03M) | Time:00:00.01 | Mem:0.02M, Peak:0.02M | Scene, ViewLayer | Updating Background
Fra:1 Mem:24.89M (Peak 28.03M) | Time:00:00.01 | Mem:0.02M, Peak:0.02M | Scene, ViewLayer | Updating Camera
Fra:1 Mem:24.89M (Peak 28.03M) | Time:00:00.01 | Mem:0.02M, Peak:0.02M | Scene, ViewLayer | Updating Meshes Flags
Fra:1 Mem:24.89M (Peak 28.03M) | Time:00:00.01 | Mem:0.02M, Peak:0.02M | Scene, ViewLayer | Updating Objects
Fra:1 Mem:24.89M (Peak 28.03M) | Time:00:00.01 | Mem:0.02M, Peak:0.02M | Scene, ViewLayer | Updating Objects | Copying Transformations to device
Fra:1 Mem:24.90M (Peak 28.03M) | Time:00:00.01 | Mem:0.02M, Peak:0.02M | Scene, ViewLayer | Updating Objects | Applying Static Transformations
Fra:1 Mem:24.90M (Peak 28.03M) | Time:00:00.01 | Mem:0.02M, Peak:0.02M | Scene, ViewLayer | Updating Particle Systems
Fra:1 Mem:24.90M (Peak 28.03M) | Time:00:00.01 | Mem:0.02M, Peak:0.02M | Scene, ViewLayer | Updating Particle Systems | Copying Particles to device
Fra:1 Mem:24.90M (Peak 28.03M) | Time:00:00.01 | Mem:0.02M, Peak:0.02M | Scene, ViewLayer | Updating Meshes
Fra:1 Mem:25.22M (Peak 28.03M) | Time:00:00.01 | Mem:0.02M, Peak:0.02M | Scene, ViewLayer | Updating Mesh | Computing attributes
Fra:1 Mem:25.95M (Peak 28.03M) | Time:00:00.01 | Mem:0.02M, Peak:0.02M | Scene, ViewLayer | Updating Mesh | Copying Attributes to device
Fra:1 Mem:25.95M (Peak 28.03M) | Time:00:00.01 | Mem:0.75M, Peak:0.75M | Scene, ViewLayer | Updating Scene BVH | Building
Fra:1 Mem:25.95M (Peak 28.03M) | Time:00:00.01 | Mem:0.75M, Peak:0.75M | Scene, ViewLayer | Updating Scene BVH | Building BVH
Fra:1 Mem:25.95M (Peak 28.03M) | Time:00:00.01 | Mem:1.39M, Peak:1.39M | Scene, ViewLayer | Updating Scene BVH | Building BVH 0%
Fra:1 Mem:25.95M (Peak 28.03M) | Time:00:00.01 | Mem:2.16M, Peak:2.81M | Scene, ViewLayer | Updating Scene BVH | Copying BVH to device
Fra:1 Mem:25.95M (Peak 28.03M) | Time:00:00.01 | Mem:2.16M, Peak:2.81M | Scene, ViewLayer | Updating Mesh | Computing normals
Fra:1 Mem:28.28M (Peak 28.28M) | Time:00:00.01 | Mem:2.16M, Peak:2.81M | Scene, ViewLayer | Updating Mesh | Copying Mesh to device
Fra:1 Mem:28.28M (Peak 28.28M) | Time:00:00.01 | Mem:4.50M, Peak:4.50M | Scene, ViewLayer | Updating Objects Flags
Fra:1 Mem:28.28M (Peak 28.28M) | Time:00:00.01 | Mem:4.50M, Peak:4.50M | Scene, ViewLayer | Updating Primitive Offsets
Fra:1 Mem:28.28M (Peak 28.28M) | Time:00:00.01 | Mem:4.50M, Peak:4.50M | Scene, ViewLayer | Updating Images
Fra:1 Mem:28.28M (Peak 28.28M) | Time:00:00.01 | Mem:4.50M, Peak:4.50M | Scene, ViewLayer | Updating Camera Volume
Fra:1 Mem:28.28M (Peak 28.28M) | Time:00:00.01 | Mem:4.50M, Peak:4.50M | Scene, ViewLayer | Updating Lookup Tables
Fra:1 Mem:28.28M (Peak 28.28M) | Time:00:00.01 | Mem:4.58M, Peak:4.58M | Scene, ViewLayer | Updating Lights
Fra:1 Mem:28.28M (Peak 28.28M) | Time:00:00.01 | Mem:4.58M, Peak:4.58M | Scene, ViewLayer | Updating Lights | Computing distribution
Fra:1 Mem:28.28M (Peak 28.28M) | Time:00:00.01 | Mem:4.58M, Peak:4.58M | Scene, ViewLayer | Updating Lights | Computing tree
Fra:1 Mem:28.28M (Peak 28.28M) | Time:00:00.01 | Mem:4.58M, Peak:4.58M | Scene, ViewLayer | Updating Integrator
Fra:1 Mem:29.28M (Peak 29.28M) | Time:00:00.01 | Mem:5.58M, Peak:5.58M | Scene, ViewLayer | Updating Film
Fra:1 Mem:29.28M (Peak 29.28M) | Time:00:00.01 | Mem:5.50M, Peak:5.58M | Scene, ViewLayer | Updating Lookup Tables
Fra:1 Mem:29.28M (Peak 29.28M) | Time:00:00.01 | Mem:5.58M, Peak:5.58M | Scene, ViewLayer | Updating Baking
Fra:1 Mem:29.28M (Peak 29.28M) | Time:00:00.01 | Mem:5.58M, Peak:5.58M | Scene, ViewLayer | Updating Device | Writing constant memory
Fra:1 Mem:29.29M (Peak 29.29M) | Time:00:00.01 | Mem:5.58M, Peak:5.58M | Scene, ViewLayer | Sample 0/24
Fra:1 Mem:78.88M (Peak 78.88M) | Time:00:00.32 | Remaining:00:07.06 | Mem:55.16M, Peak:55.16M | Scene, ViewLayer | Sample 1/24
Fra:1 Mem:99.75M (Peak 131.07M) | Time:00:09.45 | Mem:55.16M, Peak:55.16M | Scene, ViewLayer | Sample 24/24
Fra:1 Mem:99.75M (Peak 131.07M) | Time:00:09.45 | Mem:55.16M, Peak:55.16M | Scene, ViewLayer | Finished
Saved: '/vepfs_default/chanxueyan/lhp/lms/aDSL/temp/core_showcase_20260929/panels/SF06_B.png'
Time: 00:09.51 (Saving: 00:00.06)

Data are loaded, start creating Blender stuff
glTF import finished in 0.06s
PANEL_DONE SF06_B
Fra:1 Mem:12.90M (Peak 12.90M) | Time:00:00.00 | Mem:0.00M, Peak:0.00M | Scene, ViewLayer | Synchronizing object | side_left
Fra:1 Mem:12.91M (Peak 12.91M) | Time:00:00.00 | Mem:0.00M, Peak:0.00M | Scene, ViewLayer | Synchronizing object | cap_top
Fra:1 Mem:13.03M (Peak 13.03M) | Time:00:00.00 | Mem:0.00M, Peak:0.00M | Scene, ViewLayer | Synchronizing object | shelf_bottom
Fra:1 Mem:13.09M (Peak 13.09M) | Time:00:00.00 | Mem:0.00M, Peak:0.00M | Scene, ViewLayer | Synchronizing object | shelf_level_2
Fra:1 Mem:13.09M (Peak 13.09M) | Time:00:00.00 | Mem:0.00M, Peak:0.00M | Scene, ViewLayer | Synchronizing object | shelf_level_3
Fra:1 Mem:13.22M (Peak 13.22M) | Time:00:00.00 | Mem:0.00M, Peak:0.00M | Scene, ViewLayer | Synchronizing object | shelf_level_4
Fra:1 Mem:13.25M (Peak 13.25M) | Time:00:00.00 | Mem:0.00M, Peak:0.00M | Scene, ViewLayer | Initializing
Fra:1 Mem:12.58M (Peak 13.25M) | Time:00:00.00 | Mem:0.00M, Peak:0.00M | Scene, ViewLayer | Waiting for render to start
Fra:1 Mem:12.58M (Peak 13.25M) | Time:00:00.00 | Mem:0.00M, Peak:0.00M | Scene, ViewLayer | Loading render kernels (may take a few minutes the first time)
Fra:1 Mem:12.58M (Peak 13.25M) | Time:00:00.00 | Mem:0.00M, Peak:0.00M | Scene, ViewLayer | Updating Scene
Fra:1 Mem:12.58M (Peak 13.25M) | Time:00:00.00 | Mem:0.00M, Peak:0.00M | Scene, ViewLayer | Updating Shaders
Fra:1 Mem:12.67M (Peak 13.25M) | Time:00:00.00 | Mem:0.01M, Peak:0.01M | Scene, ViewLayer | Updating Procedurals
Fra:1 Mem:12.67M (Peak 13.25M) | Time:00:00.00 | Mem:0.01M, Peak:0.01M | Scene, ViewLayer | Updating Background
Fra:1 Mem:12.67M (Peak 13.25M) | Time:00:00.00 | Mem:0.01M, Peak:0.01M | Scene, ViewLayer | Updating Camera
Fra:1 Mem:12.67M (Peak 13.25M) | Time:00:00.00 | Mem:0.01M, Peak:0.01M | Scene, ViewLayer | Updating Meshes Flags
Fra:1 Mem:12.67M (Peak 13.25M) | Time:00:00.00 | Mem:0.01M, Peak:0.01M | Scene, ViewLayer | Updating Objects
Fra:1 Mem:12.67M (Peak 13.25M) | Time:00:00.00 | Mem:0.01M, Peak:0.01M | Scene, ViewLayer | Updating Objects | Copying Transformations to device
Fra:1 Mem:12.67M (Peak 13.25M) | Time:00:00.00 | Mem:0.01M, Peak:0.01M | Scene, ViewLayer | Updating Objects | Applying Static Transformations
Fra:1 Mem:12.67M (Peak 13.25M) | Time:00:00.00 | Mem:0.01M, Peak:0.01M | Scene, ViewLayer | Updating Particle Systems
Fra:1 Mem:12.67M (Peak 13.25M) | Time:00:00.00 | Mem:0.01M, Peak:0.01M | Scene, ViewLayer | Updating Particle Systems | Copying Particles to device
Fra:1 Mem:12.67M (Peak 13.25M) | Time:00:00.00 | Mem:0.01M, Peak:0.01M | Scene, ViewLayer | Updating Meshes
Fra:1 Mem:12.70M (Peak 13.25M) | Time:00:00.00 | Mem:0.01M, Peak:0.01M | Scene, ViewLayer | Updating Mesh | Computing attributes
Fra:1 Mem:12.77M (Peak 13.25M) | Time:00:00.00 | Mem:0.01M, Peak:0.01M | Scene, ViewLayer | Updating Mesh | Copying Attributes to device
Fra:1 Mem:12.77M (Peak 13.25M) | Time:00:00.00 | Mem:0.08M, Peak:0.08M | Scene, ViewLayer | Updating Scene BVH | Building
Fra:1 Mem:12.77M (Peak 13.25M) | Time:00:00.00 | Mem:0.08M, Peak:0.08M | Scene, ViewLayer | Updating Scene BVH | Building BVH
Fra:1 Mem:12.77M (Peak 13.25M) | Time:00:00.00 | Mem:0.14M, Peak:0.14M | Scene, ViewLayer | Updating Scene BVH | Building BVH 0%
Fra:1 Mem:12.77M (Peak 13.25M) | Time:00:00.00 | Mem:0.22M, Peak:0.28M | Scene, ViewLayer | Updating Scene BVH | Copying BVH to device
Fra:1 Mem:12.77M (Peak 13.25M) | Time:00:00.00 | Mem:0.22M, Peak:0.28M | Scene, ViewLayer | Updating Mesh | Computing normals
Fra:1 Mem:12.99M (Peak 13.25M) | Time:00:00.00 | Mem:0.22M, Peak:0.28M | Scene, ViewLayer | Updating Mesh | Copying Mesh to device
Fra:1 Mem:12.99M (Peak 13.25M) | Time:00:00.00 | Mem:0.45M, Peak:0.45M | Scene, ViewLayer | Updating Objects Flags
Fra:1 Mem:12.99M (Peak 13.25M) | Time:00:00.00 | Mem:0.45M, Peak:0.45M | Scene, ViewLayer | Updating Primitive Offsets
Fra:1 Mem:12.99M (Peak 13.25M) | Time:00:00.00 | Mem:0.45M, Peak:0.45M | Scene, ViewLayer | Updating Images
Fra:1 Mem:12.99M (Peak 13.25M) | Time:00:00.00 | Mem:0.45M, Peak:0.45M | Scene, ViewLayer | Updating Camera Volume
Fra:1 Mem:12.99M (Peak 13.25M) | Time:00:00.00 | Mem:0.45M, Peak:0.45M | Scene, ViewLayer | Updating Lookup Tables
Fra:1 Mem:12.99M (Peak 13.25M) | Time:00:00.00 | Mem:0.53M, Peak:0.53M | Scene, ViewLayer | Updating Lights
Fra:1 Mem:12.99M (Peak 13.25M) | Time:00:00.00 | Mem:0.53M, Peak:0.53M | Scene, ViewLayer | Updating Lights | Computing distribution
Fra:1 Mem:12.99M (Peak 13.25M) | Time:00:00.00 | Mem:0.53M, Peak:0.53M | Scene, ViewLayer | Updating Lights | Computing tree
Fra:1 Mem:12.99M (Peak 13.25M) | Time:00:00.00 | Mem:0.53M, Peak:0.53M | Scene, ViewLayer | Updating Integrator
Fra:1 Mem:13.99M (Peak 13.99M) | Time:00:00.00 | Mem:1.53M, Peak:1.53M | Scene, ViewLayer | Updating Film
Fra:1 Mem:14.00M (Peak 14.00M) | Time:00:00.00 | Mem:1.45M, Peak:1.53M | Scene, ViewLayer | Updating Lookup Tables
Fra:1 Mem:14.00M (Peak 14.00M) | Time:00:00.00 | Mem:1.53M, Peak:1.53M | Scene, ViewLayer | Updating Baking
Fra:1 Mem:14.00M (Peak 14.00M) | Time:00:00.00 | Mem:1.53M, Peak:1.53M | Scene, ViewLayer | Updating Device | Writing constant memory
Fra:1 Mem:14.00M (Peak 14.00M) | Time:00:00.00 | Mem:1.53M, Peak:1.53M | Scene, ViewLayer | Sample 0/24
Fra:1 Mem:63.59M (Peak 63.59M) | Time:00:00.15 | Remaining:00:03.52 | Mem:51.11M, Peak:51.11M | Scene, ViewLayer | Sample 1/24
Fra:1 Mem:84.47M (Peak 115.78M) | Time:00:05.95 | Mem:51.11M, Peak:51.11M | Scene, ViewLayer | Sample 24/24
Fra:1 Mem:84.47M (Peak 115.78M) | Time:00:05.95 | Mem:51.11M, Peak:51.11M | Scene, ViewLayer | Finished
Saved: '/vepfs_default/chanxueyan/lhp/lms/aDSL/temp/core_showcase_20260929/panels/SF13_assembled.png'
Time: 00:06.02 (Saving: 00:00.06)

PANEL_DONE SF13_assembled
Fra:1 Mem:26.57M (Peak 26.57M) | Time:00:00.00 | Mem:0.00M, Peak:0.00M | Scene, ViewLayer | Synchronizing object | side_left
Fra:1 Mem:26.59M (Peak 26.59M) | Time:00:00.00 | Mem:0.00M, Peak:0.00M | Scene, ViewLayer | Synchronizing object | side_right
Fra:1 Mem:26.66M (Peak 26.66M) | Time:00:00.00 | Mem:0.00M, Peak:0.00M | Scene, ViewLayer | Synchronizing object | shelf_bottom
Fra:1 Mem:26.72M (Peak 26.72M) | Time:00:00.00 | Mem:0.00M, Peak:0.00M | Scene, ViewLayer | Synchronizing object | shelf_level_2
Fra:1 Mem:26.75M (Peak 26.75M) | Time:00:00.00 | Mem:0.00M, Peak:0.00M | Scene, ViewLayer | Synchronizing object | shelf_level_3
Fra:1 Mem:26.80M (Peak 26.80M) | Time:00:00.00 | Mem:0.00M, Peak:0.00M | Scene, ViewLayer | Synchronizing object | shelf_level_4
Fra:1 Mem:26.82M (Peak 26.82M) | Time:00:00.00 | Mem:0.00M, Peak:0.00M | Scene, ViewLayer | Synchronizing object | shelf_level_5
Fra:1 Mem:26.88M (Peak 26.88M) | Time:00:00.00 | Mem:0.00M, Peak:0.00M | Scene, ViewLayer | Synchronizing object | cap_top
Fra:1 Mem:26.92M (Peak 26.92M) | Time:00:00.00 | Mem:0.00M, Peak:0.00M | Scene, ViewLayer | Synchronizing object | Cylinder
Fra:1 Mem:26.93M (Peak 26.93M) | Time:00:00.00 | Mem:0.00M, Peak:0.00M | Scene, ViewLayer | Synchronizing object | Sphere
Fra:1 Mem:26.94M (Peak 26.94M) | Time:00:00.00 | Mem:0.00M, Peak:0.00M | Scene, ViewLayer | Synchronizing object | Sphere.001
Fra:1 Mem:26.95M (Peak 26.95M) | Time:00:00.00 | Mem:0.00M, Peak:0.00M | Scene, ViewLayer | Synchronizing object | Cylinder.001
Fra:1 Mem:26.96M (Peak 26.96M) | Time:00:00.00 | Mem:0.00M, Peak:0.00M | Scene, ViewLayer | Synchronizing object | Sphere.002
Fra:1 Mem:26.96M (Peak 26.96M) | Time:00:00.00 | Mem:0.00M, Peak:0.00M | Scene, ViewLayer | Synchronizing object | Sphere.003
Fra:1 Mem:26.98M (Peak 26.98M) | Time:00:00.00 | Mem:0.00M, Peak:0.00M | Scene, ViewLayer | Synchronizing object | Cylinder.002
Fra:1 Mem:26.99M (Peak 26.99M) | Time:00:00.00 | Mem:0.00M, Peak:0.00M | Scene, ViewLayer | Synchronizing object | Sphere.047
Fra:1 Mem:27.00M (Peak 27.00M) | Time:00:00.00 | Mem:0.00M, Peak:0.00M | Scene, ViewLayer | Synchronizing object | Sphere.005
Fra:1 Mem:27.00M (Peak 27.00M) | Time:00:00.00 | Mem:0.00M, Peak:0.00M | Scene, ViewLayer | Synchronizing object | Cylinder.003
Fra:1 Mem:27.03M (Peak 27.03M) | Time:00:00.00 | Mem:0.00M, Peak:0.00M | Scene, ViewLayer | Synchronizing object | Sphere.046
Fra:1 Mem:27.04M (Peak 27.04M) | Time:00:00.00 | Mem:0.00M, Peak:0.00M | Scene, ViewLayer | Synchronizing object | Sphere.007
Fra:1 Mem:27.04M (Peak 27.04M) | Time:00:00.00 | Mem:0.00M, Peak:0.00M | Scene, ViewLayer | Synchronizing object | Cylinder.023
Fra:1 Mem:27.05M (Peak 27.05M) | Time:00:00.00 | Mem:0.00M, Peak:0.00M | Scene, ViewLayer | Synchronizing object | Cylinder.004
Fra:1 Mem:27.05M (Peak 27.05M) | Time:00:00.00 | Mem:0.00M, Peak:0.00M | Scene, ViewLayer | Synchronizing object | Sphere.045
Fra:1 Mem:27.06M (Peak 27.06M) | Time:00:00.00 | Mem:0.00M, Peak:0.00M | Scene, ViewLayer | Synchronizing object | Sphere.008
Fra:1 Mem:27.09M (Peak 27.09M) | Time:00:00.00 | Mem:0.00M, Peak:0.00M | Scene, ViewLayer | Synchronizing object | Sphere.044
Fra:1 Mem:27.10M (Peak 27.10M) | Time:00:00.00 | Mem:0.00M, Peak:0.00M | Scene, ViewLayer | Synchronizing object | Cylinder.005
Fra:1 Mem:27.11M (Peak 27.11M) | Time:00:00.00 | Mem:0.00M, Peak:0.00M | Scene, ViewLayer | Synchronizing object | Cylinder.022
Fra:1 Mem:27.12M (Peak 27.12M) | Time:00:00.00 | Mem:0.00M, Peak:0.00M | Scene, ViewLayer | Synchronizing object | Sphere.010
Fra:1 Mem:27.12M (Peak 27.12M) | Time:00:00.00 | Mem:0.00M, Peak:0.00M | Scene, ViewLayer | Synchronizing object | Sphere.011
Fra:1 Mem:27.12M (Peak 27.12M) | Time:00:00.00 | Mem:0.00M, Peak:0.00M | Scene, ViewLayer | Synchronizing object | Sphere.043
Fra:1 Mem:27.14M (Peak 27.14M) | Time:00:00.00 | Mem:0.00M, Peak:0.00M | Scene, ViewLayer | Synchronizing object | Cylinder.006
Fra:1 Mem:27.15M (Peak 27.15M) | Time:00:00.00 | Mem:0.00M, Peak:0.00M | Scene, ViewLayer | Synchronizing object | Sphere.042
Fra:1 Mem:27.16M (Peak 27.16M) | Time:00:00.00 | Mem:0.00M, Peak:0.00M | Scene, ViewLayer | Synchronizing object | Sphere.012
Fra:1 Mem:27.17M (Peak 27.17M) | Time:00:00.00 | Mem:0.00M, Peak:0.00M | Scene, ViewLayer | Synchronizing object | Cylinder.021
Fra:1 Mem:27.17M (Peak 27.17M) | Time:00:00.00 | Mem:0.00M, Peak:0.00M | Scene, ViewLayer | Synchronizing object | Sphere.013
Fra:1 Mem:27.20M (Peak 27.20M) | Time:00:00.00 | Mem:0.00M, Peak:0.00M | Scene, ViewLayer | Synchronizing object | Cylinder.007
Fra:1 Mem:27.20M (Peak 27.20M) | Time:00:00.00 | Mem:0.00M, Peak:0.00M | Scene, ViewLayer | Synchronizing object | Sphere.041
Fra:1 Mem:27.21M (Peak 27.21M) | Time:00:00.00 | Mem:0.00M, Peak:0.00M | Scene, ViewLayer | Synchronizing object | Sphere.015
Fra:1 Mem:27.22M (Peak 27.22M) | Time:00:00.00 | Mem:0.00M, Peak:0.00M | Scene, ViewLayer | Synchronizing object | Sphere.040
Fra:1 Mem:27.23M (Peak 27.23M) | Time:00:00.00 | Mem:0.00M, Peak:0.00M | Scene, ViewLayer | Synchronizing object | Cylinder.008
Fra:1 Mem:27.25M (Peak 27.25M) | Time:00:00.00 | Mem:0.00M, Peak:0.00M | Scene, ViewLayer | Synchronizing object | Sphere.016
Fra:1 Mem:27.26M (Peak 27.26M) | Time:00:00.00 | Mem:0.00M, Peak:0.00M | Scene, ViewLayer | Synchronizing object | Cylinder.020
Fra:1 Mem:27.27M (Peak 27.27M) | Time:00:00.00 | Mem:0.00M, Peak:0.00M | Scene, ViewLayer | Synchronizing object | Cylinder.009
Fra:1 Mem:27.28M (Peak 27.28M) | Time:00:00.00 | Mem:0.00M, Peak:0.00M | Scene, ViewLayer | Synchronizing object | Sphere.039
Fra:1 Mem:27.29M (Peak 27.29M) | Time:00:00.00 | Mem:0.00M, Peak:0.00M | Scene, ViewLayer | Synchronizing object | Sphere.019
Fra:1 Mem:27.31M (Peak 27.31M) | Time:00:00.00 | Mem:0.00M, Peak:0.00M | Scene, ViewLayer | Synchronizing object | Sphere.038
Fra:1 Mem:27.31M (Peak 27.31M) | Time:00:00.00 | Mem:0.00M, Peak:0.00M | Scene, ViewLayer | Synchronizing object | Cylinder.010
Fra:1 Mem:27.33M (Peak 27.33M) | Time:00:00.00 | Mem:0.00M, Peak:0.00M | Scene, ViewLayer | Synchronizing object | Sphere.020
Fra:1 Mem:27.34M (Peak 27.34M) | Time:00:00.00 | Mem:0.00M, Peak:0.00M | Scene, ViewLayer | Synchronizing object | Cylinder.019
Fra:1 Mem:27.35M (Peak 27.35M) | Time:00:00.00 | Mem:0.00M, Peak:0.00M | Scene, ViewLayer | Synchronizing object | Cylinder.011
Fra:1 Mem:27.36M (Peak 27.36M) | Time:00:00.00 | Mem:0.00M, Peak:0.00M | Scene, ViewLayer | Synchronizing object | Sphere.037
Fra:1 Mem:27.36M (Peak 27.36M) | Time:00:00.00 | Mem:0.00M, Peak:0.00M | Scene, ViewLayer | Synchronizing object | Sphere.022
Fra:1 Mem:27.37M (Peak 27.37M) | Time:00:00.00 | Mem:0.00M, Peak:0.00M | Scene, ViewLayer | Synchronizing object | Sphere.023
Fra:1 Mem:27.39M (Peak 27.39M) | Time:00:00.00 | Mem:0.00M, Peak:0.00M | Scene, ViewLayer | Synchronizing object | Cylinder.012
Fra:1 Mem:27.40M (Peak 27.40M) | Time:00:00.00 | Mem:0.00M, Peak:0.00M | Scene, ViewLayer | Synchronizing object | Sphere.024
Fra:1 Mem:27.40M (Peak 27.40M) | Time:00:00.00 | Mem:0.00M, Peak:0.00M | Scene, ViewLayer | Synchronizing object | Sphere.025
Fra:1 Mem:27.43M (Peak 27.43M) | Time:00:00.00 | Mem:0.00M, Peak:0.00M | Scene, ViewLayer | Synchronizing object | Cylinder.013
Fra:1 Mem:27.44M (Peak 27.44M) | Time:00:00.00 | Mem:0.00M, Peak:0.00M | Scene, ViewLayer | Synchronizing object | Sphere.026
Fra:1 Mem:27.45M (Peak 27.45M) | Time:00:00.00 | Mem:0.00M, Peak:0.00M | Scene, ViewLayer | Synchronizing object | Sphere.027
Fra:1 Mem:27.46M (Peak 27.46M) | Time:00:00.00 | Mem:0.00M, Peak:0.00M | Scene, ViewLayer | Synchronizing object | Cylinder.014
Fra:1 Mem:27.47M (Peak 27.47M) | Time:00:00.00 | Mem:0.00M, Peak:0.00M | Scene, ViewLayer | Synchronizing object | Sphere.028
Fra:1 Mem:27.48M (Peak 27.48M) | Time:00:00.00 | Mem:0.00M, Peak:0.00M | Scene, ViewLayer | Synchronizing object | Sphere.029
Fra:1 Mem:27.48M (Peak 27.48M) | Time:00:00.00 | Mem:0.00M, Peak:0.00M | Scene, ViewLayer | Synchronizing object | Cylinder.015
Fra:1 Mem:27.49M (Peak 27.49M) | Time:00:00.00 | Mem:0.00M, Peak:0.00M | Scene, ViewLayer | Synchronizing object | Sphere.035
Fra:1 Mem:27.50M (Peak 27.50M) | Time:00:00.00 | Mem:0.00M, Peak:0.00M | Scene, ViewLayer | Synchronizing object | Sphere.030
Fra:1 Mem:27.50M (Peak 27.50M) | Time:00:00.00 | Mem:0.00M, Peak:0.00M | Scene, ViewLayer | Synchronizing object | Sphere.031
Fra:1 Mem:27.53M (Peak 27.53M) | Time:00:00.00 | Mem:0.00M, Peak:0.00M | Scene, ViewLayer | Synchronizing object | Sphere.034
Fra:1 Mem:27.54M (Peak 27.54M) | Time:00:00.00 | Mem:0.00M, Peak:0.00M | Scene, ViewLayer | Synchronizing object | Sphere.032
Fra:1 Mem:27.56M (Peak 27.56M) | Time:00:00.00 | Mem:0.00M, Peak:0.00M | Scene, ViewLayer | Synchronizing object | Cylinder.017
Fra:1 Mem:27.56M (Peak 27.56M) | Time:00:00.00 | Mem:0.00M, Peak:0.00M | Scene, ViewLayer | Synchronizing object | Sphere.033
Fra:1 Mem:27.58M (Peak 27.58M) | Time:00:00.00 | Mem:0.00M, Peak:0.00M | Scene, ViewLayer | Initializing
Fra:1 Mem:21.94M (Peak 27.58M) | Time:00:00.00 | Mem:0.00M, Peak:0.00M | Scene, ViewLayer | Waiting for render to start
Fra:1 Mem:21.94M (Peak 27.58M) | Time:00:00.00 | Mem:0.00M, Peak:0.00M | Scene, ViewLayer | Loading render kernels (may take a few minutes the first time)
Fra:1 Mem:21.94M (Peak 27.58M) | Time:00:00.00 | Mem:0.00M, Peak:0.00M | Scene, ViewLayer | Updating Scene
Fra:1 Mem:21.94M (Peak 27.58M) | Time:00:00.00 | Mem:0.00M, Peak:0.00M | Scene, ViewLayer | Updating Shaders
Fra:1 Mem:22.07M (Peak 27.58M) | Time:00:00.00 | Mem:0.05M, Peak:0.05M | Scene, ViewLayer | Updating Procedurals
Fra:1 Mem:22.07M (Peak 27.58M) | Time:00:00.00 | Mem:0.05M, Peak:0.05M | Scene, ViewLayer | Updating Background
Fra:1 Mem:22.07M (Peak 27.58M) | Time:00:00.00 | Mem:0.05M, Peak:0.05M | Scene, ViewLayer | Updating Camera
Fra:1 Mem:22.07M (Peak 27.58M) | Time:00:00.00 | Mem:0.05M, Peak:0.05M | Scene, ViewLayer | Updating Meshes Flags
Fra:1 Mem:22.07M (Peak 27.58M) | Time:00:00.00 | Mem:0.05M, Peak:0.05M | Scene, ViewLayer | Updating Objects
Fra:1 Mem:22.07M (Peak 27.58M) | Time:00:00.00 | Mem:0.05M, Peak:0.05M | Scene, ViewLayer | Updating Objects | Copying Transformations to device
Fra:1 Mem:22.09M (Peak 27.58M) | Time:00:00.00 | Mem:0.07M, Peak:0.07M | Scene, ViewLayer | Updating Objects | Applying Static Transformations
Fra:1 Mem:22.09M (Peak 27.58M) | Time:00:00.00 | Mem:0.07M, Peak:0.07M | Scene, ViewLayer | Updating Particle Systems
Fra:1 Mem:22.09M (Peak 27.58M) | Time:00:00.00 | Mem:0.07M, Peak:0.07M | Scene, ViewLayer | Updating Particle Systems | Copying Particles to device
Fra:1 Mem:22.09M (Peak 27.58M) | Time:00:00.00 | Mem:0.07M, Peak:0.07M | Scene, ViewLayer | Updating Meshes
Fra:1 Mem:22.30M (Peak 27.58M) | Time:00:00.00 | Mem:0.07M, Peak:0.07M | Scene, ViewLayer | Updating Mesh | Computing attributes
Fra:1 Mem:22.46M (Peak 27.58M) | Time:00:00.00 | Mem:0.07M, Peak:0.07M | Scene, ViewLayer | Updating Mesh | Copying Attributes to device
Fra:1 Mem:22.45M (Peak 27.58M) | Time:00:00.00 | Mem:0.21M, Peak:0.21M | Scene, ViewLayer | Updating Scene BVH | Building
Fra:1 Mem:22.45M (Peak 27.58M) | Time:00:00.00 | Mem:0.21M, Peak:0.21M | Scene, ViewLayer | Updating Scene BVH | Building BVH
Fra:1 Mem:22.45M (Peak 27.58M) | Time:00:00.00 | Mem:0.64M, Peak:0.64M | Scene, ViewLayer | Updating Scene BVH | Building BVH 0%
Fra:1 Mem:22.45M (Peak 27.58M) | Time:00:00.01 | Mem:1.14M, Peak:1.56M | Scene, ViewLayer | Updating Scene BVH | Copying BVH to device
Fra:1 Mem:22.45M (Peak 27.58M) | Time:00:00.01 | Mem:1.14M, Peak:1.56M | Scene, ViewLayer | Updating Mesh | Computing normals
Fra:1 Mem:23.08M (Peak 27.58M) | Time:00:00.01 | Mem:1.14M, Peak:1.56M | Scene, ViewLayer | Updating Mesh | Copying Mesh to device
Fra:1 Mem:23.08M (Peak 27.58M) | Time:00:00.01 | Mem:1.77M, Peak:1.77M | Scene, ViewLayer | Updating Objects Flags
Fra:1 Mem:23.08M (Peak 27.58M) | Time:00:00.01 | Mem:1.78M, Peak:1.78M | Scene, ViewLayer | Updating Primitive Offsets
Fra:1 Mem:23.08M (Peak 27.58M) | Time:00:00.01 | Mem:1.78M, Peak:1.78M | Scene, ViewLayer | Updating Images
Fra:1 Mem:23.08M (Peak 27.58M) | Time:00:00.01 | Mem:1.78M, Peak:1.78M | Scene, ViewLayer | Updating Camera Volume
Fra:1 Mem:23.08M (Peak 27.58M) | Time:00:00.01 | Mem:1.78M, Peak:1.78M | Scene, ViewLayer | Updating Lookup Tables
Fra:1 Mem:23.08M (Peak 27.58M) | Time:00:00.01 | Mem:1.86M, Peak:1.86M | Scene, ViewLayer | Updating Lights
Fra:1 Mem:23.08M (Peak 27.58M) | Time:00:00.01 | Mem:1.86M, Peak:1.86M | Scene, ViewLayer | Updating Lights | Computing distribution
Fra:1 Mem:23.08M (Peak 27.58M) | Time:00:00.01 | Mem:1.86M, Peak:1.86M | Scene, ViewLayer | Updating Lights | Computing tree
Fra:1 Mem:23.09M (Peak 27.58M) | Time:00:00.01 | Mem:1.86M, Peak:1.86M | Scene, ViewLayer | Updating Integrator
Fra:1 Mem:24.09M (Peak 27.58M) | Time:00:00.01 | Mem:2.86M, Peak:2.86M | Scene, ViewLayer | Updating Film
Fra:1 Mem:24.09M (Peak 27.58M) | Time:00:00.01 | Mem:2.78M, Peak:2.86M | Scene, ViewLayer | Updating Lookup Tables
Fra:1 Mem:24.09M (Peak 27.58M) | Time:00:00.01 | Mem:2.86M, Peak:2.86M | Scene, ViewLayer | Updating Baking
Fra:1 Mem:24.09M (Peak 27.58M) | Time:00:00.01 | Mem:2.86M, Peak:2.86M | Scene, ViewLayer | Updating Device | Writing constant memory
Fra:1 Mem:24.09M (Peak 27.58M) | Time:00:00.01 | Mem:2.86M, Peak:2.86M | Scene, ViewLayer | Sample 0/24
Fra:1 Mem:73.68M (Peak 73.68M) | Time:00:00.13 | Remaining:00:02.84 | Mem:52.44M, Peak:52.44M | Scene, ViewLayer | Sample 1/24
Fra:1 Mem:94.56M (Peak 125.87M) | Time:00:05.31 | Mem:52.44M, Peak:52.44M | Scene, ViewLayer | Sample 24/24
Fra:1 Mem:94.56M (Peak 125.87M) | Time:00:05.31 | Mem:52.44M, Peak:52.44M | Scene, ViewLayer | Finished
Saved: '/vepfs_default/chanxueyan/lhp/lms/aDSL/temp/core_showcase_20260929/panels/SF13_exploded.png'
Time: 00:05.38 (Saving: 00:00.06)

PANEL_DONE SF13_exploded
Fra:1 Mem:12.14M (Peak 12.14M) | Time:00:00.00 | Mem:0.00M, Peak:0.00M | Scene, ViewLayer | Synchronizing object | tabletop
Fra:1 Mem:12.15M (Peak 12.15M) | Time:00:00.00 | Mem:0.00M, Peak:0.00M | Scene, ViewLayer | Synchronizing object | lower_brace
Fra:1 Mem:12.15M (Peak 12.15M) | Time:00:00.00 | Mem:0.00M, Peak:0.00M | Scene, ViewLayer | Synchronizing object | right_pedestal
Fra:1 Mem:12.19M (Peak 12.19M) | Time:00:00.00 | Mem:0.00M, Peak:0.00M | Scene, ViewLayer | Synchronizing object | upper_brace
Fra:1 Mem:12.20M (Peak 12.20M) | Time:00:00.00 | Mem:0.00M, Peak:0.00M | Scene, ViewLayer | Initializing
Fra:1 Mem:11.73M (Peak 12.20M) | Time:00:00.00 | Mem:0.00M, Peak:0.00M | Scene, ViewLayer | Waiting for render to start
Fra:1 Mem:11.74M (Peak 12.20M) | Time:00:00.00 | Mem:0.00M, Peak:0.00M | Scene, ViewLayer | Loading render kernels (may take a few minutes the first time)
Fra:1 Mem:11.74M (Peak 12.20M) | Time:00:00.00 | Mem:0.00M, Peak:0.00M | Scene, ViewLayer | Updating Scene
Fra:1 Mem:11.74M (Peak 12.20M) | Time:00:00.00 | Mem:0.00M, Peak:0.00M | Scene, ViewLayer | Updating Shaders
Fra:1 Mem:11.82M (Peak 12.20M) | Time:00:00.00 | Mem:0.00M, Peak:0.00M | Scene, ViewLayer | Updating Procedurals
Fra:1 Mem:11.82M (Peak 12.20M) | Time:00:00.00 | Mem:0.00M, Peak:0.00M | Scene, ViewLayer | Updating Background
Fra:1 Mem:11.82M (Peak 12.20M) | Time:00:00.00 | Mem:0.00M, Peak:0.00M | Scene, ViewLayer | Updating Camera
Fra:1 Mem:11.82M (Peak 12.20M) | Time:00:00.00 | Mem:0.00M, Peak:0.00M | Scene, ViewLayer | Updating Meshes Flags
Fra:1 Mem:11.82M (Peak 12.20M) | Time:00:00.00 | Mem:0.00M, Peak:0.00M | Scene, ViewLayer | Updating Objects
Fra:1 Mem:11.82M (Peak 12.20M) | Time:00:00.00 | Mem:0.00M, Peak:0.00M | Scene, ViewLayer | Updating Objects | Copying Transformations to device
Fra:1 Mem:11.82M (Peak 12.20M) | Time:00:00.00 | Mem:0.01M, Peak:0.01M | Scene, ViewLayer | Updating Objects | Applying Static Transformations
Fra:1 Mem:11.82M (Peak 12.20M) | Time:00:00.00 | Mem:0.01M, Peak:0.01M | Scene, ViewLayer | Updating Particle Systems
Fra:1 Mem:11.82M (Peak 12.20M) | Time:00:00.00 | Mem:0.01M, Peak:0.01M | Scene, ViewLayer | Updating Particle Systems | Copying Particles to device
Fra:1 Mem:11.82M (Peak 12.20M) | Time:00:00.00 | Mem:0.01M, Peak:0.01M | Scene, ViewLayer | Updating Meshes
Fra:1 Mem:11.83M (Peak 12.20M) | Time:00:00.00 | Mem:0.01M, Peak:0.01M | Scene, ViewLayer | Updating Mesh | Computing attributes
Fra:1 Mem:11.84M (Peak 12.20M) | Time:00:00.00 | Mem:0.01M, Peak:0.01M | Scene, ViewLayer | Updating Mesh | Copying Attributes to device
Fra:1 Mem:11.84M (Peak 12.20M) | Time:00:00.00 | Mem:0.02M, Peak:0.02M | Scene, ViewLayer | Updating Scene BVH | Building
Fra:1 Mem:11.84M (Peak 12.20M) | Time:00:00.00 | Mem:0.02M, Peak:0.02M | Scene, ViewLayer | Updating Scene BVH | Building BVH
Fra:1 Mem:11.84M (Peak 12.20M) | Time:00:00.00 | Mem:0.03M, Peak:0.03M | Scene, ViewLayer | Updating Scene BVH | Building BVH 0%
Fra:1 Mem:11.84M (Peak 12.20M) | Time:00:00.00 | Mem:0.04M, Peak:0.05M | Scene, ViewLayer | Updating Scene BVH | Copying BVH to device
Fra:1 Mem:11.84M (Peak 12.20M) | Time:00:00.00 | Mem:0.04M, Peak:0.05M | Scene, ViewLayer | Updating Mesh | Computing normals
Fra:1 Mem:11.88M (Peak 12.20M) | Time:00:00.00 | Mem:0.04M, Peak:0.05M | Scene, ViewLayer | Updating Mesh | Copying Mesh to device
Fra:1 Mem:11.88M (Peak 12.20M) | Time:00:00.00 | Mem:0.08M, Peak:0.08M | Scene, ViewLayer | Updating Objects Flags
Fra:1 Mem:11.88M (Peak 12.20M) | Time:00:00.00 | Mem:0.08M, Peak:0.08M | Scene, ViewLayer | Updating Primitive Offsets
Fra:1 Mem:11.88M (Peak 12.20M) | Time:00:00.00 | Mem:0.08M, Peak:0.08M | Scene, ViewLayer | Updating Images
Fra:1 Mem:11.88M (Peak 12.20M) | Time:00:00.00 | Mem:0.08M, Peak:0.08M | Scene, ViewLayer | Updating Camera Volume
Fra:1 Mem:11.88M (Peak 12.20M) | Time:00:00.00 | Mem:0.08M, Peak:0.08M | Scene, ViewLayer | Updating Lookup Tables
Fra:1 Mem:11.88M (Peak 12.20M) | Time:00:00.00 | Mem:0.16M, Peak:0.16M | Scene, ViewLayer | Updating Lights
Fra:1 Mem:11.88M (Peak 12.20M) | Time:00:00.00 | Mem:0.16M, Peak:0.16M | Scene, ViewLayer | Updating Lights | Computing distribution
Fra:1 Mem:11.88M (Peak 12.20M) | Time:00:00.00 | Mem:0.16M, Peak:0.16M | Scene, ViewLayer | Updating Lights | Computing tree
Fra:1 Mem:11.88M (Peak 12.20M) | Time:00:00.00 | Mem:0.16M, Peak:0.16M | Scene, ViewLayer | Updating Integrator
Fra:1 Mem:12.88M (Peak 12.88M) | Time:00:00.00 | Mem:1.16M, Peak:1.16M | Scene, ViewLayer | Updating Film
Fra:1 Mem:12.89M (Peak 12.89M) | Time:00:00.00 | Mem:1.08M, Peak:1.16M | Scene, ViewLayer | Updating Lookup Tables
Fra:1 Mem:12.89M (Peak 12.89M) | Time:00:00.00 | Mem:1.17M, Peak:1.17M | Scene, ViewLayer | Updating Baking
Fra:1 Mem:12.89M (Peak 12.89M) | Time:00:00.00 | Mem:1.17M, Peak:1.17M | Scene, ViewLayer | Updating Device | Writing constant memory
Fra:1 Mem:12.89M (Peak 12.89M) | Time:00:00.00 | Mem:1.17M, Peak:1.17M | Scene, ViewLayer | Sample 0/24
Fra:1 Mem:62.48M (Peak 62.48M) | Time:00:00.16 | Remaining:00:03.83 | Mem:50.74M, Peak:50.74M | Scene, ViewLayer | Sample 1/24
Fra:1 Mem:83.35M (Peak 114.67M) | Time:00:06.05 | Mem:50.74M, Peak:50.74M | Scene, ViewLayer | Sample 24/24
Fra:1 Mem:83.35M (Peak 114.67M) | Time:00:06.05 | Mem:50.74M, Peak:50.74M | Scene, ViewLayer | Finished
Saved: '/vepfs_default/chanxueyan/lhp/lms/aDSL/temp/core_showcase_20260929/panels/SF10_before_assembled.png'
Time: 00:06.11 (Saving: 00:00.06)

PANEL_DONE SF10_before_assembled
Fra:1 Mem:12.14M (Peak 12.14M) | Time:00:00.00 | Mem:0.00M, Peak:0.00M | Scene, ViewLayer | Synchronizing object | tabletop
Fra:1 Mem:12.14M (Peak 12.14M) | Time:00:00.00 | Mem:0.00M, Peak:0.00M | Scene, ViewLayer | Synchronizing object | lower_brace
Fra:1 Mem:12.15M (Peak 12.15M) | Time:00:00.00 | Mem:0.00M, Peak:0.00M | Scene, ViewLayer | Synchronizing object | right_pedestal
Fra:1 Mem:12.17M (Peak 12.17M) | Time:00:00.00 | Mem:0.00M, Peak:0.00M | Scene, ViewLayer | Synchronizing object | upper_brace
Fra:1 Mem:12.20M (Peak 12.20M) | Time:00:00.00 | Mem:0.00M, Peak:0.00M | Scene, ViewLayer | Initializing
Fra:1 Mem:11.73M (Peak 12.20M) | Time:00:00.00 | Mem:0.00M, Peak:0.00M | Scene, ViewLayer | Waiting for render to start
Fra:1 Mem:11.74M (Peak 12.20M) | Time:00:00.00 | Mem:0.00M, Peak:0.00M | Scene, ViewLayer | Loading render kernels (may take a few minutes the first time)
Fra:1 Mem:11.74M (Peak 12.20M) | Time:00:00.00 | Mem:0.00M, Peak:0.00M | Scene, ViewLayer | Updating Scene
Fra:1 Mem:11.74M (Peak 12.20M) | Time:00:00.00 | Mem:0.00M, Peak:0.00M | Scene, ViewLayer | Updating Shaders
Fra:1 Mem:11.82M (Peak 12.20M) | Time:00:00.00 | Mem:0.00M, Peak:0.00M | Scene, ViewLayer | Updating Procedurals
Fra:1 Mem:11.82M (Peak 12.20M) | Time:00:00.00 | Mem:0.00M, Peak:0.00M | Scene, ViewLayer | Updating Background
Fra:1 Mem:11.82M (Peak 12.20M) | Time:00:00.00 | Mem:0.00M, Peak:0.00M | Scene, ViewLayer | Updating Camera
Fra:1 Mem:11.82M (Peak 12.20M) | Time:00:00.00 | Mem:0.00M, Peak:0.00M | Scene, ViewLayer | Updating Meshes Flags
Fra:1 Mem:11.82M (Peak 12.20M) | Time:00:00.00 | Mem:0.00M, Peak:0.00M | Scene, ViewLayer | Updating Objects
Fra:1 Mem:11.82M (Peak 12.20M) | Time:00:00.00 | Mem:0.00M, Peak:0.00M | Scene, ViewLayer | Updating Objects | Copying Transformations to device
Fra:1 Mem:11.82M (Peak 12.20M) | Time:00:00.00 | Mem:0.01M, Peak:0.01M | Scene, ViewLayer | Updating Objects | Applying Static Transformations
Fra:1 Mem:11.82M (Peak 12.20M) | Time:00:00.00 | Mem:0.01M, Peak:0.01M | Scene, ViewLayer | Updating Particle Systems
Fra:1 Mem:11.82M (Peak 12.20M) | Time:00:00.00 | Mem:0.01M, Peak:0.01M | Scene, ViewLayer | Updating Particle Systems | Copying Particles to device
Fra:1 Mem:11.82M (Peak 12.20M) | Time:00:00.00 | Mem:0.01M, Peak:0.01M | Scene, ViewLayer | Updating Meshes
Fra:1 Mem:11.83M (Peak 12.20M) | Time:00:00.00 | Mem:0.01M, Peak:0.01M | Scene, ViewLayer | Updating Mesh | Computing attributes
Fra:1 Mem:11.84M (Peak 12.20M) | Time:00:00.00 | Mem:0.01M, Peak:0.01M | Scene, ViewLayer | Updating Mesh | Copying Attributes to device
Fra:1 Mem:11.84M (Peak 12.20M) | Time:00:00.00 | Mem:0.02M, Peak:0.02M | Scene, ViewLayer | Updating Scene BVH | Building
Fra:1 Mem:11.84M (Peak 12.20M) | Time:00:00.00 | Mem:0.02M, Peak:0.02M | Scene, ViewLayer | Updating Scene BVH | Building BVH
Fra:1 Mem:11.84M (Peak 12.20M) | Time:00:00.00 | Mem:0.03M, Peak:0.03M | Scene, ViewLayer | Updating Scene BVH | Building BVH 0%
Fra:1 Mem:11.84M (Peak 12.20M) | Time:00:00.00 | Mem:0.05M, Peak:0.06M | Scene, ViewLayer | Updating Scene BVH | Copying BVH to device
Fra:1 Mem:11.84M (Peak 12.20M) | Time:00:00.00 | Mem:0.05M, Peak:0.06M | Scene, ViewLayer | Updating Mesh | Computing normals
Fra:1 Mem:11.88M (Peak 12.20M) | Time:00:00.00 | Mem:0.05M, Peak:0.06M | Scene, ViewLayer | Updating Mesh | Copying Mesh to device
Fra:1 Mem:11.88M (Peak 12.20M) | Time:00:00.00 | Mem:0.09M, Peak:0.09M | Scene, ViewLayer | Updating Objects Flags
Fra:1 Mem:11.88M (Peak 12.20M) | Time:00:00.00 | Mem:0.09M, Peak:0.09M | Scene, ViewLayer | Updating Primitive Offsets
Fra:1 Mem:11.88M (Peak 12.20M) | Time:00:00.00 | Mem:0.09M, Peak:0.09M | Scene, ViewLayer | Updating Images
Fra:1 Mem:11.88M (Peak 12.20M) | Time:00:00.00 | Mem:0.09M, Peak:0.09M | Scene, ViewLayer | Updating Camera Volume
Fra:1 Mem:11.88M (Peak 12.20M) | Time:00:00.00 | Mem:0.09M, Peak:0.09M | Scene, ViewLayer | Updating Lookup Tables
Fra:1 Mem:11.88M (Peak 12.20M) | Time:00:00.00 | Mem:0.17M, Peak:0.17M | Scene, ViewLayer | Updating Lights
Fra:1 Mem:11.88M (Peak 12.20M) | Time:00:00.00 | Mem:0.17M, Peak:0.17M | Scene, ViewLayer | Updating Lights | Computing distribution
Fra:1 Mem:11.88M (Peak 12.20M) | Time:00:00.00 | Mem:0.17M, Peak:0.17M | Scene, ViewLayer | Updating Lights | Computing tree
Fra:1 Mem:11.88M (Peak 12.20M) | Time:00:00.00 | Mem:0.17M, Peak:0.17M | Scene, ViewLayer | Updating Integrator
Fra:1 Mem:12.88M (Peak 12.88M) | Time:00:00.00 | Mem:1.17M, Peak:1.17M | Scene, ViewLayer | Updating Film
Fra:1 Mem:12.89M (Peak 12.89M) | Time:00:00.00 | Mem:1.09M, Peak:1.17M | Scene, ViewLayer | Updating Lookup Tables
Fra:1 Mem:12.89M (Peak 12.89M) | Time:00:00.00 | Mem:1.17M, Peak:1.17M | Scene, ViewLayer | Updating Baking
Fra:1 Mem:12.89M (Peak 12.89M) | Time:00:00.00 | Mem:1.17M, Peak:1.17M | Scene, ViewLayer | Updating Device | Writing constant memory
Fra:1 Mem:12.89M (Peak 12.89M) | Time:00:00.00 | Mem:1.17M, Peak:1.17M | Scene, ViewLayer | Sample 0/24
Fra:1 Mem:62.48M (Peak 62.48M) | Time:00:00.11 | Remaining:00:02.64 | Mem:50.75M, Peak:50.75M | Scene, ViewLayer | Sample 1/24
Fra:1 Mem:83.35M (Peak 114.67M) | Time:00:04.67 | Mem:50.75M, Peak:50.75M | Scene, ViewLayer | Sample 24/24
Fra:1 Mem:83.35M (Peak 114.67M) | Time:00:04.67 | Mem:50.75M, Peak:50.75M | Scene, ViewLayer | Finished
Saved: '/vepfs_default/chanxueyan/lhp/lms/aDSL/temp/core_showcase_20260929/panels/SF10_before_exploded.png'
Time: 00:04.74 (Saving: 00:00.05)

PANEL_DONE SF10_before_exploded
Fra:1 Mem:11.95M (Peak 11.95M) | Time:00:00.00 | Mem:0.00M, Peak:0.00M | Scene, ViewLayer | Synchronizing object | tabletop
Fra:1 Mem:11.95M (Peak 11.95M) | Time:00:00.00 | Mem:0.00M, Peak:0.00M | Scene, ViewLayer | Synchronizing object | upper_brace
Fra:1 Mem:11.98M (Peak 11.98M) | Time:00:00.00 | Mem:0.00M, Peak:0.00M | Scene, ViewLayer | Synchronizing object | right_pedestal
Fra:1 Mem:12.00M (Peak 12.00M) | Time:00:00.00 | Mem:0.00M, Peak:0.00M | Scene, ViewLayer | Initializing
Fra:1 Mem:11.61M (Peak 12.00M) | Time:00:00.00 | Mem:0.00M, Peak:0.00M | Scene, ViewLayer | Waiting for render to start
Fra:1 Mem:11.61M (Peak 12.00M) | Time:00:00.00 | Mem:0.00M, Peak:0.00M | Scene, ViewLayer | Loading render kernels (may take a few minutes the first time)
Fra:1 Mem:11.61M (Peak 12.00M) | Time:00:00.00 | Mem:0.00M, Peak:0.00M | Scene, ViewLayer | Updating Scene
Fra:1 Mem:11.61M (Peak 12.00M) | Time:00:00.00 | Mem:0.00M, Peak:0.00M | Scene, ViewLayer | Updating Shaders
Fra:1 Mem:11.70M (Peak 12.00M) | Time:00:00.00 | Mem:0.00M, Peak:0.00M | Scene, ViewLayer | Updating Procedurals
Fra:1 Mem:11.70M (Peak 12.00M) | Time:00:00.00 | Mem:0.00M, Peak:0.00M | Scene, ViewLayer | Updating Background
Fra:1 Mem:11.70M (Peak 12.00M) | Time:00:00.00 | Mem:0.00M, Peak:0.00M | Scene, ViewLayer | Updating Camera
Fra:1 Mem:11.70M (Peak 12.00M) | Time:00:00.00 | Mem:0.00M, Peak:0.00M | Scene, ViewLayer | Updating Meshes Flags
Fra:1 Mem:11.70M (Peak 12.00M) | Time:00:00.00 | Mem:0.00M, Peak:0.00M | Scene, ViewLayer | Updating Objects
Fra:1 Mem:11.70M (Peak 12.00M) | Time:00:00.00 | Mem:0.00M, Peak:0.00M | Scene, ViewLayer | Updating Objects | Copying Transformations to device
Fra:1 Mem:11.70M (Peak 12.00M) | Time:00:00.00 | Mem:0.00M, Peak:0.00M | Scene, ViewLayer | Updating Objects | Applying Static Transformations
Fra:1 Mem:11.70M (Peak 12.00M) | Time:00:00.00 | Mem:0.00M, Peak:0.00M | Scene, ViewLayer | Updating Particle Systems
Fra:1 Mem:11.70M (Peak 12.00M) | Time:00:00.00 | Mem:0.00M, Peak:0.00M | Scene, ViewLayer | Updating Particle Systems | Copying Particles to device
Fra:1 Mem:11.70M (Peak 12.00M) | Time:00:00.00 | Mem:0.00M, Peak:0.00M | Scene, ViewLayer | Updating Meshes
Fra:1 Mem:11.70M (Peak 12.00M) | Time:00:00.00 | Mem:0.00M, Peak:0.00M | Scene, ViewLayer | Updating Mesh | Computing attributes
Fra:1 Mem:11.71M (Peak 12.00M) | Time:00:00.00 | Mem:0.00M, Peak:0.00M | Scene, ViewLayer | Updating Mesh | Copying Attributes to device
Fra:1 Mem:11.71M (Peak 12.00M) | Time:00:00.00 | Mem:0.02M, Peak:0.02M | Scene, ViewLayer | Updating Scene BVH | Building
Fra:1 Mem:11.71M (Peak 12.00M) | Time:00:00.00 | Mem:0.02M, Peak:0.02M | Scene, ViewLayer | Updating Scene BVH | Building BVH
Fra:1 Mem:11.71M (Peak 12.00M) | Time:00:00.00 | Mem:0.03M, Peak:0.03M | Scene, ViewLayer | Updating Scene BVH | Building BVH 0%
Fra:1 Mem:11.71M (Peak 12.00M) | Time:00:00.00 | Mem:0.04M, Peak:0.05M | Scene, ViewLayer | Updating Scene BVH | Copying BVH to device
Fra:1 Mem:11.71M (Peak 12.00M) | Time:00:00.00 | Mem:0.04M, Peak:0.05M | Scene, ViewLayer | Updating Mesh | Computing normals
Fra:1 Mem:11.75M (Peak 12.00M) | Time:00:00.00 | Mem:0.04M, Peak:0.05M | Scene, ViewLayer | Updating Mesh | Copying Mesh to device
Fra:1 Mem:11.75M (Peak 12.00M) | Time:00:00.00 | Mem:0.08M, Peak:0.08M | Scene, ViewLayer | Updating Objects Flags
Fra:1 Mem:11.75M (Peak 12.00M) | Time:00:00.00 | Mem:0.08M, Peak:0.08M | Scene, ViewLayer | Updating Primitive Offsets
Fra:1 Mem:11.75M (Peak 12.00M) | Time:00:00.00 | Mem:0.08M, Peak:0.08M | Scene, ViewLayer | Updating Images
Fra:1 Mem:11.75M (Peak 12.00M) | Time:00:00.00 | Mem:0.08M, Peak:0.08M | Scene, ViewLayer | Updating Camera Volume
Fra:1 Mem:11.75M (Peak 12.00M) | Time:00:00.00 | Mem:0.08M, Peak:0.08M | Scene, ViewLayer | Updating Lookup Tables
Fra:1 Mem:11.75M (Peak 12.00M) | Time:00:00.00 | Mem:0.16M, Peak:0.16M | Scene, ViewLayer | Updating Lights
Fra:1 Mem:11.75M (Peak 12.00M) | Time:00:00.00 | Mem:0.16M, Peak:0.16M | Scene, ViewLayer | Updating Lights | Computing distribution
Fra:1 Mem:11.75M (Peak 12.00M) | Time:00:00.00 | Mem:0.16M, Peak:0.16M | Scene, ViewLayer | Updating Lights | Computing tree
Fra:1 Mem:11.75M (Peak 12.00M) | Time:00:00.00 | Mem:0.16M, Peak:0.16M | Scene, ViewLayer | Updating Integrator
Fra:1 Mem:12.75M (Peak 12.75M) | Time:00:00.00 | Mem:1.16M, Peak:1.16M | Scene, ViewLayer | Updating Film
Fra:1 Mem:12.76M (Peak 12.76M) | Time:00:00.00 | Mem:1.08M, Peak:1.16M | Scene, ViewLayer | Updating Lookup Tables
Fra:1 Mem:12.76M (Peak 12.76M) | Time:00:00.00 | Mem:1.16M, Peak:1.16M | Scene, ViewLayer | Updating Baking
Fra:1 Mem:12.76M (Peak 12.76M) | Time:00:00.00 | Mem:1.16M, Peak:1.16M | Scene, ViewLayer | Updating Device | Writing constant memory
Fra:1 Mem:12.76M (Peak 12.76M) | Time:00:00.00 | Mem:1.16M, Peak:1.16M | Scene, ViewLayer | Sample 0/24
Fra:1 Mem:62.35M (Peak 62.35M) | Time:00:00.15 | Remaining:00:03.48 | Mem:50.74M, Peak:50.74M | Scene, ViewLayer | Sample 1/24
Fra:1 Mem:83.22M (Peak 114.54M) | Time:00:06.05 | Mem:50.74M, Peak:50.74M | Scene, ViewLayer | Sample 24/24
Fra:1 Mem:83.22M (Peak 114.54M) | Time:00:06.05 | Mem:50.74M, Peak:50.74M | Scene, ViewLayer | Finished
Saved: '/vepfs_default/chanxueyan/lhp/lms/aDSL/temp/core_showcase_20260929/panels/SF10_after_assembled.png'
Time: 00:06.11 (Saving: 00:00.06)

PANEL_DONE SF10_after_assembled
Fra:1 Mem:11.95M (Peak 11.95M) | Time:00:00.00 | Mem:0.00M, Peak:0.00M | Scene, ViewLayer | Synchronizing object | tabletop
Fra:1 Mem:11.95M (Peak 11.95M) | Time:00:00.00 | Mem:0.00M, Peak:0.00M | Scene, ViewLayer | Synchronizing object | upper_brace
Fra:1 Mem:11.96M (Peak 11.96M) | Time:00:00.00 | Mem:0.00M, Peak:0.00M | Scene, ViewLayer | Synchronizing object | right_pedestal
Fra:1 Mem:12.00M (Peak 12.00M) | Time:00:00.00 | Mem:0.00M, Peak:0.00M | Scene, ViewLayer | Initializing
Fra:1 Mem:11.61M (Peak 12.00M) | Time:00:00.00 | Mem:0.00M, Peak:0.00M | Scene, ViewLayer | Waiting for render to start
Fra:1 Mem:11.61M (Peak 12.00M) | Time:00:00.00 | Mem:0.00M, Peak:0.00M | Scene, ViewLayer | Loading render kernels (may take a few minutes the first time)
Fra:1 Mem:11.61M (Peak 12.00M) | Time:00:00.00 | Mem:0.00M, Peak:0.00M | Scene, ViewLayer | Updating Scene
Fra:1 Mem:11.61M (Peak 12.00M) | Time:00:00.00 | Mem:0.00M, Peak:0.00M | Scene, ViewLayer | Updating Shaders
Fra:1 Mem:11.70M (Peak 12.00M) | Time:00:00.00 | Mem:0.00M, Peak:0.00M | Scene, ViewLayer | Updating Procedurals
Fra:1 Mem:11.70M (Peak 12.00M) | Time:00:00.00 | Mem:0.00M, Peak:0.00M | Scene, ViewLayer | Updating Background
Fra:1 Mem:11.70M (Peak 12.00M) | Time:00:00.00 | Mem:0.00M, Peak:0.00M | Scene, ViewLayer | Updating Camera
Fra:1 Mem:11.70M (Peak 12.00M) | Time:00:00.00 | Mem:0.00M, Peak:0.00M | Scene, ViewLayer | Updating Meshes Flags
Fra:1 Mem:11.70M (Peak 12.00M) | Time:00:00.00 | Mem:0.00M, Peak:0.00M | Scene, ViewLayer | Updating Objects
Fra:1 Mem:11.70M (Peak 12.00M) | Time:00:00.00 | Mem:0.00M, Peak:0.00M | Scene, ViewLayer | Updating Objects | Copying Transformations to device
Fra:1 Mem:11.70M (Peak 12.00M) | Time:00:00.00 | Mem:0.00M, Peak:0.00M | Scene, ViewLayer | Updating Objects | Applying Static Transformations
Fra:1 Mem:11.70M (Peak 12.00M) | Time:00:00.00 | Mem:0.00M, Peak:0.00M | Scene, ViewLayer | Updating Particle Systems
Fra:1 Mem:11.70M (Peak 12.00M) | Time:00:00.00 | Mem:0.00M, Peak:0.00M | Scene, ViewLayer | Updating Particle Systems | Copying Particles to device
Fra:1 Mem:11.70M (Peak 12.00M) | Time:00:00.00 | Mem:0.00M, Peak:0.00M | Scene, ViewLayer | Updating Meshes
Fra:1 Mem:11.70M (Peak 12.00M) | Time:00:00.00 | Mem:0.00M, Peak:0.00M | Scene, ViewLayer | Updating Mesh | Computing attributes
Fra:1 Mem:11.71M (Peak 12.00M) | Time:00:00.00 | Mem:0.00M, Peak:0.00M | Scene, ViewLayer | Updating Mesh | Copying Attributes to device
Fra:1 Mem:11.71M (Peak 12.00M) | Time:00:00.00 | Mem:0.02M, Peak:0.02M | Scene, ViewLayer | Updating Scene BVH | Building
Fra:1 Mem:11.71M (Peak 12.00M) | Time:00:00.00 | Mem:0.02M, Peak:0.02M | Scene, ViewLayer | Updating Scene BVH | Building BVH
Fra:1 Mem:11.71M (Peak 12.00M) | Time:00:00.00 | Mem:0.03M, Peak:0.03M | Scene, ViewLayer | Updating Scene BVH | Building BVH 0%
Fra:1 Mem:11.71M (Peak 12.00M) | Time:00:00.00 | Mem:0.04M, Peak:0.05M | Scene, ViewLayer | Updating Scene BVH | Copying BVH to device
Fra:1 Mem:11.71M (Peak 12.00M) | Time:00:00.00 | Mem:0.04M, Peak:0.05M | Scene, ViewLayer | Updating Mesh | Computing normals
Fra:1 Mem:11.75M (Peak 12.00M) | Time:00:00.00 | Mem:0.04M, Peak:0.05M | Scene, ViewLayer | Updating Mesh | Copying Mesh to device
Fra:1 Mem:11.75M (Peak 12.00M) | Time:00:00.00 | Mem:0.08M, Peak:0.08M | Scene, ViewLayer | Updating Objects Flags
Fra:1 Mem:11.75M (Peak 12.00M) | Time:00:00.00 | Mem:0.08M, Peak:0.08M | Scene, ViewLayer | Updating Primitive Offsets
Fra:1 Mem:11.75M (Peak 12.00M) | Time:00:00.00 | Mem:0.08M, Peak:0.08M | Scene, ViewLayer | Updating Images
Fra:1 Mem:11.75M (Peak 12.00M) | Time:00:00.00 | Mem:0.08M, Peak:0.08M | Scene, ViewLayer | Updating Camera Volume
Fra:1 Mem:11.75M (Peak 12.00M) | Time:00:00.00 | Mem:0.08M, Peak:0.08M | Scene, ViewLayer | Updating Lookup Tables
Fra:1 Mem:11.75M (Peak 12.00M) | Time:00:00.00 | Mem:0.16M, Peak:0.16M | Scene, ViewLayer | Updating Lights
Fra:1 Mem:11.75M (Peak 12.00M) | Time:00:00.00 | Mem:0.16M, Peak:0.16M | Scene, ViewLayer | Updating Lights | Computing distribution
Fra:1 Mem:11.75M (Peak 12.00M) | Time:00:00.00 | Mem:0.16M, Peak:0.16M | Scene, ViewLayer | Updating Lights | Computing tree
Fra:1 Mem:11.75M (Peak 12.00M) | Time:00:00.00 | Mem:0.16M, Peak:0.16M | Scene, ViewLayer | Updating Integrator
Fra:1 Mem:12.75M (Peak 12.75M) | Time:00:00.00 | Mem:1.16M, Peak:1.16M | Scene, ViewLayer | Updating Film
Fra:1 Mem:12.76M (Peak 12.76M) | Time:00:00.00 | Mem:1.08M, Peak:1.16M | Scene, ViewLayer | Updating Lookup Tables
Fra:1 Mem:12.76M (Peak 12.76M) | Time:00:00.00 | Mem:1.17M, Peak:1.17M | Scene, ViewLayer | Updating Baking
Fra:1 Mem:12.76M (Peak 12.76M) | Time:00:00.00 | Mem:1.17M, Peak:1.17M | Scene, ViewLayer | Updating Device | Writing constant memory
Fra:1 Mem:12.76M (Peak 12.76M) | Time:00:00.00 | Mem:1.17M, Peak:1.17M | Scene, ViewLayer | Sample 0/24
Fra:1 Mem:62.35M (Peak 62.35M) | Time:00:00.11 | Remaining:00:02.66 | Mem:50.74M, Peak:50.74M | Scene, ViewLayer | Sample 1/24
Fra:1 Mem:83.22M (Peak 114.54M) | Time:00:04.74 | Mem:50.74M, Peak:50.74M | Scene, ViewLayer | Sample 24/24
Fra:1 Mem:83.22M (Peak 114.54M) | Time:00:04.74 | Mem:50.74M, Peak:50.74M | Scene, ViewLayer | Finished
Saved: '/vepfs_default/chanxueyan/lhp/lms/aDSL/temp/core_showcase_20260929/panels/SF10_after_exploded.png'
Time: 00:04.80 (Saving: 00:00.05)

PANEL_DONE SF10_after_exploded
Fra:1 Mem:12.31M (Peak 12.31M) | Time:00:00.00 | Mem:0.00M, Peak:0.00M | Scene, ViewLayer | Synchronizing object | left_side_panel
Fra:1 Mem:12.32M (Peak 12.32M) | Time:00:00.00 | Mem:0.00M, Peak:0.00M | Scene, ViewLayer | Synchronizing object | slanted_back_panel
Fra:1 Mem:12.32M (Peak 12.32M) | Time:00:00.00 | Mem:0.00M, Peak:0.00M | Scene, ViewLayer | Synchronizing object | right_side_panel
Fra:1 Mem:12.35M (Peak 12.35M) | Time:00:00.00 | Mem:0.00M, Peak:0.00M | Scene, ViewLayer | Synchronizing object | middle_shelf
Fra:1 Mem:12.36M (Peak 12.36M) | Time:00:00.00 | Mem:0.00M, Peak:0.00M | Scene, ViewLayer | Synchronizing object | lower_shelf
Fra:1 Mem:12.37M (Peak 12.37M) | Time:00:00.00 | Mem:0.00M, Peak:0.00M | Scene, ViewLayer | Initializing
Fra:1 Mem:11.84M (Peak 12.37M) | Time:00:00.00 | Mem:0.00M, Peak:0.00M | Scene, ViewLayer | Waiting for render to start
Fra:1 Mem:11.84M (Peak 12.37M) | Time:00:00.00 | Mem:0.00M, Peak:0.00M | Scene, ViewLayer | Loading render kernels (may take a few minutes the first time)
Fra:1 Mem:11.84M (Peak 12.37M) | Time:00:00.00 | Mem:0.00M, Peak:0.00M | Scene, ViewLayer | Updating Scene
Fra:1 Mem:11.84M (Peak 12.37M) | Time:00:00.00 | Mem:0.00M, Peak:0.00M | Scene, ViewLayer | Updating Shaders
Fra:1 Mem:11.92M (Peak 12.37M) | Time:00:00.00 | Mem:0.00M, Peak:0.00M | Scene, ViewLayer | Updating Procedurals
Fra:1 Mem:11.92M (Peak 12.37M) | Time:00:00.00 | Mem:0.00M, Peak:0.00M | Scene, ViewLayer | Updating Background
Fra:1 Mem:11.92M (Peak 12.37M) | Time:00:00.00 | Mem:0.00M, Peak:0.00M | Scene, ViewLayer | Updating Camera
Fra:1 Mem:11.92M (Peak 12.37M) | Time:00:00.00 | Mem:0.00M, Peak:0.00M | Scene, ViewLayer | Updating Meshes Flags
Fra:1 Mem:11.92M (Peak 12.37M) | Time:00:00.00 | Mem:0.00M, Peak:0.00M | Scene, ViewLayer | Updating Objects
Fra:1 Mem:11.92M (Peak 12.37M) | Time:00:00.00 | Mem:0.00M, Peak:0.00M | Scene, ViewLayer | Updating Objects | Copying Transformations to device
Fra:1 Mem:11.93M (Peak 12.37M) | Time:00:00.00 | Mem:0.01M, Peak:0.01M | Scene, ViewLayer | Updating Objects | Applying Static Transformations
Fra:1 Mem:11.93M (Peak 12.37M) | Time:00:00.00 | Mem:0.01M, Peak:0.01M | Scene, ViewLayer | Updating Particle Systems
Fra:1 Mem:11.93M (Peak 12.37M) | Time:00:00.00 | Mem:0.01M, Peak:0.01M | Scene, ViewLayer | Updating Particle Systems | Copying Particles to device
Fra:1 Mem:11.93M (Peak 12.37M) | Time:00:00.00 | Mem:0.01M, Peak:0.01M | Scene, ViewLayer | Updating Meshes
Fra:1 Mem:11.93M (Peak 12.37M) | Time:00:00.00 | Mem:0.01M, Peak:0.01M | Scene, ViewLayer | Updating Mesh | Computing attributes
Fra:1 Mem:11.94M (Peak 12.37M) | Time:00:00.00 | Mem:0.01M, Peak:0.01M | Scene, ViewLayer | Updating Mesh | Copying Attributes to device
Fra:1 Mem:11.94M (Peak 12.37M) | Time:00:00.00 | Mem:0.02M, Peak:0.02M | Scene, ViewLayer | Updating Scene BVH | Building
Fra:1 Mem:11.94M (Peak 12.37M) | Time:00:00.00 | Mem:0.02M, Peak:0.02M | Scene, ViewLayer | Updating Scene BVH | Building BVH
Fra:1 Mem:11.94M (Peak 12.37M) | Time:00:00.00 | Mem:0.03M, Peak:0.03M | Scene, ViewLayer | Updating Scene BVH | Building BVH 0%
Fra:1 Mem:11.94M (Peak 12.37M) | Time:00:00.00 | Mem:0.04M, Peak:0.05M | Scene, ViewLayer | Updating Scene BVH | Copying BVH to device
Fra:1 Mem:11.94M (Peak 12.37M) | Time:00:00.00 | Mem:0.04M, Peak:0.05M | Scene, ViewLayer | Updating Mesh | Computing normals
Fra:1 Mem:11.98M (Peak 12.37M) | Time:00:00.00 | Mem:0.04M, Peak:0.05M | Scene, ViewLayer | Updating Mesh | Copying Mesh to device
Fra:1 Mem:11.98M (Peak 12.37M) | Time:00:00.00 | Mem:0.08M, Peak:0.08M | Scene, ViewLayer | Updating Objects Flags
Fra:1 Mem:11.98M (Peak 12.37M) | Time:00:00.00 | Mem:0.08M, Peak:0.08M | Scene, ViewLayer | Updating Primitive Offsets
Fra:1 Mem:11.98M (Peak 12.37M) | Time:00:00.00 | Mem:0.08M, Peak:0.08M | Scene, ViewLayer | Updating Images
Fra:1 Mem:11.98M (Peak 12.37M) | Time:00:00.00 | Mem:0.08M, Peak:0.08M | Scene, ViewLayer | Updating Camera Volume
Fra:1 Mem:11.98M (Peak 12.37M) | Time:00:00.00 | Mem:0.08M, Peak:0.08M | Scene, ViewLayer | Updating Lookup Tables
Fra:1 Mem:11.98M (Peak 12.37M) | Time:00:00.00 | Mem:0.16M, Peak:0.16M | Scene, ViewLayer | Updating Lights
Fra:1 Mem:11.98M (Peak 12.37M) | Time:00:00.00 | Mem:0.16M, Peak:0.16M | Scene, ViewLayer | Updating Lights | Computing distribution
Fra:1 Mem:11.98M (Peak 12.37M) | Time:00:00.00 | Mem:0.16M, Peak:0.16M | Scene, ViewLayer | Updating Lights | Computing tree
Fra:1 Mem:11.98M (Peak 12.37M) | Time:00:00.00 | Mem:0.16M, Peak:0.16M | Scene, ViewLayer | Updating Integrator
Fra:1 Mem:12.98M (Peak 12.98M) | Time:00:00.00 | Mem:1.16M, Peak:1.16M | Scene, ViewLayer | Updating Film
Fra:1 Mem:12.98M (Peak 12.98M) | Time:00:00.00 | Mem:1.08M, Peak:1.16M | Scene, ViewLayer | Updating Lookup Tables
Fra:1 Mem:12.98M (Peak 12.98M) | Time:00:00.00 | Mem:1.17M, Peak:1.17M | Scene, ViewLayer | Updating Baking
Fra:1 Mem:12.98M (Peak 12.98M) | Time:00:00.00 | Mem:1.17M, Peak:1.17M | Scene, ViewLayer | Updating Device | Writing constant memory
Fra:1 Mem:12.98M (Peak 12.98M) | Time:00:00.00 | Mem:1.17M, Peak:1.17M | Scene, ViewLayer | Sample 0/24
Fra:1 Mem:62.57M (Peak 62.57M) | Time:00:00.16 | Remaining:00:03.75 | Mem:50.74M, Peak:50.74M | Scene, ViewLayer | Sample 1/24
Fra:1 Mem:83.45M (Peak 114.76M) | Time:00:05.84 | Mem:50.74M, Peak:50.74M | Scene, ViewLayer | Sample 24/24
Fra:1 Mem:83.45M (Peak 114.76M) | Time:00:05.84 | Mem:50.74M, Peak:50.74M | Scene, ViewLayer | Finished
Saved: '/vepfs_default/chanxueyan/lhp/lms/aDSL/temp/core_showcase_20260929/panels/SF16_before_assembled.png'
Time: 00:05.90 (Saving: 00:00.06)

PANEL_DONE SF16_before_assembled
Fra:1 Mem:12.31M (Peak 12.31M) | Time:00:00.00 | Mem:0.00M, Peak:0.00M | Scene, ViewLayer | Synchronizing object | top_shelf
Fra:1 Mem:12.31M (Peak 12.31M) | Time:00:00.00 | Mem:0.00M, Peak:0.00M | Scene, ViewLayer | Synchronizing object | slanted_back_panel
Fra:1 Mem:12.32M (Peak 12.32M) | Time:00:00.00 | Mem:0.00M, Peak:0.00M | Scene, ViewLayer | Synchronizing object | right_side_panel
Fra:1 Mem:12.35M (Peak 12.35M) | Time:00:00.00 | Mem:0.00M, Peak:0.00M | Scene, ViewLayer | Synchronizing object | middle_shelf
Fra:1 Mem:12.36M (Peak 12.36M) | Time:00:00.00 | Mem:0.00M, Peak:0.00M | Scene, ViewLayer | Synchronizing object | lower_shelf
Fra:1 Mem:12.37M (Peak 12.37M) | Time:00:00.00 | Mem:0.00M, Peak:0.00M | Scene, ViewLayer | Initializing
Fra:1 Mem:11.83M (Peak 12.37M) | Time:00:00.00 | Mem:0.00M, Peak:0.00M | Scene, ViewLayer | Waiting for render to start
Fra:1 Mem:11.84M (Peak 12.37M) | Time:00:00.00 | Mem:0.00M, Peak:0.00M | Scene, ViewLayer | Loading render kernels (may take a few minutes the first time)
Fra:1 Mem:11.84M (Peak 12.37M) | Time:00:00.00 | Mem:0.00M, Peak:0.00M | Scene, ViewLayer | Updating Scene
Fra:1 Mem:11.84M (Peak 12.37M) | Time:00:00.00 | Mem:0.00M, Peak:0.00M | Scene, ViewLayer | Updating Shaders
Fra:1 Mem:11.92M (Peak 12.37M) | Time:00:00.00 | Mem:0.00M, Peak:0.00M | Scene, ViewLayer | Updating Procedurals
Fra:1 Mem:11.92M (Peak 12.37M) | Time:00:00.00 | Mem:0.00M, Peak:0.00M | Scene, ViewLayer | Updating Background
Fra:1 Mem:11.92M (Peak 12.37M) | Time:00:00.00 | Mem:0.00M, Peak:0.00M | Scene, ViewLayer | Updating Camera
Fra:1 Mem:11.92M (Peak 12.37M) | Time:00:00.00 | Mem:0.00M, Peak:0.00M | Scene, ViewLayer | Updating Meshes Flags
Fra:1 Mem:11.92M (Peak 12.37M) | Time:00:00.00 | Mem:0.00M, Peak:0.00M | Scene, ViewLayer | Updating Objects
Fra:1 Mem:11.92M (Peak 12.37M) | Time:00:00.00 | Mem:0.00M, Peak:0.00M | Scene, ViewLayer | Updating Objects | Copying Transformations to device
Fra:1 Mem:11.92M (Peak 12.37M) | Time:00:00.00 | Mem:0.01M, Peak:0.01M | Scene, ViewLayer | Updating Objects | Applying Static Transformations
Fra:1 Mem:11.92M (Peak 12.37M) | Time:00:00.00 | Mem:0.01M, Peak:0.01M | Scene, ViewLayer | Updating Particle Systems
Fra:1 Mem:11.92M (Peak 12.37M) | Time:00:00.00 | Mem:0.01M, Peak:0.01M | Scene, ViewLayer | Updating Particle Systems | Copying Particles to device
Fra:1 Mem:11.92M (Peak 12.37M) | Time:00:00.00 | Mem:0.01M, Peak:0.01M | Scene, ViewLayer | Updating Meshes
Fra:1 Mem:11.93M (Peak 12.37M) | Time:00:00.00 | Mem:0.01M, Peak:0.01M | Scene, ViewLayer | Updating Mesh | Computing attributes
Fra:1 Mem:11.94M (Peak 12.37M) | Time:00:00.00 | Mem:0.01M, Peak:0.01M | Scene, ViewLayer | Updating Mesh | Copying Attributes to device
Fra:1 Mem:11.94M (Peak 12.37M) | Time:00:00.00 | Mem:0.02M, Peak:0.02M | Scene, ViewLayer | Updating Scene BVH | Building
Fra:1 Mem:11.94M (Peak 12.37M) | Time:00:00.00 | Mem:0.02M, Peak:0.02M | Scene, ViewLayer | Updating Scene BVH | Building BVH
Fra:1 Mem:11.94M (Peak 12.37M) | Time:00:00.00 | Mem:0.03M, Peak:0.03M | Scene, ViewLayer | Updating Scene BVH | Building BVH 0%
Fra:1 Mem:11.94M (Peak 12.37M) | Time:00:00.00 | Mem:0.04M, Peak:0.05M | Scene, ViewLayer | Updating Scene BVH | Copying BVH to device
Fra:1 Mem:11.94M (Peak 12.37M) | Time:00:00.00 | Mem:0.04M, Peak:0.05M | Scene, ViewLayer | Updating Mesh | Computing normals
Fra:1 Mem:11.97M (Peak 12.37M) | Time:00:00.00 | Mem:0.04M, Peak:0.05M | Scene, ViewLayer | Updating Mesh | Copying Mesh to device
Fra:1 Mem:11.97M (Peak 12.37M) | Time:00:00.00 | Mem:0.08M, Peak:0.08M | Scene, ViewLayer | Updating Objects Flags
Fra:1 Mem:11.97M (Peak 12.37M) | Time:00:00.00 | Mem:0.08M, Peak:0.08M | Scene, ViewLayer | Updating Primitive Offsets
Fra:1 Mem:11.97M (Peak 12.37M) | Time:00:00.00 | Mem:0.08M, Peak:0.08M | Scene, ViewLayer | Updating Images
Fra:1 Mem:11.97M (Peak 12.37M) | Time:00:00.00 | Mem:0.08M, Peak:0.08M | Scene, ViewLayer | Updating Camera Volume
Fra:1 Mem:11.97M (Peak 12.37M) | Time:00:00.00 | Mem:0.08M, Peak:0.08M | Scene, ViewLayer | Updating Lookup Tables
Fra:1 Mem:11.97M (Peak 12.37M) | Time:00:00.00 | Mem:0.16M, Peak:0.16M | Scene, ViewLayer | Updating Lights
Fra:1 Mem:11.97M (Peak 12.37M) | Time:00:00.00 | Mem:0.16M, Peak:0.16M | Scene, ViewLayer | Updating Lights | Computing distribution
Fra:1 Mem:11.97M (Peak 12.37M) | Time:00:00.00 | Mem:0.16M, Peak:0.16M | Scene, ViewLayer | Updating Lights | Computing tree
Fra:1 Mem:11.98M (Peak 12.37M) | Time:00:00.00 | Mem:0.16M, Peak:0.16M | Scene, ViewLayer | Updating Integrator
Fra:1 Mem:12.98M (Peak 12.98M) | Time:00:00.00 | Mem:1.16M, Peak:1.16M | Scene, ViewLayer | Updating Film
Fra:1 Mem:12.98M (Peak 12.98M) | Time:00:00.00 | Mem:1.08M, Peak:1.16M | Scene, ViewLayer | Updating Lookup Tables
Fra:1 Mem:12.98M (Peak 12.98M) | Time:00:00.00 | Mem:1.16M, Peak:1.16M | Scene, ViewLayer | Updating Baking
Fra:1 Mem:12.98M (Peak 12.98M) | Time:00:00.00 | Mem:1.16M, Peak:1.16M | Scene, ViewLayer | Updating Device | Writing constant memory
Fra:1 Mem:12.98M (Peak 12.98M) | Time:00:00.00 | Mem:1.16M, Peak:1.16M | Scene, ViewLayer | Sample 0/24
Fra:1 Mem:62.57M (Peak 62.57M) | Time:00:00.16 | Remaining:00:03.67 | Mem:50.74M, Peak:50.74M | Scene, ViewLayer | Sample 1/24
Fra:1 Mem:83.45M (Peak 114.76M) | Time:00:05.83 | Mem:50.74M, Peak:50.74M | Scene, ViewLayer | Sample 24/24
Fra:1 Mem:83.45M (Peak 114.76M) | Time:00:05.83 | Mem:50.74M, Peak:50.74M | Scene, ViewLayer | Finished
Saved: '/vepfs_default/chanxueyan/lhp/lms/aDSL/temp/core_showcase_20260929/panels/SF16_after_assembled.png'
Time: 00:05.90 (Saving: 00:00.06)

PANEL_DONE SF16_after_assembled
