Warning: Falling back to the standard locale ("C")
Fra:1 Mem:19.38M (Peak 19.38M) | Time:00:00.00 | Mem:0.00M, Peak:0.00M | Scene, ViewLayer | Synchronizing object | geometry_0_cube.026
Fra:1 Mem:19.39M (Peak 19.39M) | Time:00:00.00 | Mem:0.00M, Peak:0.00M | Scene, ViewLayer | Synchronizing object | geometry_0_cube.027
Fra:1 Mem:19.39M (Peak 19.39M) | Time:00:00.00 | Mem:0.00M, Peak:0.00M | Scene, ViewLayer | Synchronizing object | geometry_0_cube.028
Fra:1 Mem:19.40M (Peak 19.40M) | Time:00:00.00 | Mem:0.00M, Peak:0.00M | Scene, ViewLayer | Synchronizing object | geometry_0_cube.029
Fra:1 Mem:19.40M (Peak 19.40M) | Time:00:00.00 | Mem:0.00M, Peak:0.00M | Scene, ViewLayer | Synchronizing object | geometry_0_cube.030
Fra:1 Mem:19.40M (Peak 19.40M) | Time:00:00.00 | Mem:0.00M, Peak:0.00M | Scene, ViewLayer | Synchronizing object | geometry_0_cube.031
Fra:1 Mem:19.40M (Peak 19.40M) | Time:00:00.00 | Mem:0.00M, Peak:0.00M | Scene, ViewLayer | Synchronizing object | geometry_0_cube.032
Fra:1 Mem:19.40M (Peak 19.40M) | Time:00:00.00 | Mem:0.00M, Peak:0.00M | Scene, ViewLayer | Synchronizing object | geometry_0_cube.033
Fra:1 Mem:19.41M (Peak 19.41M) | Time:00:00.00 | Mem:0.00M, Peak:0.00M | Scene, ViewLayer | Synchronizing object | geometry_0_cube.037
Fra:1 Mem:19.41M (Peak 19.41M) | Time:00:00.00 | Mem:0.00M, Peak:0.00M | Scene, ViewLayer | Synchronizing object | geometry_0_cube.038
Fra:1 Mem:19.41M (Peak 19.41M) | Time:00:00.00 | Mem:0.00M, Peak:0.00M | Scene, ViewLayer | Synchronizing object | geometry_0_cube.039
Fra:1 Mem:19.41M (Peak 19.41M) | Time:00:00.00 | Mem:0.00M, Peak:0.00M | Scene, ViewLayer | Synchronizing object | geometry_0_cube.034
Fra:1 Mem:19.41M (Peak 19.41M) | Time:00:00.00 | Mem:0.00M, Peak:0.00M | Scene, ViewLayer | Synchronizing object | geometry_0_cube.035
Fra:1 Mem:19.42M (Peak 19.42M) | Time:00:00.00 | Mem:0.00M, Peak:0.00M | Scene, ViewLayer | Synchronizing object | geometry_0_cube.036
Fra:1 Mem:19.42M (Peak 19.42M) | Time:00:00.00 | Mem:0.00M, Peak:0.00M | Scene, ViewLayer | Synchronizing object | geometry_0_cube.022
Fra:1 Mem:19.42M (Peak 19.42M) | Time:00:00.00 | Mem:0.00M, Peak:0.00M | Scene, ViewLayer | Synchronizing object | geometry_0_cube.023
Fra:1 Mem:19.42M (Peak 19.42M) | Time:00:00.00 | Mem:0.00M, Peak:0.00M | Scene, ViewLayer | Synchronizing object | geometry_0_cube.068
Fra:1 Mem:19.42M (Peak 19.42M) | Time:00:00.00 | Mem:0.00M, Peak:0.00M | Scene, ViewLayer | Synchronizing object | geometry_0_cube.024
Fra:1 Mem:19.42M (Peak 19.42M) | Time:00:00.00 | Mem:0.00M, Peak:0.00M | Scene, ViewLayer | Synchronizing object | geometry_0_cube.025
Fra:1 Mem:19.43M (Peak 19.43M) | Time:00:00.00 | Mem:0.00M, Peak:0.00M | Scene, ViewLayer | Synchronizing object | geometry_0_cube.067
Fra:1 Mem:19.43M (Peak 19.43M) | Time:00:00.00 | Mem:0.00M, Peak:0.00M | Scene, ViewLayer | Synchronizing object | geometry_0_cube.005
Fra:1 Mem:19.43M (Peak 19.43M) | Time:00:00.00 | Mem:0.00M, Peak:0.00M | Scene, ViewLayer | Synchronizing object | geometry_0_cube.007
Fra:1 Mem:19.43M (Peak 19.43M) | Time:00:00.00 | Mem:0.00M, Peak:0.00M | Scene, ViewLayer | Synchronizing object | geometry_0_cube.006
Fra:1 Mem:19.43M (Peak 19.43M) | Time:00:00.00 | Mem:0.00M, Peak:0.00M | Scene, ViewLayer | Synchronizing object | geometry_0_cube.066
Fra:1 Mem:19.43M (Peak 19.43M) | Time:00:00.00 | Mem:0.00M, Peak:0.00M | Scene, ViewLayer | Synchronizing object | geometry_0_cube.004
Fra:1 Mem:19.44M (Peak 19.44M) | Time:00:00.00 | Mem:0.00M, Peak:0.00M | Scene, ViewLayer | Synchronizing object | geometry_0_cube.010
Fra:1 Mem:19.44M (Peak 19.44M) | Time:00:00.00 | Mem:0.00M, Peak:0.00M | Scene, ViewLayer | Synchronizing object | geometry_0_cube.072
Fra:1 Mem:19.44M (Peak 19.44M) | Time:00:00.00 | Mem:0.00M, Peak:0.00M | Scene, ViewLayer | Synchronizing object | geometry_0_cube.009
Fra:1 Mem:19.44M (Peak 19.44M) | Time:00:00.00 | Mem:0.00M, Peak:0.00M | Scene, ViewLayer | Synchronizing object | geometry_0_cube.021
Fra:1 Mem:19.44M (Peak 19.44M) | Time:00:00.00 | Mem:0.00M, Peak:0.00M | Scene, ViewLayer | Synchronizing object | geometry_0_cube.071
Fra:1 Mem:19.44M (Peak 19.44M) | Time:00:00.00 | Mem:0.00M, Peak:0.00M | Scene, ViewLayer | Synchronizing object | geometry_0_cube.018
Fra:1 Mem:19.44M (Peak 19.44M) | Time:00:00.00 | Mem:0.00M, Peak:0.00M | Scene, ViewLayer | Synchronizing object | geometry_0_cube.019
Fra:1 Mem:19.45M (Peak 19.45M) | Time:00:00.00 | Mem:0.00M, Peak:0.00M | Scene, ViewLayer | Synchronizing object | geometry_0_cube.070
Fra:1 Mem:19.45M (Peak 19.45M) | Time:00:00.00 | Mem:0.00M, Peak:0.00M | Scene, ViewLayer | Synchronizing object | geometry_0_cube.020
Fra:1 Mem:19.45M (Peak 19.45M) | Time:00:00.00 | Mem:0.00M, Peak:0.00M | Scene, ViewLayer | Synchronizing object | geometry_0_cube.012
Fra:1 Mem:19.45M (Peak 19.45M) | Time:00:00.00 | Mem:0.00M, Peak:0.00M | Scene, ViewLayer | Synchronizing object | geometry_0_cube.055
Fra:1 Mem:19.45M (Peak 19.45M) | Time:00:00.00 | Mem:0.00M, Peak:0.00M | Scene, ViewLayer | Synchronizing object | geometry_0_cube.014
Fra:1 Mem:19.45M (Peak 19.45M) | Time:00:00.00 | Mem:0.00M, Peak:0.00M | Scene, ViewLayer | Synchronizing object | geometry_0_cube.015
Fra:1 Mem:19.45M (Peak 19.45M) | Time:00:00.00 | Mem:0.00M, Peak:0.00M | Scene, ViewLayer | Synchronizing object | geometry_0_cube.054
Fra:1 Mem:19.46M (Peak 19.46M) | Time:00:00.00 | Mem:0.00M, Peak:0.00M | Scene, ViewLayer | Synchronizing object | geometry_0_cube.013
Fra:1 Mem:19.46M (Peak 19.46M) | Time:00:00.00 | Mem:0.00M, Peak:0.00M | Scene, ViewLayer | Synchronizing object | geometry_0_cube.011
Fra:1 Mem:19.46M (Peak 19.46M) | Time:00:00.00 | Mem:0.00M, Peak:0.00M | Scene, ViewLayer | Synchronizing object | geometry_0_cube.053
Fra:1 Mem:19.46M (Peak 19.46M) | Time:00:00.00 | Mem:0.00M, Peak:0.00M | Scene, ViewLayer | Synchronizing object | geometry_0_cube.017
Fra:1 Mem:19.46M (Peak 19.46M) | Time:00:00.00 | Mem:0.00M, Peak:0.00M | Scene, ViewLayer | Synchronizing object | geometry_0_cube.016
Fra:1 Mem:19.46M (Peak 19.46M) | Time:00:00.00 | Mem:0.00M, Peak:0.00M | Scene, ViewLayer | Synchronizing object | geometry_0_cube.065
Fra:1 Mem:19.47M (Peak 19.47M) | Time:00:00.00 | Mem:0.00M, Peak:0.00M | Scene, ViewLayer | Synchronizing object | geometry_0_cube.050
Fra:1 Mem:19.47M (Peak 19.47M) | Time:00:00.00 | Mem:0.00M, Peak:0.00M | Scene, ViewLayer | Synchronizing object | geometry_0_cube.051
Fra:1 Mem:19.47M (Peak 19.47M) | Time:00:00.00 | Mem:0.00M, Peak:0.00M | Scene, ViewLayer | Synchronizing object | geometry_0_cube.064
Fra:1 Mem:19.47M (Peak 19.47M) | Time:00:00.00 | Mem:0.00M, Peak:0.00M | Scene, ViewLayer | Synchronizing object | geometry_0_cube.052
Fra:1 Mem:19.47M (Peak 19.47M) | Time:00:00.00 | Mem:0.00M, Peak:0.00M | Scene, ViewLayer | Synchronizing object | geometry_0_cube.042
Fra:1 Mem:19.47M (Peak 19.47M) | Time:00:00.00 | Mem:0.00M, Peak:0.00M | Scene, ViewLayer | Synchronizing object | geometry_0_cube.043
Fra:1 Mem:19.47M (Peak 19.47M) | Time:00:00.00 | Mem:0.00M, Peak:0.00M | Scene, ViewLayer | Synchronizing object | geometry_0_cube.044
Fra:1 Mem:19.48M (Peak 19.48M) | Time:00:00.00 | Mem:0.00M, Peak:0.00M | Scene, ViewLayer | Synchronizing object | geometry_0_cube.063
Fra:1 Mem:19.48M (Peak 19.48M) | Time:00:00.00 | Mem:0.00M, Peak:0.00M | Scene, ViewLayer | Synchronizing object | geometry_0_cube.045
Fra:1 Mem:19.48M (Peak 19.48M) | Time:00:00.00 | Mem:0.00M, Peak:0.00M | Scene, ViewLayer | Synchronizing object | geometry_0_cube.046
Fra:1 Mem:19.48M (Peak 19.48M) | Time:00:00.00 | Mem:0.00M, Peak:0.00M | Scene, ViewLayer | Synchronizing object | geometry_0_cube.062
Fra:1 Mem:19.48M (Peak 19.48M) | Time:00:00.00 | Mem:0.00M, Peak:0.00M | Scene, ViewLayer | Synchronizing object | geometry_0_cube.047
Fra:1 Mem:19.48M (Peak 19.48M) | Time:00:00.00 | Mem:0.00M, Peak:0.00M | Scene, ViewLayer | Synchronizing object | geometry_0_cube.048
Fra:1 Mem:19.48M (Peak 19.48M) | Time:00:00.00 | Mem:0.00M, Peak:0.00M | Scene, ViewLayer | Synchronizing object | geometry_0_cube.061
Fra:1 Mem:19.48M (Peak 19.48M) | Time:00:00.00 | Mem:0.00M, Peak:0.00M | Scene, ViewLayer | Synchronizing object | geometry_0_cube.049
Fra:1 Mem:19.49M (Peak 19.49M) | Time:00:00.00 | Mem:0.00M, Peak:0.00M | Scene, ViewLayer | Synchronizing object | geometry_0_cube.040
Fra:1 Mem:19.49M (Peak 19.49M) | Time:00:00.00 | Mem:0.00M, Peak:0.00M | Scene, ViewLayer | Synchronizing object | geometry_0_cube.060
Fra:1 Mem:19.49M (Peak 19.49M) | Time:00:00.00 | Mem:0.00M, Peak:0.00M | Scene, ViewLayer | Synchronizing object | geometry_0_cube.041
Fra:1 Mem:19.49M (Peak 19.49M) | Time:00:00.00 | Mem:0.00M, Peak:0.00M | Scene, ViewLayer | Synchronizing object | geometry_0_cube
Fra:1 Mem:19.49M (Peak 19.49M) | Time:00:00.00 | Mem:0.00M, Peak:0.00M | Scene, ViewLayer | Synchronizing object | geometry_0_cube.059
Fra:1 Mem:19.49M (Peak 19.49M) | Time:00:00.00 | Mem:0.00M, Peak:0.00M | Scene, ViewLayer | Synchronizing object | geometry_0_cube.001
Fra:1 Mem:19.51M (Peak 19.51M) | Time:00:00.00 | Mem:0.00M, Peak:0.00M | Scene, ViewLayer | Synchronizing object | geometry_0_cube.058
Fra:1 Mem:19.52M (Peak 19.52M) | Time:00:00.00 | Mem:0.00M, Peak:0.00M | Scene, ViewLayer | Synchronizing object | geometry_0_cube.002
Fra:1 Mem:19.52M (Peak 19.52M) | Time:00:00.00 | Mem:0.00M, Peak:0.00M | Scene, ViewLayer | Synchronizing object | geometry_0_cube.003
Fra:1 Mem:19.55M (Peak 19.55M) | Time:00:00.00 | Mem:0.00M, Peak:0.00M | Scene, ViewLayer | Synchronizing object | geometry_0_cube.056
Fra:1 Mem:19.55M (Peak 19.55M) | Time:00:00.00 | Mem:0.00M, Peak:0.00M | Scene, ViewLayer | Initializing
Fra:1 Mem:15.82M (Peak 19.55M) | Time:00:00.00 | Mem:0.00M, Peak:0.00M | Scene, ViewLayer | Waiting for render to start
Fra:1 Mem:15.83M (Peak 19.55M) | Time:00:00.00 | Mem:0.00M, Peak:0.00M | Scene, ViewLayer | Loading render kernels (may take a few minutes the first time)
Fra:1 Mem:15.83M (Peak 19.55M) | Time:00:00.00 | Mem:0.00M, Peak:0.00M | Scene, ViewLayer | Updating Scene
Fra:1 Mem:15.83M (Peak 19.55M) | Time:00:00.00 | Mem:0.00M, Peak:0.00M | Scene, ViewLayer | Updating Shaders
Fra:1 Mem:15.91M (Peak 19.55M) | Time:00:00.00 | Mem:0.00M, Peak:0.00M | Scene, ViewLayer | Updating Procedurals
Fra:1 Mem:15.91M (Peak 19.55M) | Time:00:00.00 | Mem:0.00M, Peak:0.00M | Scene, ViewLayer | Updating Background
Fra:1 Mem:15.91M (Peak 19.55M) | Time:00:00.00 | Mem:0.00M, Peak:0.00M | Scene, ViewLayer | Updating Camera
Fra:1 Mem:15.91M (Peak 19.55M) | Time:00:00.00 | Mem:0.00M, Peak:0.00M | Scene, ViewLayer | Updating Meshes Flags
Fra:1 Mem:15.91M (Peak 19.55M) | Time:00:00.00 | Mem:0.00M, Peak:0.00M | Scene, ViewLayer | Updating Objects
Fra:1 Mem:15.91M (Peak 19.55M) | Time:00:00.00 | Mem:0.00M, Peak:0.00M | Scene, ViewLayer | Updating Objects | Copying Transformations to device
Fra:1 Mem:15.93M (Peak 19.55M) | Time:00:00.00 | Mem:0.02M, Peak:0.02M | Scene, ViewLayer | Updating Objects | Applying Static Transformations
Fra:1 Mem:15.93M (Peak 19.55M) | Time:00:00.00 | Mem:0.02M, Peak:0.02M | Scene, ViewLayer | Updating Particle Systems
Fra:1 Mem:15.93M (Peak 19.55M) | Time:00:00.00 | Mem:0.02M, Peak:0.02M | Scene, ViewLayer | Updating Particle Systems | Copying Particles to device
Fra:1 Mem:15.93M (Peak 19.55M) | Time:00:00.00 | Mem:0.02M, Peak:0.02M | Scene, ViewLayer | Updating Meshes
Fra:1 Mem:15.95M (Peak 19.55M) | Time:00:00.01 | Mem:0.02M, Peak:0.02M | Scene, ViewLayer | Updating Mesh | Computing attributes
Fra:1 Mem:15.99M (Peak 19.55M) | Time:00:00.01 | Mem:0.02M, Peak:0.02M | Scene, ViewLayer | Updating Mesh | Copying Attributes to device
Fra:1 Mem:15.98M (Peak 19.55M) | Time:00:00.01 | Mem:0.05M, Peak:0.05M | Scene, ViewLayer | Updating Scene BVH | Building
Fra:1 Mem:15.98M (Peak 19.55M) | Time:00:00.01 | Mem:0.05M, Peak:0.05M | Scene, ViewLayer | Updating Scene BVH | Building BVH
Fra:1 Mem:15.98M (Peak 19.55M) | Time:00:00.01 | Mem:0.09M, Peak:0.09M | Scene, ViewLayer | Updating Scene BVH | Building BVH 0%
Fra:1 Mem:15.98M (Peak 19.55M) | Time:00:00.01 | Mem:0.16M, Peak:0.20M | Scene, ViewLayer | Updating Scene BVH | Copying BVH to device
Fra:1 Mem:15.98M (Peak 19.55M) | Time:00:00.01 | Mem:0.16M, Peak:0.20M | Scene, ViewLayer | Updating Mesh | Computing normals
Fra:1 Mem:16.08M (Peak 19.55M) | Time:00:00.01 | Mem:0.16M, Peak:0.20M | Scene, ViewLayer | Updating Mesh | Copying Mesh to device
Fra:1 Mem:16.08M (Peak 19.55M) | Time:00:00.01 | Mem:0.26M, Peak:0.26M | Scene, ViewLayer | Updating Objects Flags
Fra:1 Mem:16.08M (Peak 19.55M) | Time:00:00.01 | Mem:0.26M, Peak:0.26M | Scene, ViewLayer | Updating Primitive Offsets
Fra:1 Mem:16.08M (Peak 19.55M) | Time:00:00.01 | Mem:0.26M, Peak:0.26M | Scene, ViewLayer | Updating Images
Fra:1 Mem:16.08M (Peak 19.55M) | Time:00:00.01 | Mem:0.26M, Peak:0.26M | Scene, ViewLayer | Updating Camera Volume
Fra:1 Mem:16.08M (Peak 19.55M) | Time:00:00.01 | Mem:0.26M, Peak:0.26M | Scene, ViewLayer | Updating Lookup Tables
Fra:1 Mem:16.08M (Peak 19.55M) | Time:00:00.01 | Mem:0.34M, Peak:0.34M | Scene, ViewLayer | Updating Lights
Fra:1 Mem:16.08M (Peak 19.55M) | Time:00:00.01 | Mem:0.34M, Peak:0.34M | Scene, ViewLayer | Updating Lights | Computing distribution
Fra:1 Mem:16.08M (Peak 19.55M) | Time:00:00.01 | Mem:0.34M, Peak:0.34M | Scene, ViewLayer | Updating Lights | Computing tree
Fra:1 Mem:16.08M (Peak 19.55M) | Time:00:00.01 | Mem:0.34M, Peak:0.34M | Scene, ViewLayer | Updating Integrator
Fra:1 Mem:17.08M (Peak 19.55M) | Time:00:00.01 | Mem:1.34M, Peak:1.34M | Scene, ViewLayer | Updating Film
Fra:1 Mem:17.09M (Peak 19.55M) | Time:00:00.01 | Mem:1.26M, Peak:1.34M | Scene, ViewLayer | Updating Lookup Tables
Fra:1 Mem:17.09M (Peak 19.55M) | Time:00:00.01 | Mem:1.35M, Peak:1.35M | Scene, ViewLayer | Updating Baking
Fra:1 Mem:17.09M (Peak 19.55M) | Time:00:00.01 | Mem:1.35M, Peak:1.35M | Scene, ViewLayer | Updating Device | Writing constant memory
Fra:1 Mem:17.09M (Peak 19.55M) | Time:00:00.01 | Mem:1.35M, Peak:1.35M | Scene, ViewLayer | Sample 0/32
Fra:1 Mem:36.11M (Peak 36.11M) | Time:00:00.05 | Remaining:00:01.31 | Mem:20.35M, Peak:20.35M | Scene, ViewLayer | Sample 1/32
Fra:1 Mem:44.11M (Peak 56.11M) | Time:00:02.23 | Mem:20.35M, Peak:20.35M | Scene, ViewLayer | Sample 32/32
Fra:1 Mem:44.11M (Peak 56.11M) | Time:00:02.23 | Mem:20.35M, Peak:20.35M | Scene, ViewLayer | Finished
Fra:1 Mem:23.69M (Peak 56.11M) | Time:00:02.23 | Compositing
Fra:1 Mem:23.69M (Peak 56.11M) | Time:00:02.23 | Compositing | Determining resolution
Fra:1 Mem:23.69M (Peak 56.11M) | Time:00:02.23 | Compositing | Initializing execution
Fra:1 Mem:23.69M (Peak 56.11M) | Time:00:02.23 | Compositing | De-initializing execution
Saved: '/vepfs_default/chanxueyan/lhp/lms/aDSL/temp/geometry_expression_20260929/A/T02-bookshelf/views/render_0001.png'
Time: 00:02.28 (Saving: 00:00.05)

Fra:2 Mem:19.41M (Peak 56.11M) | Time:00:00.00 | Mem:0.00M, Peak:0.00M | Scene, ViewLayer | Synchronizing object | geometry_0_cube.026
Fra:2 Mem:19.41M (Peak 56.11M) | Time:00:00.00 | Mem:0.00M, Peak:0.00M | Scene, ViewLayer | Synchronizing object | geometry_0_cube.027
Fra:2 Mem:19.41M (Peak 56.11M) | Time:00:00.00 | Mem:0.00M, Peak:0.00M | Scene, ViewLayer | Synchronizing object | geometry_0_cube.028
Fra:2 Mem:19.42M (Peak 56.11M) | Time:00:00.00 | Mem:0.00M, Peak:0.00M | Scene, ViewLayer | Synchronizing object | geometry_0_cube.029
Fra:2 Mem:19.42M (Peak 56.11M) | Time:00:00.00 | Mem:0.00M, Peak:0.00M | Scene, ViewLayer | Synchronizing object | geometry_0_cube.030
Fra:2 Mem:19.42M (Peak 56.11M) | Time:00:00.00 | Mem:0.00M, Peak:0.00M | Scene, ViewLayer | Synchronizing object | geometry_0_cube.031
Fra:2 Mem:19.42M (Peak 56.11M) | Time:00:00.00 | Mem:0.00M, Peak:0.00M | Scene, ViewLayer | Synchronizing object | geometry_0_cube.032
Fra:2 Mem:19.42M (Peak 56.11M) | Time:00:00.00 | Mem:0.00M, Peak:0.00M | Scene, ViewLayer | Synchronizing object | geometry_0_cube.033
Fra:2 Mem:19.43M (Peak 56.11M) | Time:00:00.00 | Mem:0.00M, Peak:0.00M | Scene, ViewLayer | Synchronizing object | geometry_0_cube.037
Fra:2 Mem:19.43M (Peak 56.11M) | Time:00:00.00 | Mem:0.00M, Peak:0.00M | Scene, ViewLayer | Synchronizing object | geometry_0_cube.038
Fra:2 Mem:19.43M (Peak 56.11M) | Time:00:00.00 | Mem:0.00M, Peak:0.00M | Scene, ViewLayer | Synchronizing object | geometry_0_cube.039
Fra:2 Mem:19.43M (Peak 56.11M) | Time:00:00.00 | Mem:0.00M, Peak:0.00M | Scene, ViewLayer | Synchronizing object | geometry_0_cube.034
Fra:2 Mem:19.43M (Peak 56.11M) | Time:00:00.00 | Mem:0.00M, Peak:0.00M | Scene, ViewLayer | Synchronizing object | geometry_0_cube.035
Fra:2 Mem:19.44M (Peak 56.11M) | Time:00:00.00 | Mem:0.00M, Peak:0.00M | Scene, ViewLayer | Synchronizing object | geometry_0_cube.036
Fra:2 Mem:19.44M (Peak 56.11M) | Time:00:00.00 | Mem:0.00M, Peak:0.00M | Scene, ViewLayer | Synchronizing object | geometry_0_cube.022
Fra:2 Mem:19.44M (Peak 56.11M) | Time:00:00.00 | Mem:0.00M, Peak:0.00M | Scene, ViewLayer | Synchronizing object | geometry_0_cube.023
Fra:2 Mem:19.44M (Peak 56.11M) | Time:00:00.00 | Mem:0.00M, Peak:0.00M | Scene, ViewLayer | Synchronizing object | geometry_0_cube.024
Fra:2 Mem:19.44M (Peak 56.11M) | Time:00:00.00 | Mem:0.00M, Peak:0.00M | Scene, ViewLayer | Synchronizing object | geometry_0_cube.025
Fra:2 Mem:19.44M (Peak 56.11M) | Time:00:00.00 | Mem:0.00M, Peak:0.00M | Scene, ViewLayer | Synchronizing object | geometry_0_cube.069
Fra:2 Mem:19.45M (Peak 56.11M) | Time:00:00.00 | Mem:0.00M, Peak:0.00M | Scene, ViewLayer | Synchronizing object | geometry_0_cube.007
Fra:2 Mem:19.45M (Peak 56.11M) | Time:00:00.00 | Mem:0.00M, Peak:0.00M | Scene, ViewLayer | Synchronizing object | geometry_0_cube.008
Fra:2 Mem:19.45M (Peak 56.11M) | Time:00:00.00 | Mem:0.00M, Peak:0.00M | Scene, ViewLayer | Synchronizing object | geometry_0_cube.068
Fra:2 Mem:19.45M (Peak 56.11M) | Time:00:00.00 | Mem:0.00M, Peak:0.00M | Scene, ViewLayer | Synchronizing object | geometry_0_cube.006
Fra:2 Mem:19.45M (Peak 56.11M) | Time:00:00.00 | Mem:0.00M, Peak:0.00M | Scene, ViewLayer | Synchronizing object | geometry_0_cube.067
Fra:2 Mem:19.45M (Peak 56.11M) | Time:00:00.00 | Mem:0.00M, Peak:0.00M | Scene, ViewLayer | Synchronizing object | geometry_0_cube.004
Fra:2 Mem:19.45M (Peak 56.11M) | Time:00:00.00 | Mem:0.00M, Peak:0.00M | Scene, ViewLayer | Synchronizing object | geometry_0_cube.010
Fra:2 Mem:19.46M (Peak 56.11M) | Time:00:00.00 | Mem:0.00M, Peak:0.00M | Scene, ViewLayer | Synchronizing object | geometry_0_cube.066
Fra:2 Mem:19.46M (Peak 56.11M) | Time:00:00.00 | Mem:0.00M, Peak:0.00M | Scene, ViewLayer | Synchronizing object | geometry_0_cube.009
Fra:2 Mem:19.46M (Peak 56.11M) | Time:00:00.00 | Mem:0.00M, Peak:0.00M | Scene, ViewLayer | Synchronizing object | geometry_0_cube.021
Fra:2 Mem:19.46M (Peak 56.11M) | Time:00:00.00 | Mem:0.00M, Peak:0.00M | Scene, ViewLayer | Synchronizing object | geometry_0_cube.072
Fra:2 Mem:19.46M (Peak 56.11M) | Time:00:00.00 | Mem:0.00M, Peak:0.00M | Scene, ViewLayer | Synchronizing object | geometry_0_cube.018
Fra:2 Mem:19.46M (Peak 56.11M) | Time:00:00.00 | Mem:0.00M, Peak:0.00M | Scene, ViewLayer | Synchronizing object | geometry_0_cube.019
Fra:2 Mem:19.46M (Peak 56.11M) | Time:00:00.00 | Mem:0.00M, Peak:0.00M | Scene, ViewLayer | Synchronizing object | geometry_0_cube.071
Fra:2 Mem:19.46M (Peak 56.11M) | Time:00:00.00 | Mem:0.00M, Peak:0.00M | Scene, ViewLayer | Synchronizing object | geometry_0_cube.020
Fra:2 Mem:19.47M (Peak 56.11M) | Time:00:00.00 | Mem:0.00M, Peak:0.00M | Scene, ViewLayer | Synchronizing object | geometry_0_cube.012
Fra:2 Mem:19.47M (Peak 56.11M) | Time:00:00.00 | Mem:0.00M, Peak:0.00M | Scene, ViewLayer | Synchronizing object | geometry_0_cube.070
Fra:2 Mem:19.47M (Peak 56.11M) | Time:00:00.00 | Mem:0.00M, Peak:0.00M | Scene, ViewLayer | Synchronizing object | geometry_0_cube.014
Fra:2 Mem:19.47M (Peak 56.11M) | Time:00:00.00 | Mem:0.00M, Peak:0.00M | Scene, ViewLayer | Synchronizing object | geometry_0_cube.015
Fra:2 Mem:19.47M (Peak 56.11M) | Time:00:00.00 | Mem:0.00M, Peak:0.00M | Scene, ViewLayer | Synchronizing object | geometry_0_cube.055
Fra:2 Mem:19.47M (Peak 56.11M) | Time:00:00.00 | Mem:0.00M, Peak:0.00M | Scene, ViewLayer | Synchronizing object | geometry_0_cube.013
Fra:2 Mem:19.47M (Peak 56.11M) | Time:00:00.00 | Mem:0.00M, Peak:0.00M | Scene, ViewLayer | Synchronizing object | geometry_0_cube.011
Fra:2 Mem:19.47M (Peak 56.11M) | Time:00:00.00 | Mem:0.00M, Peak:0.00M | Scene, ViewLayer | Synchronizing object | geometry_0_cube.054
Fra:2 Mem:19.48M (Peak 56.11M) | Time:00:00.00 | Mem:0.00M, Peak:0.00M | Scene, ViewLayer | Synchronizing object | geometry_0_cube.017
Fra:2 Mem:19.48M (Peak 56.11M) | Time:00:00.00 | Mem:0.00M, Peak:0.00M | Scene, ViewLayer | Synchronizing object | geometry_0_cube.016
Fra:2 Mem:19.48M (Peak 56.11M) | Time:00:00.00 | Mem:0.00M, Peak:0.00M | Scene, ViewLayer | Synchronizing object | geometry_0_cube.053
Fra:2 Mem:19.48M (Peak 56.11M) | Time:00:00.00 | Mem:0.00M, Peak:0.00M | Scene, ViewLayer | Synchronizing object | geometry_0_cube.050
Fra:2 Mem:19.48M (Peak 56.11M) | Time:00:00.00 | Mem:0.00M, Peak:0.00M | Scene, ViewLayer | Synchronizing object | geometry_0_cube.051
Fra:2 Mem:19.48M (Peak 56.11M) | Time:00:00.00 | Mem:0.00M, Peak:0.00M | Scene, ViewLayer | Synchronizing object | geometry_0_cube.065
Fra:2 Mem:19.48M (Peak 56.11M) | Time:00:00.00 | Mem:0.00M, Peak:0.00M | Scene, ViewLayer | Synchronizing object | geometry_0_cube.052
Fra:2 Mem:19.48M (Peak 56.11M) | Time:00:00.00 | Mem:0.00M, Peak:0.00M | Scene, ViewLayer | Synchronizing object | geometry_0_cube.042
Fra:2 Mem:19.49M (Peak 56.11M) | Time:00:00.00 | Mem:0.00M, Peak:0.00M | Scene, ViewLayer | Synchronizing object | geometry_0_cube.064
Fra:2 Mem:19.49M (Peak 56.11M) | Time:00:00.00 | Mem:0.00M, Peak:0.00M | Scene, ViewLayer | Synchronizing object | geometry_0_cube.043
Fra:2 Mem:19.49M (Peak 56.11M) | Time:00:00.00 | Mem:0.00M, Peak:0.00M | Scene, ViewLayer | Synchronizing object | geometry_0_cube.044
Fra:2 Mem:19.49M (Peak 56.11M) | Time:00:00.00 | Mem:0.00M, Peak:0.00M | Scene, ViewLayer | Synchronizing object | geometry_0_cube.063
Fra:2 Mem:19.49M (Peak 56.11M) | Time:00:00.00 | Mem:0.00M, Peak:0.00M | Scene, ViewLayer | Synchronizing object | geometry_0_cube.045
Fra:2 Mem:19.49M (Peak 56.11M) | Time:00:00.00 | Mem:0.00M, Peak:0.00M | Scene, ViewLayer | Synchronizing object | geometry_0_cube.062
Fra:2 Mem:19.49M (Peak 56.11M) | Time:00:00.00 | Mem:0.00M, Peak:0.00M | Scene, ViewLayer | Synchronizing object | geometry_0_cube.061
Fra:2 Mem:19.50M (Peak 56.11M) | Time:00:00.00 | Mem:0.00M, Peak:0.00M | Scene, ViewLayer | Synchronizing object | geometry_0_cube.060
Fra:2 Mem:19.50M (Peak 56.11M) | Time:00:00.00 | Mem:0.00M, Peak:0.00M | Scene, ViewLayer | Synchronizing object | geometry_0_cube.048
Fra:2 Mem:19.50M (Peak 56.11M) | Time:00:00.00 | Mem:0.00M, Peak:0.00M | Scene, ViewLayer | Synchronizing object | geometry_0_cube.059
Fra:2 Mem:19.50M (Peak 56.11M) | Time:00:00.00 | Mem:0.00M, Peak:0.00M | Scene, ViewLayer | Synchronizing object | geometry_0_cube.049
Fra:2 Mem:19.50M (Peak 56.11M) | Time:00:00.00 | Mem:0.00M, Peak:0.00M | Scene, ViewLayer | Synchronizing object | geometry_0_cube.040
Fra:2 Mem:19.50M (Peak 56.11M) | Time:00:00.00 | Mem:0.00M, Peak:0.00M | Scene, ViewLayer | Synchronizing object | geometry_0_cube.058
Fra:2 Mem:19.51M (Peak 56.11M) | Time:00:00.00 | Mem:0.00M, Peak:0.00M | Scene, ViewLayer | Synchronizing object | geometry_0_cube.041
Fra:2 Mem:19.51M (Peak 56.11M) | Time:00:00.00 | Mem:0.00M, Peak:0.00M | Scene, ViewLayer | Synchronizing object | geometry_0_cube
Fra:2 Mem:19.51M (Peak 56.11M) | Time:00:00.00 | Mem:0.00M, Peak:0.00M | Scene, ViewLayer | Synchronizing object | geometry_0_cube.057
Fra:2 Mem:19.52M (Peak 56.11M) | Time:00:00.00 | Mem:0.00M, Peak:0.00M | Scene, ViewLayer | Synchronizing object | geometry_0_cube.001
Fra:2 Mem:19.52M (Peak 56.11M) | Time:00:00.00 | Mem:0.00M, Peak:0.00M | Scene, ViewLayer | Synchronizing object | geometry_0_cube.002
Fra:2 Mem:19.54M (Peak 56.11M) | Time:00:00.00 | Mem:0.00M, Peak:0.00M | Scene, ViewLayer | Synchronizing object | geometry_0_cube.056
Fra:2 Mem:19.54M (Peak 56.11M) | Time:00:00.00 | Mem:0.00M, Peak:0.00M | Scene, ViewLayer | Synchronizing object | geometry_0_cube.003
Fra:2 Mem:19.56M (Peak 56.11M) | Time:00:00.00 | Mem:0.00M, Peak:0.00M | Scene, ViewLayer | Initializing
Fra:2 Mem:15.83M (Peak 56.11M) | Time:00:00.00 | Mem:0.00M, Peak:0.00M | Scene, ViewLayer | Waiting for render to start
Fra:2 Mem:15.83M (Peak 56.11M) | Time:00:00.00 | Mem:0.00M, Peak:0.00M | Scene, ViewLayer | Loading render kernels (may take a few minutes the first time)
Fra:2 Mem:15.83M (Peak 56.11M) | Time:00:00.00 | Mem:0.00M, Peak:0.00M | Scene, ViewLayer | Updating Scene
Fra:2 Mem:15.83M (Peak 56.11M) | Time:00:00.00 | Mem:0.00M, Peak:0.00M | Scene, ViewLayer | Updating Shaders
Fra:2 Mem:15.91M (Peak 56.11M) | Time:00:00.00 | Mem:0.00M, Peak:0.00M | Scene, ViewLayer | Updating Procedurals
Fra:2 Mem:15.91M (Peak 56.11M) | Time:00:00.00 | Mem:0.00M, Peak:0.00M | Scene, ViewLayer | Updating Background
Fra:2 Mem:15.91M (Peak 56.11M) | Time:00:00.00 | Mem:0.00M, Peak:0.00M | Scene, ViewLayer | Updating Camera
Fra:2 Mem:15.91M (Peak 56.11M) | Time:00:00.00 | Mem:0.00M, Peak:0.00M | Scene, ViewLayer | Updating Meshes Flags
Fra:2 Mem:15.91M (Peak 56.11M) | Time:00:00.00 | Mem:0.00M, Peak:0.00M | Scene, ViewLayer | Updating Objects
Fra:2 Mem:15.91M (Peak 56.11M) | Time:00:00.00 | Mem:0.00M, Peak:0.00M | Scene, ViewLayer | Updating Objects | Copying Transformations to device
Fra:2 Mem:15.93M (Peak 56.11M) | Time:00:00.00 | Mem:0.02M, Peak:0.02M | Scene, ViewLayer | Updating Objects | Applying Static Transformations
Fra:2 Mem:15.93M (Peak 56.11M) | Time:00:00.00 | Mem:0.02M, Peak:0.02M | Scene, ViewLayer | Updating Particle Systems
Fra:2 Mem:15.93M (Peak 56.11M) | Time:00:00.00 | Mem:0.02M, Peak:0.02M | Scene, ViewLayer | Updating Particle Systems | Copying Particles to device
Fra:2 Mem:15.93M (Peak 56.11M) | Time:00:00.00 | Mem:0.02M, Peak:0.02M | Scene, ViewLayer | Updating Meshes
Fra:2 Mem:15.95M (Peak 56.11M) | Time:00:00.00 | Mem:0.02M, Peak:0.02M | Scene, ViewLayer | Updating Mesh | Computing attributes
Fra:2 Mem:15.99M (Peak 56.11M) | Time:00:00.00 | Mem:0.02M, Peak:0.02M | Scene, ViewLayer | Updating Mesh | Copying Attributes to device
Fra:2 Mem:15.98M (Peak 56.11M) | Time:00:00.00 | Mem:0.05M, Peak:0.05M | Scene, ViewLayer | Updating Scene BVH | Building
Fra:2 Mem:15.98M (Peak 56.11M) | Time:00:00.00 | Mem:0.05M, Peak:0.05M | Scene, ViewLayer | Updating Scene BVH | Building BVH
Fra:2 Mem:15.98M (Peak 56.11M) | Time:00:00.00 | Mem:0.09M, Peak:0.09M | Scene, ViewLayer | Updating Scene BVH | Building BVH 0%
Fra:2 Mem:15.98M (Peak 56.11M) | Time:00:00.01 | Mem:0.16M, Peak:0.20M | Scene, ViewLayer | Updating Scene BVH | Copying BVH to device
Fra:2 Mem:15.98M (Peak 56.11M) | Time:00:00.01 | Mem:0.16M, Peak:0.20M | Scene, ViewLayer | Updating Mesh | Computing normals
Fra:2 Mem:16.09M (Peak 56.11M) | Time:00:00.01 | Mem:0.16M, Peak:0.20M | Scene, ViewLayer | Updating Mesh | Copying Mesh to device
Fra:2 Mem:16.09M (Peak 56.11M) | Time:00:00.01 | Mem:0.26M, Peak:0.26M | Scene, ViewLayer | Updating Objects Flags
Fra:2 Mem:16.09M (Peak 56.11M) | Time:00:00.01 | Mem:0.26M, Peak:0.26M | Scene, ViewLayer | Updating Primitive Offsets
Fra:2 Mem:16.09M (Peak 56.11M) | Time:00:00.01 | Mem:0.26M, Peak:0.26M | Scene, ViewLayer | Updating Images
Fra:2 Mem:16.09M (Peak 56.11M) | Time:00:00.01 | Mem:0.26M, Peak:0.26M | Scene, ViewLayer | Updating Camera Volume
Fra:2 Mem:16.09M (Peak 56.11M) | Time:00:00.01 | Mem:0.26M, Peak:0.26M | Scene, ViewLayer | Updating Lookup Tables
Fra:2 Mem:16.09M (Peak 56.11M) | Time:00:00.01 | Mem:0.34M, Peak:0.34M | Scene, ViewLayer | Updating Lights
Fra:2 Mem:16.09M (Peak 56.11M) | Time:00:00.01 | Mem:0.34M, Peak:0.34M | Scene, ViewLayer | Updating Lights | Computing distribution
Fra:2 Mem:16.09M (Peak 56.11M) | Time:00:00.01 | Mem:0.34M, Peak:0.34M | Scene, ViewLayer | Updating Lights | Computing tree
Fra:2 Mem:16.09M (Peak 56.11M) | Time:00:00.01 | Mem:0.34M, Peak:0.34M | Scene, ViewLayer | Updating Integrator
Fra:2 Mem:17.09M (Peak 56.11M) | Time:00:00.01 | Mem:1.34M, Peak:1.34M | Scene, ViewLayer | Updating Film
Fra:2 Mem:17.09M (Peak 56.11M) | Time:00:00.01 | Mem:1.26M, Peak:1.34M | Scene, ViewLayer | Updating Lookup Tables
Fra:2 Mem:17.09M (Peak 56.11M) | Time:00:00.01 | Mem:1.35M, Peak:1.35M | Scene, ViewLayer | Updating Baking
Fra:2 Mem:17.09M (Peak 56.11M) | Time:00:00.01 | Mem:1.35M, Peak:1.35M | Scene, ViewLayer | Updating Device | Writing constant memory
Fra:2 Mem:17.09M (Peak 56.11M) | Time:00:00.01 | Mem:1.35M, Peak:1.35M | Scene, ViewLayer | Sample 0/32
Fra:2 Mem:36.11M (Peak 56.11M) | Time:00:00.04 | Remaining:00:01.18 | Mem:20.35M, Peak:20.35M | Scene, ViewLayer | Sample 1/32
Fra:2 Mem:44.11M (Peak 56.11M) | Time:00:01.99 | Mem:20.35M, Peak:20.35M | Scene, ViewLayer | Sample 32/32
Fra:2 Mem:44.11M (Peak 56.11M) | Time:00:01.99 | Mem:20.35M, Peak:20.35M | Scene, ViewLayer | Finished
Fra:2 Mem:23.69M (Peak 56.11M) | Time:00:01.99 | Compositing
Fra:2 Mem:23.69M (Peak 56.11M) | Time:00:01.99 | Compositing | Determining resolution
Fra:2 Mem:23.69M (Peak 56.11M) | Time:00:01.99 | Compositing | Initializing execution
Fra:2 Mem:23.69M (Peak 56.11M) | Time:00:01.99 | Compositing | De-initializing execution
Saved: '/vepfs_default/chanxueyan/lhp/lms/aDSL/temp/geometry_expression_20260929/A/T02-bookshelf/views/render_0002.png'
Time: 00:02.02 (Saving: 00:00.02)

Fra:3 Mem:19.41M (Peak 56.11M) | Time:00:00.00 | Mem:0.00M, Peak:0.00M | Scene, ViewLayer | Synchronizing object | geometry_0_cube.026
Fra:3 Mem:19.41M (Peak 56.11M) | Time:00:00.00 | Mem:0.00M, Peak:0.00M | Scene, ViewLayer | Synchronizing object | geometry_0_cube.027
Fra:3 Mem:19.41M (Peak 56.11M) | Time:00:00.00 | Mem:0.00M, Peak:0.00M | Scene, ViewLayer | Synchronizing object | geometry_0_cube.028
Fra:3 Mem:19.42M (Peak 56.11M) | Time:00:00.00 | Mem:0.00M, Peak:0.00M | Scene, ViewLayer | Synchronizing object | geometry_0_cube.029
Fra:3 Mem:19.42M (Peak 56.11M) | Time:00:00.00 | Mem:0.00M, Peak:0.00M | Scene, ViewLayer | Synchronizing object | geometry_0_cube.030
Fra:3 Mem:19.42M (Peak 56.11M) | Time:00:00.00 | Mem:0.00M, Peak:0.00M | Scene, ViewLayer | Synchronizing object | geometry_0_cube.031
Fra:3 Mem:19.42M (Peak 56.11M) | Time:00:00.00 | Mem:0.00M, Peak:0.00M | Scene, ViewLayer | Synchronizing object | geometry_0_cube.032
Fra:3 Mem:19.42M (Peak 56.11M) | Time:00:00.00 | Mem:0.00M, Peak:0.00M | Scene, ViewLayer | Synchronizing object | geometry_0_cube.033
Fra:3 Mem:19.43M (Peak 56.11M) | Time:00:00.00 | Mem:0.00M, Peak:0.00M | Scene, ViewLayer | Synchronizing object | geometry_0_cube.037
Fra:3 Mem:19.43M (Peak 56.11M) | Time:00:00.00 | Mem:0.00M, Peak:0.00M | Scene, ViewLayer | Synchronizing object | geometry_0_cube.038
Fra:3 Mem:19.43M (Peak 56.11M) | Time:00:00.00 | Mem:0.00M, Peak:0.00M | Scene, ViewLayer | Synchronizing object | geometry_0_cube.039
Fra:3 Mem:19.43M (Peak 56.11M) | Time:00:00.00 | Mem:0.00M, Peak:0.00M | Scene, ViewLayer | Synchronizing object | geometry_0_cube.034
Fra:3 Mem:19.43M (Peak 56.11M) | Time:00:00.00 | Mem:0.00M, Peak:0.00M | Scene, ViewLayer | Synchronizing object | geometry_0_cube.035
Fra:3 Mem:19.44M (Peak 56.11M) | Time:00:00.00 | Mem:0.00M, Peak:0.00M | Scene, ViewLayer | Synchronizing object | geometry_0_cube.036
Fra:3 Mem:19.44M (Peak 56.11M) | Time:00:00.00 | Mem:0.00M, Peak:0.00M | Scene, ViewLayer | Synchronizing object | geometry_0_cube.022
Fra:3 Mem:19.44M (Peak 56.11M) | Time:00:00.00 | Mem:0.00M, Peak:0.00M | Scene, ViewLayer | Synchronizing object | geometry_0_cube.023
Fra:3 Mem:19.44M (Peak 56.11M) | Time:00:00.00 | Mem:0.00M, Peak:0.00M | Scene, ViewLayer | Synchronizing object | geometry_0_cube.024
Fra:3 Mem:19.44M (Peak 56.11M) | Time:00:00.00 | Mem:0.00M, Peak:0.00M | Scene, ViewLayer | Synchronizing object | geometry_0_cube.025
Fra:3 Mem:19.44M (Peak 56.11M) | Time:00:00.00 | Mem:0.00M, Peak:0.00M | Scene, ViewLayer | Synchronizing object | geometry_0_cube.005
Fra:3 Mem:19.45M (Peak 56.11M) | Time:00:00.00 | Mem:0.00M, Peak:0.00M | Scene, ViewLayer | Synchronizing object | geometry_0_cube.069
Fra:3 Mem:19.45M (Peak 56.11M) | Time:00:00.00 | Mem:0.00M, Peak:0.00M | Scene, ViewLayer | Synchronizing object | geometry_0_cube.008
Fra:3 Mem:19.45M (Peak 56.11M) | Time:00:00.00 | Mem:0.00M, Peak:0.00M | Scene, ViewLayer | Synchronizing object | geometry_0_cube.006
Fra:3 Mem:19.45M (Peak 56.11M) | Time:00:00.00 | Mem:0.00M, Peak:0.00M | Scene, ViewLayer | Synchronizing object | geometry_0_cube.004
Fra:3 Mem:19.45M (Peak 56.11M) | Time:00:00.00 | Mem:0.00M, Peak:0.00M | Scene, ViewLayer | Synchronizing object | geometry_0_cube.010
Fra:3 Mem:19.45M (Peak 56.11M) | Time:00:00.00 | Mem:0.00M, Peak:0.00M | Scene, ViewLayer | Synchronizing object | geometry_0_cube.067
Fra:3 Mem:19.46M (Peak 56.11M) | Time:00:00.00 | Mem:0.00M, Peak:0.00M | Scene, ViewLayer | Synchronizing object | geometry_0_cube.009
Fra:3 Mem:19.46M (Peak 56.11M) | Time:00:00.00 | Mem:0.00M, Peak:0.00M | Scene, ViewLayer | Synchronizing object | geometry_0_cube.021
Fra:3 Mem:19.46M (Peak 56.11M) | Time:00:00.00 | Mem:0.00M, Peak:0.00M | Scene, ViewLayer | Synchronizing object | geometry_0_cube.066
Fra:3 Mem:19.46M (Peak 56.11M) | Time:00:00.00 | Mem:0.00M, Peak:0.00M | Scene, ViewLayer | Synchronizing object | geometry_0_cube.018
Fra:3 Mem:19.46M (Peak 56.11M) | Time:00:00.00 | Mem:0.00M, Peak:0.00M | Scene, ViewLayer | Synchronizing object | geometry_0_cube.019
Fra:3 Mem:19.46M (Peak 56.11M) | Time:00:00.00 | Mem:0.00M, Peak:0.00M | Scene, ViewLayer | Synchronizing object | geometry_0_cube.072
Fra:3 Mem:19.46M (Peak 56.11M) | Time:00:00.00 | Mem:0.00M, Peak:0.00M | Scene, ViewLayer | Synchronizing object | geometry_0_cube.020
Fra:3 Mem:19.46M (Peak 56.11M) | Time:00:00.00 | Mem:0.00M, Peak:0.00M | Scene, ViewLayer | Synchronizing object | geometry_0_cube.012
Fra:3 Mem:19.47M (Peak 56.11M) | Time:00:00.00 | Mem:0.00M, Peak:0.00M | Scene, ViewLayer | Synchronizing object | geometry_0_cube.071
Fra:3 Mem:19.47M (Peak 56.11M) | Time:00:00.00 | Mem:0.00M, Peak:0.00M | Scene, ViewLayer | Synchronizing object | geometry_0_cube.014
Fra:3 Mem:19.47M (Peak 56.11M) | Time:00:00.00 | Mem:0.00M, Peak:0.00M | Scene, ViewLayer | Synchronizing object | geometry_0_cube.015
Fra:3 Mem:19.47M (Peak 56.11M) | Time:00:00.00 | Mem:0.00M, Peak:0.00M | Scene, ViewLayer | Synchronizing object | geometry_0_cube.070
Fra:3 Mem:19.47M (Peak 56.11M) | Time:00:00.00 | Mem:0.00M, Peak:0.00M | Scene, ViewLayer | Synchronizing object | geometry_0_cube.013
Fra:3 Mem:19.47M (Peak 56.11M) | Time:00:00.00 | Mem:0.00M, Peak:0.00M | Scene, ViewLayer | Synchronizing object | geometry_0_cube.011
Fra:3 Mem:19.47M (Peak 56.11M) | Time:00:00.00 | Mem:0.00M, Peak:0.00M | Scene, ViewLayer | Synchronizing object | geometry_0_cube.055
Fra:3 Mem:19.48M (Peak 56.11M) | Time:00:00.00 | Mem:0.00M, Peak:0.00M | Scene, ViewLayer | Synchronizing object | geometry_0_cube.017
Fra:3 Mem:19.48M (Peak 56.11M) | Time:00:00.00 | Mem:0.00M, Peak:0.00M | Scene, ViewLayer | Synchronizing object | geometry_0_cube.016
Fra:3 Mem:19.48M (Peak 56.11M) | Time:00:00.00 | Mem:0.00M, Peak:0.00M | Scene, ViewLayer | Synchronizing object | geometry_0_cube.054
Fra:3 Mem:19.48M (Peak 56.11M) | Time:00:00.00 | Mem:0.00M, Peak:0.00M | Scene, ViewLayer | Synchronizing object | geometry_0_cube.050
Fra:3 Mem:19.48M (Peak 56.11M) | Time:00:00.00 | Mem:0.00M, Peak:0.00M | Scene, ViewLayer | Synchronizing object | geometry_0_cube.051
Fra:3 Mem:19.48M (Peak 56.11M) | Time:00:00.00 | Mem:0.00M, Peak:0.00M | Scene, ViewLayer | Synchronizing object | geometry_0_cube.053
Fra:3 Mem:19.48M (Peak 56.11M) | Time:00:00.00 | Mem:0.00M, Peak:0.00M | Scene, ViewLayer | Synchronizing object | geometry_0_cube.052
Fra:3 Mem:19.48M (Peak 56.11M) | Time:00:00.00 | Mem:0.00M, Peak:0.00M | Scene, ViewLayer | Synchronizing object | geometry_0_cube.042
Fra:3 Mem:19.48M (Peak 56.11M) | Time:00:00.00 | Mem:0.00M, Peak:0.00M | Scene, ViewLayer | Synchronizing object | geometry_0_cube.065
Fra:3 Mem:19.49M (Peak 56.11M) | Time:00:00.00 | Mem:0.00M, Peak:0.00M | Scene, ViewLayer | Synchronizing object | geometry_0_cube.043
Fra:3 Mem:19.49M (Peak 56.11M) | Time:00:00.00 | Mem:0.00M, Peak:0.00M | Scene, ViewLayer | Synchronizing object | geometry_0_cube.044
Fra:3 Mem:19.49M (Peak 56.11M) | Time:00:00.00 | Mem:0.00M, Peak:0.00M | Scene, ViewLayer | Synchronizing object | geometry_0_cube.064
Fra:3 Mem:19.49M (Peak 56.11M) | Time:00:00.00 | Mem:0.00M, Peak:0.00M | Scene, ViewLayer | Synchronizing object | geometry_0_cube.045
Fra:3 Mem:19.49M (Peak 56.11M) | Time:00:00.00 | Mem:0.00M, Peak:0.00M | Scene, ViewLayer | Synchronizing object | geometry_0_cube.046
Fra:3 Mem:19.49M (Peak 56.11M) | Time:00:00.00 | Mem:0.00M, Peak:0.00M | Scene, ViewLayer | Synchronizing object | geometry_0_cube.047
Fra:3 Mem:19.49M (Peak 56.11M) | Time:00:00.00 | Mem:0.00M, Peak:0.00M | Scene, ViewLayer | Synchronizing object | geometry_0_cube.063
Fra:3 Mem:19.50M (Peak 56.11M) | Time:00:00.00 | Mem:0.00M, Peak:0.00M | Scene, ViewLayer | Synchronizing object | geometry_0_cube.048
Fra:3 Mem:19.50M (Peak 56.11M) | Time:00:00.00 | Mem:0.00M, Peak:0.00M | Scene, ViewLayer | Synchronizing object | geometry_0_cube.049
Fra:3 Mem:19.50M (Peak 56.11M) | Time:00:00.00 | Mem:0.00M, Peak:0.00M | Scene, ViewLayer | Synchronizing object | geometry_0_cube.062
Fra:3 Mem:19.50M (Peak 56.11M) | Time:00:00.00 | Mem:0.00M, Peak:0.00M | Scene, ViewLayer | Synchronizing object | geometry_0_cube.040
Fra:3 Mem:19.50M (Peak 56.11M) | Time:00:00.00 | Mem:0.00M, Peak:0.00M | Scene, ViewLayer | Synchronizing object | geometry_0_cube.041
Fra:3 Mem:19.50M (Peak 56.11M) | Time:00:00.00 | Mem:0.00M, Peak:0.00M | Scene, ViewLayer | Synchronizing object | geometry_0_cube.061
Fra:3 Mem:19.50M (Peak 56.11M) | Time:00:00.00 | Mem:0.00M, Peak:0.00M | Scene, ViewLayer | Synchronizing object | geometry_0_cube
Fra:3 Mem:19.50M (Peak 56.11M) | Time:00:00.00 | Mem:0.00M, Peak:0.00M | Scene, ViewLayer | Synchronizing object | geometry_0_cube.001
Fra:3 Mem:19.52M (Peak 56.11M) | Time:00:00.00 | Mem:0.00M, Peak:0.00M | Scene, ViewLayer | Synchronizing object | geometry_0_cube.060
Fra:3 Mem:19.52M (Peak 56.11M) | Time:00:00.00 | Mem:0.00M, Peak:0.00M | Scene, ViewLayer | Synchronizing object | geometry_0_cube.002
Fra:3 Mem:19.54M (Peak 56.11M) | Time:00:00.00 | Mem:0.00M, Peak:0.00M | Scene, ViewLayer | Synchronizing object | geometry_0_cube.003
Fra:3 Mem:19.55M (Peak 56.11M) | Time:00:00.00 | Mem:0.00M, Peak:0.00M | Scene, ViewLayer | Synchronizing object | geometry_0_cube.056
Fra:3 Mem:19.55M (Peak 56.11M) | Time:00:00.00 | Mem:0.00M, Peak:0.00M | Scene, ViewLayer | Synchronizing object | geometry_0_cube.057
Fra:3 Mem:19.55M (Peak 56.11M) | Time:00:00.00 | Mem:0.00M, Peak:0.00M | Scene, ViewLayer | Synchronizing object | geometry_0_cube.058
Fra:3 Mem:19.56M (Peak 56.11M) | Time:00:00.00 | Mem:0.00M, Peak:0.00M | Scene, ViewLayer | Initializing
Fra:3 Mem:15.83M (Peak 56.11M) | Time:00:00.01 | Mem:0.00M, Peak:0.00M | Scene, ViewLayer | Waiting for render to start
Fra:3 Mem:15.83M (Peak 56.11M) | Time:00:00.01 | Mem:0.00M, Peak:0.00M | Scene, ViewLayer | Loading render kernels (may take a few minutes the first time)
Fra:3 Mem:15.83M (Peak 56.11M) | Time:00:00.01 | Mem:0.00M, Peak:0.00M | Scene, ViewLayer | Updating Scene
Fra:3 Mem:15.83M (Peak 56.11M) | Time:00:00.01 | Mem:0.00M, Peak:0.00M | Scene, ViewLayer | Updating Shaders
Fra:3 Mem:15.91M (Peak 56.11M) | Time:00:00.01 | Mem:0.00M, Peak:0.00M | Scene, ViewLayer | Updating Procedurals
Fra:3 Mem:15.91M (Peak 56.11M) | Time:00:00.01 | Mem:0.00M, Peak:0.00M | Scene, ViewLayer | Updating Background
Fra:3 Mem:15.91M (Peak 56.11M) | Time:00:00.01 | Mem:0.00M, Peak:0.00M | Scene, ViewLayer | Updating Camera
Fra:3 Mem:15.91M (Peak 56.11M) | Time:00:00.01 | Mem:0.00M, Peak:0.00M | Scene, ViewLayer | Updating Meshes Flags
Fra:3 Mem:15.91M (Peak 56.11M) | Time:00:00.01 | Mem:0.00M, Peak:0.00M | Scene, ViewLayer | Updating Objects
Fra:3 Mem:15.91M (Peak 56.11M) | Time:00:00.01 | Mem:0.00M, Peak:0.00M | Scene, ViewLayer | Updating Objects | Copying Transformations to device
Fra:3 Mem:15.93M (Peak 56.11M) | Time:00:00.01 | Mem:0.02M, Peak:0.02M | Scene, ViewLayer | Updating Objects | Applying Static Transformations
Fra:3 Mem:15.93M (Peak 56.11M) | Time:00:00.01 | Mem:0.02M, Peak:0.02M | Scene, ViewLayer | Updating Particle Systems
Fra:3 Mem:15.93M (Peak 56.11M) | Time:00:00.01 | Mem:0.02M, Peak:0.02M | Scene, ViewLayer | Updating Particle Systems | Copying Particles to device
Fra:3 Mem:15.93M (Peak 56.11M) | Time:00:00.01 | Mem:0.02M, Peak:0.02M | Scene, ViewLayer | Updating Meshes
Fra:3 Mem:15.95M (Peak 56.11M) | Time:00:00.01 | Mem:0.02M, Peak:0.02M | Scene, ViewLayer | Updating Mesh | Computing attributes
Fra:3 Mem:15.99M (Peak 56.11M) | Time:00:00.01 | Mem:0.02M, Peak:0.02M | Scene, ViewLayer | Updating Mesh | Copying Attributes to device
Fra:3 Mem:15.98M (Peak 56.11M) | Time:00:00.01 | Mem:0.05M, Peak:0.05M | Scene, ViewLayer | Updating Scene BVH | Building
Fra:3 Mem:15.98M (Peak 56.11M) | Time:00:00.01 | Mem:0.05M, Peak:0.05M | Scene, ViewLayer | Updating Scene BVH | Building BVH
Fra:3 Mem:15.98M (Peak 56.11M) | Time:00:00.01 | Mem:0.09M, Peak:0.09M | Scene, ViewLayer | Updating Scene BVH | Building BVH 0%
Fra:3 Mem:15.98M (Peak 56.11M) | Time:00:00.01 | Mem:0.16M, Peak:0.20M | Scene, ViewLayer | Updating Scene BVH | Copying BVH to device
Fra:3 Mem:15.98M (Peak 56.11M) | Time:00:00.01 | Mem:0.16M, Peak:0.20M | Scene, ViewLayer | Updating Mesh | Computing normals
Fra:3 Mem:16.09M (Peak 56.11M) | Time:00:00.01 | Mem:0.16M, Peak:0.20M | Scene, ViewLayer | Updating Mesh | Copying Mesh to device
Fra:3 Mem:16.09M (Peak 56.11M) | Time:00:00.01 | Mem:0.26M, Peak:0.26M | Scene, ViewLayer | Updating Objects Flags
Fra:3 Mem:16.09M (Peak 56.11M) | Time:00:00.01 | Mem:0.26M, Peak:0.26M | Scene, ViewLayer | Updating Primitive Offsets
Fra:3 Mem:16.09M (Peak 56.11M) | Time:00:00.01 | Mem:0.26M, Peak:0.26M | Scene, ViewLayer | Updating Images
Fra:3 Mem:16.09M (Peak 56.11M) | Time:00:00.01 | Mem:0.26M, Peak:0.26M | Scene, ViewLayer | Updating Camera Volume
Fra:3 Mem:16.09M (Peak 56.11M) | Time:00:00.01 | Mem:0.26M, Peak:0.26M | Scene, ViewLayer | Updating Lookup Tables
Fra:3 Mem:16.09M (Peak 56.11M) | Time:00:00.01 | Mem:0.34M, Peak:0.34M | Scene, ViewLayer | Updating Lights
Fra:3 Mem:16.09M (Peak 56.11M) | Time:00:00.01 | Mem:0.34M, Peak:0.34M | Scene, ViewLayer | Updating Lights | Computing distribution
Fra:3 Mem:16.09M (Peak 56.11M) | Time:00:00.01 | Mem:0.34M, Peak:0.34M | Scene, ViewLayer | Updating Lights | Computing tree
Fra:3 Mem:16.09M (Peak 56.11M) | Time:00:00.01 | Mem:0.34M, Peak:0.34M | Scene, ViewLayer | Updating Integrator
Fra:3 Mem:17.09M (Peak 56.11M) | Time:00:00.01 | Mem:1.34M, Peak:1.34M | Scene, ViewLayer | Updating Film
Fra:3 Mem:17.09M (Peak 56.11M) | Time:00:00.01 | Mem:1.26M, Peak:1.34M | Scene, ViewLayer | Updating Lookup Tables
Fra:3 Mem:17.09M (Peak 56.11M) | Time:00:00.01 | Mem:1.35M, Peak:1.35M | Scene, ViewLayer | Updating Baking
Fra:3 Mem:17.09M (Peak 56.11M) | Time:00:00.01 | Mem:1.35M, Peak:1.35M | Scene, ViewLayer | Updating Device | Writing constant memory
Fra:3 Mem:17.09M (Peak 56.11M) | Time:00:00.01 | Mem:1.35M, Peak:1.35M | Scene, ViewLayer | Sample 0/32
Fra:3 Mem:36.11M (Peak 56.11M) | Time:00:00.04 | Remaining:00:01.02 | Mem:20.35M, Peak:20.35M | Scene, ViewLayer | Sample 1/32
Fra:3 Mem:44.11M (Peak 56.11M) | Time:00:01.84 | Mem:20.35M, Peak:20.35M | Scene, ViewLayer | Sample 32/32
Fra:3 Mem:44.11M (Peak 56.11M) | Time:00:01.84 | Mem:20.35M, Peak:20.35M | Scene, ViewLayer | Finished
Fra:3 Mem:23.69M (Peak 56.11M) | Time:00:01.84 | Compositing
Fra:3 Mem:23.69M (Peak 56.11M) | Time:00:01.84 | Compositing | Determining resolution
Fra:3 Mem:23.69M (Peak 56.11M) | Time:00:01.84 | Compositing | Initializing execution
Fra:3 Mem:23.69M (Peak 56.11M) | Time:00:01.84 | Compositing | De-initializing execution
Saved: '/vepfs_default/chanxueyan/lhp/lms/aDSL/temp/geometry_expression_20260929/A/T02-bookshelf/views/render_0003.png'
Time: 00:01.86 (Saving: 00:00.02)

Fra:4 Mem:19.41M (Peak 56.11M) | Time:00:00.00 | Mem:0.00M, Peak:0.00M | Scene, ViewLayer | Synchronizing object | geometry_0_cube.026
Fra:4 Mem:19.41M (Peak 56.11M) | Time:00:00.00 | Mem:0.00M, Peak:0.00M | Scene, ViewLayer | Synchronizing object | geometry_0_cube.027
Fra:4 Mem:19.41M (Peak 56.11M) | Time:00:00.00 | Mem:0.00M, Peak:0.00M | Scene, ViewLayer | Synchronizing object | geometry_0_cube.028
Fra:4 Mem:19.42M (Peak 56.11M) | Time:00:00.00 | Mem:0.00M, Peak:0.00M | Scene, ViewLayer | Synchronizing object | geometry_0_cube.029
Fra:4 Mem:19.42M (Peak 56.11M) | Time:00:00.00 | Mem:0.00M, Peak:0.00M | Scene, ViewLayer | Synchronizing object | geometry_0_cube.030
Fra:4 Mem:19.42M (Peak 56.11M) | Time:00:00.00 | Mem:0.00M, Peak:0.00M | Scene, ViewLayer | Synchronizing object | geometry_0_cube.031
Fra:4 Mem:19.42M (Peak 56.11M) | Time:00:00.00 | Mem:0.00M, Peak:0.00M | Scene, ViewLayer | Synchronizing object | geometry_0_cube.032
Fra:4 Mem:19.42M (Peak 56.11M) | Time:00:00.00 | Mem:0.00M, Peak:0.00M | Scene, ViewLayer | Synchronizing object | geometry_0_cube.033
Fra:4 Mem:19.43M (Peak 56.11M) | Time:00:00.00 | Mem:0.00M, Peak:0.00M | Scene, ViewLayer | Synchronizing object | geometry_0_cube.037
Fra:4 Mem:19.43M (Peak 56.11M) | Time:00:00.00 | Mem:0.00M, Peak:0.00M | Scene, ViewLayer | Synchronizing object | geometry_0_cube.038
Fra:4 Mem:19.43M (Peak 56.11M) | Time:00:00.00 | Mem:0.00M, Peak:0.00M | Scene, ViewLayer | Synchronizing object | geometry_0_cube.039
Fra:4 Mem:19.43M (Peak 56.11M) | Time:00:00.00 | Mem:0.00M, Peak:0.00M | Scene, ViewLayer | Synchronizing object | geometry_0_cube.034
Fra:4 Mem:19.43M (Peak 56.11M) | Time:00:00.00 | Mem:0.00M, Peak:0.00M | Scene, ViewLayer | Synchronizing object | geometry_0_cube.035
Fra:4 Mem:19.43M (Peak 56.11M) | Time:00:00.00 | Mem:0.00M, Peak:0.00M | Scene, ViewLayer | Synchronizing object | geometry_0_cube.036
Fra:4 Mem:19.44M (Peak 56.11M) | Time:00:00.00 | Mem:0.00M, Peak:0.00M | Scene, ViewLayer | Synchronizing object | geometry_0_cube.022
Fra:4 Mem:19.44M (Peak 56.11M) | Time:00:00.00 | Mem:0.00M, Peak:0.00M | Scene, ViewLayer | Synchronizing object | geometry_0_cube.023
Fra:4 Mem:19.44M (Peak 56.11M) | Time:00:00.00 | Mem:0.00M, Peak:0.00M | Scene, ViewLayer | Synchronizing object | geometry_0_cube.024
Fra:4 Mem:19.44M (Peak 56.11M) | Time:00:00.00 | Mem:0.00M, Peak:0.00M | Scene, ViewLayer | Synchronizing object | geometry_0_cube.025
Fra:4 Mem:19.44M (Peak 56.11M) | Time:00:00.00 | Mem:0.00M, Peak:0.00M | Scene, ViewLayer | Synchronizing object | geometry_0_cube.005
Fra:4 Mem:19.44M (Peak 56.11M) | Time:00:00.00 | Mem:0.00M, Peak:0.00M | Scene, ViewLayer | Synchronizing object | geometry_0_cube.007
Fra:4 Mem:19.45M (Peak 56.11M) | Time:00:00.00 | Mem:0.00M, Peak:0.00M | Scene, ViewLayer | Synchronizing object | geometry_0_cube.008
Fra:4 Mem:19.45M (Peak 56.11M) | Time:00:00.00 | Mem:0.00M, Peak:0.00M | Scene, ViewLayer | Synchronizing object | geometry_0_cube.006
Fra:4 Mem:19.45M (Peak 56.11M) | Time:00:00.00 | Mem:0.00M, Peak:0.00M | Scene, ViewLayer | Synchronizing object | geometry_0_cube.004
Fra:4 Mem:19.45M (Peak 56.11M) | Time:00:00.00 | Mem:0.00M, Peak:0.00M | Scene, ViewLayer | Synchronizing object | geometry_0_cube.010
Fra:4 Mem:19.45M (Peak 56.11M) | Time:00:00.00 | Mem:0.00M, Peak:0.00M | Scene, ViewLayer | Synchronizing object | geometry_0_cube.069
Fra:4 Mem:19.45M (Peak 56.11M) | Time:00:00.00 | Mem:0.00M, Peak:0.00M | Scene, ViewLayer | Synchronizing object | geometry_0_cube.021
Fra:4 Mem:19.45M (Peak 56.11M) | Time:00:00.00 | Mem:0.00M, Peak:0.00M | Scene, ViewLayer | Synchronizing object | geometry_0_cube.018
Fra:4 Mem:19.46M (Peak 56.11M) | Time:00:00.00 | Mem:0.00M, Peak:0.00M | Scene, ViewLayer | Synchronizing object | geometry_0_cube.068
Fra:4 Mem:19.46M (Peak 56.11M) | Time:00:00.00 | Mem:0.00M, Peak:0.00M | Scene, ViewLayer | Synchronizing object | geometry_0_cube.019
Fra:4 Mem:19.46M (Peak 56.11M) | Time:00:00.00 | Mem:0.00M, Peak:0.00M | Scene, ViewLayer | Synchronizing object | geometry_0_cube.067
Fra:4 Mem:19.46M (Peak 56.11M) | Time:00:00.00 | Mem:0.00M, Peak:0.00M | Scene, ViewLayer | Synchronizing object | geometry_0_cube.020
Fra:4 Mem:19.46M (Peak 56.11M) | Time:00:00.00 | Mem:0.00M, Peak:0.00M | Scene, ViewLayer | Synchronizing object | geometry_0_cube.012
Fra:4 Mem:19.46M (Peak 56.11M) | Time:00:00.00 | Mem:0.00M, Peak:0.00M | Scene, ViewLayer | Synchronizing object | geometry_0_cube.066
Fra:4 Mem:19.46M (Peak 56.11M) | Time:00:00.00 | Mem:0.00M, Peak:0.00M | Scene, ViewLayer | Synchronizing object | geometry_0_cube.014
Fra:4 Mem:19.47M (Peak 56.11M) | Time:00:00.00 | Mem:0.00M, Peak:0.00M | Scene, ViewLayer | Synchronizing object | geometry_0_cube.015
Fra:4 Mem:19.47M (Peak 56.11M) | Time:00:00.00 | Mem:0.00M, Peak:0.00M | Scene, ViewLayer | Synchronizing object | geometry_0_cube.072
Fra:4 Mem:19.47M (Peak 56.11M) | Time:00:00.00 | Mem:0.00M, Peak:0.00M | Scene, ViewLayer | Synchronizing object | geometry_0_cube.013
Fra:4 Mem:19.47M (Peak 56.11M) | Time:00:00.00 | Mem:0.00M, Peak:0.00M | Scene, ViewLayer | Synchronizing object | geometry_0_cube.011
Fra:4 Mem:19.47M (Peak 56.11M) | Time:00:00.00 | Mem:0.00M, Peak:0.00M | Scene, ViewLayer | Synchronizing object | geometry_0_cube.071
Fra:4 Mem:19.47M (Peak 56.11M) | Time:00:00.00 | Mem:0.00M, Peak:0.00M | Scene, ViewLayer | Synchronizing object | geometry_0_cube.017
Fra:4 Mem:19.47M (Peak 56.11M) | Time:00:00.00 | Mem:0.00M, Peak:0.00M | Scene, ViewLayer | Synchronizing object | geometry_0_cube.016
Fra:4 Mem:19.47M (Peak 56.11M) | Time:00:00.00 | Mem:0.00M, Peak:0.00M | Scene, ViewLayer | Synchronizing object | geometry_0_cube.070
Fra:4 Mem:19.48M (Peak 56.11M) | Time:00:00.00 | Mem:0.00M, Peak:0.00M | Scene, ViewLayer | Synchronizing object | geometry_0_cube.050
Fra:4 Mem:19.48M (Peak 56.11M) | Time:00:00.00 | Mem:0.00M, Peak:0.00M | Scene, ViewLayer | Synchronizing object | geometry_0_cube.051
Fra:4 Mem:19.48M (Peak 56.11M) | Time:00:00.00 | Mem:0.00M, Peak:0.00M | Scene, ViewLayer | Synchronizing object | geometry_0_cube.055
Fra:4 Mem:19.48M (Peak 56.11M) | Time:00:00.00 | Mem:0.00M, Peak:0.00M | Scene, ViewLayer | Synchronizing object | geometry_0_cube.052
Fra:4 Mem:19.48M (Peak 56.11M) | Time:00:00.00 | Mem:0.00M, Peak:0.00M | Scene, ViewLayer | Synchronizing object | geometry_0_cube.042
Fra:4 Mem:19.48M (Peak 56.11M) | Time:00:00.00 | Mem:0.00M, Peak:0.00M | Scene, ViewLayer | Synchronizing object | geometry_0_cube.054
Fra:4 Mem:19.48M (Peak 56.11M) | Time:00:00.00 | Mem:0.00M, Peak:0.00M | Scene, ViewLayer | Synchronizing object | geometry_0_cube.043
Fra:4 Mem:19.48M (Peak 56.11M) | Time:00:00.00 | Mem:0.00M, Peak:0.00M | Scene, ViewLayer | Synchronizing object | geometry_0_cube.044
Fra:4 Mem:19.49M (Peak 56.11M) | Time:00:00.00 | Mem:0.00M, Peak:0.00M | Scene, ViewLayer | Synchronizing object | geometry_0_cube.053
Fra:4 Mem:19.49M (Peak 56.11M) | Time:00:00.00 | Mem:0.00M, Peak:0.00M | Scene, ViewLayer | Synchronizing object | geometry_0_cube.045
Fra:4 Mem:19.49M (Peak 56.11M) | Time:00:00.00 | Mem:0.00M, Peak:0.00M | Scene, ViewLayer | Synchronizing object | geometry_0_cube.046
Fra:4 Mem:19.49M (Peak 56.11M) | Time:00:00.00 | Mem:0.00M, Peak:0.00M | Scene, ViewLayer | Synchronizing object | geometry_0_cube.065
Fra:4 Mem:19.49M (Peak 56.11M) | Time:00:00.00 | Mem:0.00M, Peak:0.00M | Scene, ViewLayer | Synchronizing object | geometry_0_cube.047
Fra:4 Mem:19.49M (Peak 56.11M) | Time:00:00.00 | Mem:0.00M, Peak:0.00M | Scene, ViewLayer | Synchronizing object | geometry_0_cube.048
Fra:4 Mem:19.49M (Peak 56.11M) | Time:00:00.00 | Mem:0.00M, Peak:0.00M | Scene, ViewLayer | Synchronizing object | geometry_0_cube.064
Fra:4 Mem:19.50M (Peak 56.11M) | Time:00:00.00 | Mem:0.00M, Peak:0.00M | Scene, ViewLayer | Synchronizing object | geometry_0_cube.049
Fra:4 Mem:19.50M (Peak 56.11M) | Time:00:00.00 | Mem:0.00M, Peak:0.00M | Scene, ViewLayer | Synchronizing object | geometry_0_cube.040
Fra:4 Mem:19.50M (Peak 56.11M) | Time:00:00.00 | Mem:0.00M, Peak:0.00M | Scene, ViewLayer | Synchronizing object | geometry_0_cube.063
Fra:4 Mem:19.50M (Peak 56.11M) | Time:00:00.00 | Mem:0.00M, Peak:0.00M | Scene, ViewLayer | Synchronizing object | geometry_0_cube.041
Fra:4 Mem:19.50M (Peak 56.11M) | Time:00:00.00 | Mem:0.00M, Peak:0.00M | Scene, ViewLayer | Synchronizing object | geometry_0_cube
Fra:4 Mem:19.51M (Peak 56.11M) | Time:00:00.00 | Mem:0.00M, Peak:0.00M | Scene, ViewLayer | Synchronizing object | geometry_0_cube.062
Fra:4 Mem:19.51M (Peak 56.11M) | Time:00:00.00 | Mem:0.00M, Peak:0.00M | Scene, ViewLayer | Synchronizing object | geometry_0_cube.001
Fra:4 Mem:19.51M (Peak 56.11M) | Time:00:00.00 | Mem:0.00M, Peak:0.00M | Scene, ViewLayer | Synchronizing object | geometry_0_cube.002
Fra:4 Mem:19.53M (Peak 56.11M) | Time:00:00.00 | Mem:0.00M, Peak:0.00M | Scene, ViewLayer | Synchronizing object | geometry_0_cube.003
Fra:4 Mem:19.54M (Peak 56.11M) | Time:00:00.00 | Mem:0.00M, Peak:0.00M | Scene, ViewLayer | Synchronizing object | geometry_0_cube.056
Fra:4 Mem:19.55M (Peak 56.11M) | Time:00:00.00 | Mem:0.00M, Peak:0.00M | Scene, ViewLayer | Synchronizing object | geometry_0_cube.057
Fra:4 Mem:19.55M (Peak 56.11M) | Time:00:00.00 | Mem:0.00M, Peak:0.00M | Scene, ViewLayer | Synchronizing object | geometry_0_cube.058
Fra:4 Mem:19.55M (Peak 56.11M) | Time:00:00.00 | Mem:0.00M, Peak:0.00M | Scene, ViewLayer | Synchronizing object | geometry_0_cube.059
Fra:4 Mem:19.55M (Peak 56.11M) | Time:00:00.00 | Mem:0.00M, Peak:0.00M | Scene, ViewLayer | Synchronizing object | geometry_0_cube.060
Fra:4 Mem:19.56M (Peak 56.11M) | Time:00:00.00 | Mem:0.00M, Peak:0.00M | Scene, ViewLayer | Initializing
Fra:4 Mem:15.83M (Peak 56.11M) | Time:00:00.00 | Mem:0.00M, Peak:0.00M | Scene, ViewLayer | Waiting for render to start
Fra:4 Mem:15.83M (Peak 56.11M) | Time:00:00.00 | Mem:0.00M, Peak:0.00M | Scene, ViewLayer | Loading render kernels (may take a few minutes the first time)
Fra:4 Mem:15.83M (Peak 56.11M) | Time:00:00.00 | Mem:0.00M, Peak:0.00M | Scene, ViewLayer | Updating Scene
Fra:4 Mem:15.83M (Peak 56.11M) | Time:00:00.00 | Mem:0.00M, Peak:0.00M | Scene, ViewLayer | Updating Shaders
Fra:4 Mem:15.91M (Peak 56.11M) | Time:00:00.01 | Mem:0.00M, Peak:0.00M | Scene, ViewLayer | Updating Procedurals
Fra:4 Mem:15.91M (Peak 56.11M) | Time:00:00.01 | Mem:0.00M, Peak:0.00M | Scene, ViewLayer | Updating Background
Fra:4 Mem:15.91M (Peak 56.11M) | Time:00:00.01 | Mem:0.00M, Peak:0.00M | Scene, ViewLayer | Updating Camera
Fra:4 Mem:15.91M (Peak 56.11M) | Time:00:00.01 | Mem:0.00M, Peak:0.00M | Scene, ViewLayer | Updating Meshes Flags
Fra:4 Mem:15.91M (Peak 56.11M) | Time:00:00.01 | Mem:0.00M, Peak:0.00M | Scene, ViewLayer | Updating Objects
Fra:4 Mem:15.91M (Peak 56.11M) | Time:00:00.01 | Mem:0.00M, Peak:0.00M | Scene, ViewLayer | Updating Objects | Copying Transformations to device
Fra:4 Mem:15.93M (Peak 56.11M) | Time:00:00.01 | Mem:0.02M, Peak:0.02M | Scene, ViewLayer | Updating Objects | Applying Static Transformations
Fra:4 Mem:15.93M (Peak 56.11M) | Time:00:00.01 | Mem:0.02M, Peak:0.02M | Scene, ViewLayer | Updating Particle Systems
Fra:4 Mem:15.93M (Peak 56.11M) | Time:00:00.01 | Mem:0.02M, Peak:0.02M | Scene, ViewLayer | Updating Particle Systems | Copying Particles to device
Fra:4 Mem:15.93M (Peak 56.11M) | Time:00:00.01 | Mem:0.02M, Peak:0.02M | Scene, ViewLayer | Updating Meshes
Fra:4 Mem:15.95M (Peak 56.11M) | Time:00:00.01 | Mem:0.02M, Peak:0.02M | Scene, ViewLayer | Updating Mesh | Computing attributes
Fra:4 Mem:15.99M (Peak 56.11M) | Time:00:00.01 | Mem:0.02M, Peak:0.02M | Scene, ViewLayer | Updating Mesh | Copying Attributes to device
Fra:4 Mem:15.98M (Peak 56.11M) | Time:00:00.01 | Mem:0.05M, Peak:0.05M | Scene, ViewLayer | Updating Scene BVH | Building
Fra:4 Mem:15.98M (Peak 56.11M) | Time:00:00.01 | Mem:0.05M, Peak:0.05M | Scene, ViewLayer | Updating Scene BVH | Building BVH
Fra:4 Mem:15.98M (Peak 56.11M) | Time:00:00.01 | Mem:0.09M, Peak:0.09M | Scene, ViewLayer | Updating Scene BVH | Building BVH 0%
Fra:4 Mem:15.98M (Peak 56.11M) | Time:00:00.01 | Mem:0.16M, Peak:0.20M | Scene, ViewLayer | Updating Scene BVH | Copying BVH to device
Fra:4 Mem:15.98M (Peak 56.11M) | Time:00:00.01 | Mem:0.16M, Peak:0.20M | Scene, ViewLayer | Updating Mesh | Computing normals
Fra:4 Mem:16.09M (Peak 56.11M) | Time:00:00.01 | Mem:0.16M, Peak:0.20M | Scene, ViewLayer | Updating Mesh | Copying Mesh to device
Fra:4 Mem:16.09M (Peak 56.11M) | Time:00:00.01 | Mem:0.26M, Peak:0.26M | Scene, ViewLayer | Updating Objects Flags
Fra:4 Mem:16.09M (Peak 56.11M) | Time:00:00.01 | Mem:0.26M, Peak:0.26M | Scene, ViewLayer | Updating Primitive Offsets
Fra:4 Mem:16.09M (Peak 56.11M) | Time:00:00.01 | Mem:0.26M, Peak:0.26M | Scene, ViewLayer | Updating Images
Fra:4 Mem:16.09M (Peak 56.11M) | Time:00:00.01 | Mem:0.26M, Peak:0.26M | Scene, ViewLayer | Updating Camera Volume
Fra:4 Mem:16.09M (Peak 56.11M) | Time:00:00.01 | Mem:0.26M, Peak:0.26M | Scene, ViewLayer | Updating Lookup Tables
Fra:4 Mem:16.09M (Peak 56.11M) | Time:00:00.01 | Mem:0.34M, Peak:0.34M | Scene, ViewLayer | Updating Lights
Fra:4 Mem:16.09M (Peak 56.11M) | Time:00:00.01 | Mem:0.34M, Peak:0.34M | Scene, ViewLayer | Updating Lights | Computing distribution
Fra:4 Mem:16.09M (Peak 56.11M) | Time:00:00.01 | Mem:0.34M, Peak:0.34M | Scene, ViewLayer | Updating Lights | Computing tree
Fra:4 Mem:16.09M (Peak 56.11M) | Time:00:00.01 | Mem:0.34M, Peak:0.34M | Scene, ViewLayer | Updating Integrator
Fra:4 Mem:17.09M (Peak 56.11M) | Time:00:00.01 | Mem:1.34M, Peak:1.34M | Scene, ViewLayer | Updating Film
Fra:4 Mem:17.09M (Peak 56.11M) | Time:00:00.01 | Mem:1.26M, Peak:1.34M | Scene, ViewLayer | Updating Lookup Tables
Fra:4 Mem:17.09M (Peak 56.11M) | Time:00:00.01 | Mem:1.35M, Peak:1.35M | Scene, ViewLayer | Updating Baking
Fra:4 Mem:17.09M (Peak 56.11M) | Time:00:00.01 | Mem:1.35M, Peak:1.35M | Scene, ViewLayer | Updating Device | Writing constant memory
Fra:4 Mem:17.09M (Peak 56.11M) | Time:00:00.01 | Mem:1.35M, Peak:1.35M | Scene, ViewLayer | Sample 0/32
Fra:4 Mem:36.11M (Peak 56.11M) | Time:00:00.05 | Remaining:00:01.29 | Mem:20.35M, Peak:20.35M | Scene, ViewLayer | Sample 1/32
Fra:4 Mem:44.11M (Peak 56.11M) | Time:00:02.00 | Mem:20.35M, Peak:20.35M | Scene, ViewLayer | Sample 32/32
Fra:4 Mem:44.11M (Peak 56.11M) | Time:00:02.00 | Mem:20.35M, Peak:20.35M | Scene, ViewLayer | Finished
Fra:4 Mem:23.69M (Peak 56.11M) | Time:00:02.00 | Compositing
Fra:4 Mem:23.69M (Peak 56.11M) | Time:00:02.00 | Compositing | Determining resolution
Fra:4 Mem:23.69M (Peak 56.11M) | Time:00:02.00 | Compositing | Initializing execution
Fra:4 Mem:23.69M (Peak 56.11M) | Time:00:02.00 | Compositing | De-initializing execution
Saved: '/vepfs_default/chanxueyan/lhp/lms/aDSL/temp/geometry_expression_20260929/A/T02-bookshelf/views/render_0004.png'
Time: 00:02.02 (Saving: 00:00.02)

Fra:5 Mem:19.41M (Peak 56.11M) | Time:00:00.00 | Mem:0.00M, Peak:0.00M | Scene, ViewLayer | Synchronizing object | geometry_0_cube.026
Fra:5 Mem:19.41M (Peak 56.11M) | Time:00:00.00 | Mem:0.00M, Peak:0.00M | Scene, ViewLayer | Synchronizing object | geometry_0_cube.027
Fra:5 Mem:19.41M (Peak 56.11M) | Time:00:00.00 | Mem:0.00M, Peak:0.00M | Scene, ViewLayer | Synchronizing object | geometry_0_cube.028
Fra:5 Mem:19.42M (Peak 56.11M) | Time:00:00.00 | Mem:0.00M, Peak:0.00M | Scene, ViewLayer | Synchronizing object | geometry_0_cube.029
Fra:5 Mem:19.42M (Peak 56.11M) | Time:00:00.00 | Mem:0.00M, Peak:0.00M | Scene, ViewLayer | Synchronizing object | geometry_0_cube.030
Fra:5 Mem:19.42M (Peak 56.11M) | Time:00:00.00 | Mem:0.00M, Peak:0.00M | Scene, ViewLayer | Synchronizing object | geometry_0_cube.031
Fra:5 Mem:19.42M (Peak 56.11M) | Time:00:00.00 | Mem:0.00M, Peak:0.00M | Scene, ViewLayer | Synchronizing object | geometry_0_cube.032
Fra:5 Mem:19.42M (Peak 56.11M) | Time:00:00.00 | Mem:0.00M, Peak:0.00M | Scene, ViewLayer | Synchronizing object | geometry_0_cube.033
Fra:5 Mem:19.43M (Peak 56.11M) | Time:00:00.00 | Mem:0.00M, Peak:0.00M | Scene, ViewLayer | Synchronizing object | geometry_0_cube.037
Fra:5 Mem:19.43M (Peak 56.11M) | Time:00:00.00 | Mem:0.00M, Peak:0.00M | Scene, ViewLayer | Synchronizing object | geometry_0_cube.038
Fra:5 Mem:19.43M (Peak 56.11M) | Time:00:00.00 | Mem:0.00M, Peak:0.00M | Scene, ViewLayer | Synchronizing object | geometry_0_cube.039
Fra:5 Mem:19.43M (Peak 56.11M) | Time:00:00.00 | Mem:0.00M, Peak:0.00M | Scene, ViewLayer | Synchronizing object | geometry_0_cube.034
Fra:5 Mem:19.43M (Peak 56.11M) | Time:00:00.00 | Mem:0.00M, Peak:0.00M | Scene, ViewLayer | Synchronizing object | geometry_0_cube.035
Fra:5 Mem:19.44M (Peak 56.11M) | Time:00:00.00 | Mem:0.00M, Peak:0.00M | Scene, ViewLayer | Synchronizing object | geometry_0_cube.036
Fra:5 Mem:19.44M (Peak 56.11M) | Time:00:00.00 | Mem:0.00M, Peak:0.00M | Scene, ViewLayer | Synchronizing object | geometry_0_cube.022
Fra:5 Mem:19.44M (Peak 56.11M) | Time:00:00.00 | Mem:0.00M, Peak:0.00M | Scene, ViewLayer | Synchronizing object | geometry_0_cube.023
Fra:5 Mem:19.44M (Peak 56.11M) | Time:00:00.00 | Mem:0.00M, Peak:0.00M | Scene, ViewLayer | Synchronizing object | geometry_0_cube.024
Fra:5 Mem:19.44M (Peak 56.11M) | Time:00:00.00 | Mem:0.00M, Peak:0.00M | Scene, ViewLayer | Synchronizing object | geometry_0_cube.025
Fra:5 Mem:19.44M (Peak 56.11M) | Time:00:00.00 | Mem:0.00M, Peak:0.00M | Scene, ViewLayer | Synchronizing object | geometry_0_cube.005
Fra:5 Mem:19.45M (Peak 56.11M) | Time:00:00.00 | Mem:0.00M, Peak:0.00M | Scene, ViewLayer | Synchronizing object | geometry_0_cube.069
Fra:5 Mem:19.45M (Peak 56.11M) | Time:00:00.00 | Mem:0.00M, Peak:0.00M | Scene, ViewLayer | Synchronizing object | geometry_0_cube.008
Fra:5 Mem:19.45M (Peak 56.11M) | Time:00:00.00 | Mem:0.00M, Peak:0.00M | Scene, ViewLayer | Synchronizing object | geometry_0_cube.068
Fra:5 Mem:19.45M (Peak 56.11M) | Time:00:00.00 | Mem:0.00M, Peak:0.00M | Scene, ViewLayer | Synchronizing object | geometry_0_cube.004
Fra:5 Mem:19.45M (Peak 56.11M) | Time:00:00.00 | Mem:0.00M, Peak:0.00M | Scene, ViewLayer | Synchronizing object | geometry_0_cube.067
Fra:5 Mem:19.45M (Peak 56.11M) | Time:00:00.00 | Mem:0.00M, Peak:0.00M | Scene, ViewLayer | Synchronizing object | geometry_0_cube.010
Fra:5 Mem:19.46M (Peak 56.11M) | Time:00:00.00 | Mem:0.00M, Peak:0.00M | Scene, ViewLayer | Synchronizing object | geometry_0_cube.009
Fra:5 Mem:19.46M (Peak 56.11M) | Time:00:00.00 | Mem:0.00M, Peak:0.00M | Scene, ViewLayer | Synchronizing object | geometry_0_cube.066
Fra:5 Mem:19.46M (Peak 56.11M) | Time:00:00.00 | Mem:0.00M, Peak:0.00M | Scene, ViewLayer | Synchronizing object | geometry_0_cube.021
Fra:5 Mem:19.46M (Peak 56.11M) | Time:00:00.00 | Mem:0.00M, Peak:0.00M | Scene, ViewLayer | Synchronizing object | geometry_0_cube.018
Fra:5 Mem:19.46M (Peak 56.11M) | Time:00:00.00 | Mem:0.00M, Peak:0.00M | Scene, ViewLayer | Synchronizing object | geometry_0_cube.072
Fra:5 Mem:19.46M (Peak 56.11M) | Time:00:00.00 | Mem:0.00M, Peak:0.00M | Scene, ViewLayer | Synchronizing object | geometry_0_cube.019
Fra:5 Mem:19.46M (Peak 56.11M) | Time:00:00.00 | Mem:0.00M, Peak:0.00M | Scene, ViewLayer | Synchronizing object | geometry_0_cube.020
Fra:5 Mem:19.46M (Peak 56.11M) | Time:00:00.00 | Mem:0.00M, Peak:0.00M | Scene, ViewLayer | Synchronizing object | geometry_0_cube.071
Fra:5 Mem:19.47M (Peak 56.11M) | Time:00:00.00 | Mem:0.00M, Peak:0.00M | Scene, ViewLayer | Synchronizing object | geometry_0_cube.012
Fra:5 Mem:19.47M (Peak 56.11M) | Time:00:00.00 | Mem:0.00M, Peak:0.00M | Scene, ViewLayer | Synchronizing object | geometry_0_cube.014
Fra:5 Mem:19.47M (Peak 56.11M) | Time:00:00.00 | Mem:0.00M, Peak:0.00M | Scene, ViewLayer | Synchronizing object | geometry_0_cube.070
Fra:5 Mem:19.47M (Peak 56.11M) | Time:00:00.01 | Mem:0.00M, Peak:0.00M | Scene, ViewLayer | Synchronizing object | geometry_0_cube.015
Fra:5 Mem:19.47M (Peak 56.11M) | Time:00:00.01 | Mem:0.00M, Peak:0.00M | Scene, ViewLayer | Synchronizing object | geometry_0_cube.013
Fra:5 Mem:19.47M (Peak 56.11M) | Time:00:00.01 | Mem:0.00M, Peak:0.00M | Scene, ViewLayer | Synchronizing object | geometry_0_cube.055
Fra:5 Mem:19.47M (Peak 56.11M) | Time:00:00.01 | Mem:0.00M, Peak:0.00M | Scene, ViewLayer | Synchronizing object | geometry_0_cube.011
Fra:5 Mem:19.47M (Peak 56.11M) | Time:00:00.01 | Mem:0.00M, Peak:0.00M | Scene, ViewLayer | Synchronizing object | geometry_0_cube.017
Fra:5 Mem:19.48M (Peak 56.11M) | Time:00:00.01 | Mem:0.00M, Peak:0.00M | Scene, ViewLayer | Synchronizing object | geometry_0_cube.054
Fra:5 Mem:19.48M (Peak 56.11M) | Time:00:00.01 | Mem:0.00M, Peak:0.00M | Scene, ViewLayer | Synchronizing object | geometry_0_cube.016
Fra:5 Mem:19.48M (Peak 56.11M) | Time:00:00.01 | Mem:0.00M, Peak:0.00M | Scene, ViewLayer | Synchronizing object | geometry_0_cube.050
Fra:5 Mem:19.48M (Peak 56.11M) | Time:00:00.01 | Mem:0.00M, Peak:0.00M | Scene, ViewLayer | Synchronizing object | geometry_0_cube.053
Fra:5 Mem:19.48M (Peak 56.11M) | Time:00:00.01 | Mem:0.00M, Peak:0.00M | Scene, ViewLayer | Synchronizing object | geometry_0_cube.051
Fra:5 Mem:19.48M (Peak 56.11M) | Time:00:00.01 | Mem:0.00M, Peak:0.00M | Scene, ViewLayer | Synchronizing object | geometry_0_cube.052
Fra:5 Mem:19.48M (Peak 56.11M) | Time:00:00.01 | Mem:0.00M, Peak:0.00M | Scene, ViewLayer | Synchronizing object | geometry_0_cube.065
Fra:5 Mem:19.48M (Peak 56.11M) | Time:00:00.01 | Mem:0.00M, Peak:0.00M | Scene, ViewLayer | Synchronizing object | geometry_0_cube.042
Fra:5 Mem:19.49M (Peak 56.11M) | Time:00:00.01 | Mem:0.00M, Peak:0.00M | Scene, ViewLayer | Synchronizing object | geometry_0_cube.043
Fra:5 Mem:19.49M (Peak 56.11M) | Time:00:00.01 | Mem:0.00M, Peak:0.00M | Scene, ViewLayer | Synchronizing object | geometry_0_cube.064
Fra:5 Mem:19.49M (Peak 56.11M) | Time:00:00.01 | Mem:0.00M, Peak:0.00M | Scene, ViewLayer | Synchronizing object | geometry_0_cube.044
Fra:5 Mem:19.49M (Peak 56.11M) | Time:00:00.01 | Mem:0.00M, Peak:0.00M | Scene, ViewLayer | Synchronizing object | geometry_0_cube.045
Fra:5 Mem:19.49M (Peak 56.11M) | Time:00:00.01 | Mem:0.00M, Peak:0.00M | Scene, ViewLayer | Synchronizing object | geometry_0_cube.063
Fra:5 Mem:19.49M (Peak 56.11M) | Time:00:00.01 | Mem:0.00M, Peak:0.00M | Scene, ViewLayer | Synchronizing object | geometry_0_cube.046
Fra:5 Mem:19.49M (Peak 56.11M) | Time:00:00.01 | Mem:0.00M, Peak:0.00M | Scene, ViewLayer | Synchronizing object | geometry_0_cube.047
Fra:5 Mem:19.50M (Peak 56.11M) | Time:00:00.01 | Mem:0.00M, Peak:0.00M | Scene, ViewLayer | Synchronizing object | geometry_0_cube.062
Fra:5 Mem:19.50M (Peak 56.11M) | Time:00:00.01 | Mem:0.00M, Peak:0.00M | Scene, ViewLayer | Synchronizing object | geometry_0_cube.048
Fra:5 Mem:19.50M (Peak 56.11M) | Time:00:00.01 | Mem:0.00M, Peak:0.00M | Scene, ViewLayer | Synchronizing object | geometry_0_cube.049
Fra:5 Mem:19.50M (Peak 56.11M) | Time:00:00.01 | Mem:0.00M, Peak:0.00M | Scene, ViewLayer | Synchronizing object | geometry_0_cube.061
Fra:5 Mem:19.50M (Peak 56.11M) | Time:00:00.01 | Mem:0.00M, Peak:0.00M | Scene, ViewLayer | Synchronizing object | geometry_0_cube.040
Fra:5 Mem:19.50M (Peak 56.11M) | Time:00:00.01 | Mem:0.00M, Peak:0.00M | Scene, ViewLayer | Synchronizing object | geometry_0_cube.041
Fra:5 Mem:19.50M (Peak 56.11M) | Time:00:00.01 | Mem:0.00M, Peak:0.00M | Scene, ViewLayer | Synchronizing object | geometry_0_cube.060
Fra:5 Mem:19.50M (Peak 56.11M) | Time:00:00.01 | Mem:0.00M, Peak:0.00M | Scene, ViewLayer | Synchronizing object | geometry_0_cube
Fra:5 Mem:19.51M (Peak 56.11M) | Time:00:00.01 | Mem:0.00M, Peak:0.00M | Scene, ViewLayer | Synchronizing object | geometry_0_cube.001
Fra:5 Mem:19.52M (Peak 56.11M) | Time:00:00.01 | Mem:0.00M, Peak:0.00M | Scene, ViewLayer | Synchronizing object | geometry_0_cube.059
Fra:5 Mem:19.53M (Peak 56.11M) | Time:00:00.01 | Mem:0.00M, Peak:0.00M | Scene, ViewLayer | Synchronizing object | geometry_0_cube.002
Fra:5 Mem:19.53M (Peak 56.11M) | Time:00:00.01 | Mem:0.00M, Peak:0.00M | Scene, ViewLayer | Synchronizing object | geometry_0_cube.003
Fra:5 Mem:19.54M (Peak 56.11M) | Time:00:00.01 | Mem:0.00M, Peak:0.00M | Scene, ViewLayer | Synchronizing object | geometry_0_cube.058
Fra:5 Mem:19.55M (Peak 56.11M) | Time:00:00.01 | Mem:0.00M, Peak:0.00M | Scene, ViewLayer | Synchronizing object | geometry_0_cube.056
Fra:5 Mem:19.55M (Peak 56.11M) | Time:00:00.01 | Mem:0.00M, Peak:0.00M | Scene, ViewLayer | Synchronizing object | geometry_0_cube.057
Fra:5 Mem:19.56M (Peak 56.11M) | Time:00:00.01 | Mem:0.00M, Peak:0.00M | Scene, ViewLayer | Initializing
Fra:5 Mem:15.83M (Peak 56.11M) | Time:00:00.01 | Mem:0.00M, Peak:0.00M | Scene, ViewLayer | Waiting for render to start
Fra:5 Mem:15.83M (Peak 56.11M) | Time:00:00.01 | Mem:0.00M, Peak:0.00M | Scene, ViewLayer | Loading render kernels (may take a few minutes the first time)
Fra:5 Mem:15.83M (Peak 56.11M) | Time:00:00.01 | Mem:0.00M, Peak:0.00M | Scene, ViewLayer | Updating Scene
Fra:5 Mem:15.83M (Peak 56.11M) | Time:00:00.01 | Mem:0.00M, Peak:0.00M | Scene, ViewLayer | Updating Shaders
Fra:5 Mem:15.91M (Peak 56.11M) | Time:00:00.01 | Mem:0.00M, Peak:0.00M | Scene, ViewLayer | Updating Procedurals
Fra:5 Mem:15.91M (Peak 56.11M) | Time:00:00.01 | Mem:0.00M, Peak:0.00M | Scene, ViewLayer | Updating Background
Fra:5 Mem:15.91M (Peak 56.11M) | Time:00:00.01 | Mem:0.00M, Peak:0.00M | Scene, ViewLayer | Updating Camera
Fra:5 Mem:15.91M (Peak 56.11M) | Time:00:00.01 | Mem:0.00M, Peak:0.00M | Scene, ViewLayer | Updating Meshes Flags
Fra:5 Mem:15.91M (Peak 56.11M) | Time:00:00.01 | Mem:0.00M, Peak:0.00M | Scene, ViewLayer | Updating Objects
Fra:5 Mem:15.91M (Peak 56.11M) | Time:00:00.01 | Mem:0.00M, Peak:0.00M | Scene, ViewLayer | Updating Objects | Copying Transformations to device
Fra:5 Mem:15.93M (Peak 56.11M) | Time:00:00.01 | Mem:0.02M, Peak:0.02M | Scene, ViewLayer | Updating Objects | Applying Static Transformations
Fra:5 Mem:15.93M (Peak 56.11M) | Time:00:00.01 | Mem:0.02M, Peak:0.02M | Scene, ViewLayer | Updating Particle Systems
Fra:5 Mem:15.93M (Peak 56.11M) | Time:00:00.01 | Mem:0.02M, Peak:0.02M | Scene, ViewLayer | Updating Particle Systems | Copying Particles to device
Fra:5 Mem:15.93M (Peak 56.11M) | Time:00:00.01 | Mem:0.02M, Peak:0.02M | Scene, ViewLayer | Updating Meshes
Fra:5 Mem:15.95M (Peak 56.11M) | Time:00:00.01 | Mem:0.02M, Peak:0.02M | Scene, ViewLayer | Updating Mesh | Computing attributes
Fra:5 Mem:15.99M (Peak 56.11M) | Time:00:00.01 | Mem:0.02M, Peak:0.02M | Scene, ViewLayer | Updating Mesh | Copying Attributes to device
Fra:5 Mem:15.98M (Peak 56.11M) | Time:00:00.01 | Mem:0.05M, Peak:0.05M | Scene, ViewLayer | Updating Scene BVH | Building
Fra:5 Mem:15.98M (Peak 56.11M) | Time:00:00.01 | Mem:0.05M, Peak:0.05M | Scene, ViewLayer | Updating Scene BVH | Building BVH
Fra:5 Mem:15.98M (Peak 56.11M) | Time:00:00.01 | Mem:0.09M, Peak:0.09M | Scene, ViewLayer | Updating Scene BVH | Building BVH 0%
Fra:5 Mem:15.98M (Peak 56.11M) | Time:00:00.01 | Mem:0.16M, Peak:0.20M | Scene, ViewLayer | Updating Scene BVH | Copying BVH to device
Fra:5 Mem:15.98M (Peak 56.11M) | Time:00:00.01 | Mem:0.16M, Peak:0.20M | Scene, ViewLayer | Updating Mesh | Computing normals
Fra:5 Mem:16.09M (Peak 56.11M) | Time:00:00.01 | Mem:0.16M, Peak:0.20M | Scene, ViewLayer | Updating Mesh | Copying Mesh to device
Fra:5 Mem:16.09M (Peak 56.11M) | Time:00:00.01 | Mem:0.26M, Peak:0.26M | Scene, ViewLayer | Updating Objects Flags
Fra:5 Mem:16.09M (Peak 56.11M) | Time:00:00.01 | Mem:0.26M, Peak:0.26M | Scene, ViewLayer | Updating Primitive Offsets
Fra:5 Mem:16.09M (Peak 56.11M) | Time:00:00.01 | Mem:0.26M, Peak:0.26M | Scene, ViewLayer | Updating Images
Fra:5 Mem:16.09M (Peak 56.11M) | Time:00:00.01 | Mem:0.26M, Peak:0.26M | Scene, ViewLayer | Updating Camera Volume
Fra:5 Mem:16.09M (Peak 56.11M) | Time:00:00.01 | Mem:0.26M, Peak:0.26M | Scene, ViewLayer | Updating Lookup Tables
Fra:5 Mem:16.09M (Peak 56.11M) | Time:00:00.01 | Mem:0.34M, Peak:0.34M | Scene, ViewLayer | Updating Lights
Fra:5 Mem:16.09M (Peak 56.11M) | Time:00:00.01 | Mem:0.34M, Peak:0.34M | Scene, ViewLayer | Updating Lights | Computing distribution
Fra:5 Mem:16.09M (Peak 56.11M) | Time:00:00.01 | Mem:0.34M, Peak:0.34M | Scene, ViewLayer | Updating Lights | Computing tree
Fra:5 Mem:16.09M (Peak 56.11M) | Time:00:00.01 | Mem:0.34M, Peak:0.34M | Scene, ViewLayer | Updating Integrator
Fra:5 Mem:17.09M (Peak 56.11M) | Time:00:00.01 | Mem:1.34M, Peak:1.34M | Scene, ViewLayer | Updating Film
Fra:5 Mem:17.09M (Peak 56.11M) | Time:00:00.01 | Mem:1.26M, Peak:1.34M | Scene, ViewLayer | Updating Lookup Tables
Fra:5 Mem:17.09M (Peak 56.11M) | Time:00:00.01 | Mem:1.35M, Peak:1.35M | Scene, ViewLayer | Updating Baking
Fra:5 Mem:17.09M (Peak 56.11M) | Time:00:00.01 | Mem:1.35M, Peak:1.35M | Scene, ViewLayer | Updating Device | Writing constant memory
Fra:5 Mem:17.09M (Peak 56.11M) | Time:00:00.01 | Mem:1.35M, Peak:1.35M | Scene, ViewLayer | Sample 0/32
Fra:5 Mem:36.11M (Peak 56.11M) | Time:00:00.04 | Remaining:00:00.99 | Mem:20.35M, Peak:20.35M | Scene, ViewLayer | Sample 1/32
Fra:5 Mem:44.11M (Peak 56.11M) | Time:00:01.77 | Mem:20.35M, Peak:20.35M | Scene, ViewLayer | Sample 32/32
Fra:5 Mem:44.11M (Peak 56.11M) | Time:00:01.77 | Mem:20.35M, Peak:20.35M | Scene, ViewLayer | Finished
Fra:5 Mem:23.69M (Peak 56.11M) | Time:00:01.77 | Compositing
Fra:5 Mem:23.69M (Peak 56.11M) | Time:00:01.77 | Compositing | Determining resolution
Fra:5 Mem:23.69M (Peak 56.11M) | Time:00:01.77 | Compositing | Initializing execution
Fra:5 Mem:23.69M (Peak 56.11M) | Time:00:01.77 | Compositing | De-initializing execution
Saved: '/vepfs_default/chanxueyan/lhp/lms/aDSL/temp/geometry_expression_20260929/A/T02-bookshelf/views/render_0005.png'
Time: 00:01.79 (Saving: 00:00.02)

Fra:6 Mem:19.41M (Peak 56.11M) | Time:00:00.00 | Mem:0.00M, Peak:0.00M | Scene, ViewLayer | Synchronizing object | geometry_0_cube.026
Fra:6 Mem:19.41M (Peak 56.11M) | Time:00:00.00 | Mem:0.00M, Peak:0.00M | Scene, ViewLayer | Synchronizing object | geometry_0_cube.027
Fra:6 Mem:19.41M (Peak 56.11M) | Time:00:00.00 | Mem:0.00M, Peak:0.00M | Scene, ViewLayer | Synchronizing object | geometry_0_cube.028
Fra:6 Mem:19.42M (Peak 56.11M) | Time:00:00.00 | Mem:0.00M, Peak:0.00M | Scene, ViewLayer | Synchronizing object | geometry_0_cube.029
Fra:6 Mem:19.42M (Peak 56.11M) | Time:00:00.00 | Mem:0.00M, Peak:0.00M | Scene, ViewLayer | Synchronizing object | geometry_0_cube.030
Fra:6 Mem:19.42M (Peak 56.11M) | Time:00:00.00 | Mem:0.00M, Peak:0.00M | Scene, ViewLayer | Synchronizing object | geometry_0_cube.031
Fra:6 Mem:19.42M (Peak 56.11M) | Time:00:00.00 | Mem:0.00M, Peak:0.00M | Scene, ViewLayer | Synchronizing object | geometry_0_cube.032
Fra:6 Mem:19.42M (Peak 56.11M) | Time:00:00.00 | Mem:0.00M, Peak:0.00M | Scene, ViewLayer | Synchronizing object | geometry_0_cube.033
Fra:6 Mem:19.43M (Peak 56.11M) | Time:00:00.00 | Mem:0.00M, Peak:0.00M | Scene, ViewLayer | Synchronizing object | geometry_0_cube.037
Fra:6 Mem:19.43M (Peak 56.11M) | Time:00:00.00 | Mem:0.00M, Peak:0.00M | Scene, ViewLayer | Synchronizing object | geometry_0_cube.038
Fra:6 Mem:19.43M (Peak 56.11M) | Time:00:00.00 | Mem:0.00M, Peak:0.00M | Scene, ViewLayer | Synchronizing object | geometry_0_cube.039
Fra:6 Mem:19.43M (Peak 56.11M) | Time:00:00.00 | Mem:0.00M, Peak:0.00M | Scene, ViewLayer | Synchronizing object | geometry_0_cube.034
Fra:6 Mem:19.43M (Peak 56.11M) | Time:00:00.00 | Mem:0.00M, Peak:0.00M | Scene, ViewLayer | Synchronizing object | geometry_0_cube.035
Fra:6 Mem:19.44M (Peak 56.11M) | Time:00:00.00 | Mem:0.00M, Peak:0.00M | Scene, ViewLayer | Synchronizing object | geometry_0_cube.036
Fra:6 Mem:19.44M (Peak 56.11M) | Time:00:00.00 | Mem:0.00M, Peak:0.00M | Scene, ViewLayer | Synchronizing object | geometry_0_cube.022
Fra:6 Mem:19.44M (Peak 56.11M) | Time:00:00.00 | Mem:0.00M, Peak:0.00M | Scene, ViewLayer | Synchronizing object | geometry_0_cube.023
Fra:6 Mem:19.44M (Peak 56.11M) | Time:00:00.00 | Mem:0.00M, Peak:0.00M | Scene, ViewLayer | Synchronizing object | geometry_0_cube.024
Fra:6 Mem:19.44M (Peak 56.11M) | Time:00:00.00 | Mem:0.00M, Peak:0.00M | Scene, ViewLayer | Synchronizing object | geometry_0_cube.069
Fra:6 Mem:19.44M (Peak 56.11M) | Time:00:00.00 | Mem:0.00M, Peak:0.00M | Scene, ViewLayer | Synchronizing object | geometry_0_cube.005
Fra:6 Mem:19.45M (Peak 56.11M) | Time:00:00.00 | Mem:0.00M, Peak:0.00M | Scene, ViewLayer | Synchronizing object | geometry_0_cube.007
Fra:6 Mem:19.45M (Peak 56.11M) | Time:00:00.00 | Mem:0.00M, Peak:0.00M | Scene, ViewLayer | Synchronizing object | geometry_0_cube.068
Fra:6 Mem:19.45M (Peak 56.11M) | Time:00:00.00 | Mem:0.00M, Peak:0.00M | Scene, ViewLayer | Synchronizing object | geometry_0_cube.008
Fra:6 Mem:19.45M (Peak 56.11M) | Time:00:00.00 | Mem:0.00M, Peak:0.00M | Scene, ViewLayer | Synchronizing object | geometry_0_cube.006
Fra:6 Mem:19.45M (Peak 56.11M) | Time:00:00.00 | Mem:0.00M, Peak:0.00M | Scene, ViewLayer | Synchronizing object | geometry_0_cube.067
Fra:6 Mem:19.45M (Peak 56.11M) | Time:00:00.00 | Mem:0.00M, Peak:0.00M | Scene, ViewLayer | Synchronizing object | geometry_0_cube.004
Fra:6 Mem:19.45M (Peak 56.11M) | Time:00:00.00 | Mem:0.00M, Peak:0.00M | Scene, ViewLayer | Synchronizing object | geometry_0_cube.010
Fra:6 Mem:19.46M (Peak 56.11M) | Time:00:00.00 | Mem:0.00M, Peak:0.00M | Scene, ViewLayer | Synchronizing object | geometry_0_cube.066
Fra:6 Mem:19.46M (Peak 56.11M) | Time:00:00.00 | Mem:0.00M, Peak:0.00M | Scene, ViewLayer | Synchronizing object | geometry_0_cube.009
Fra:6 Mem:19.46M (Peak 56.11M) | Time:00:00.00 | Mem:0.00M, Peak:0.00M | Scene, ViewLayer | Synchronizing object | geometry_0_cube.021
Fra:6 Mem:19.46M (Peak 56.11M) | Time:00:00.00 | Mem:0.00M, Peak:0.00M | Scene, ViewLayer | Synchronizing object | geometry_0_cube.072
Fra:6 Mem:19.46M (Peak 56.11M) | Time:00:00.00 | Mem:0.00M, Peak:0.00M | Scene, ViewLayer | Synchronizing object | geometry_0_cube.018
Fra:6 Mem:19.46M (Peak 56.11M) | Time:00:00.00 | Mem:0.00M, Peak:0.00M | Scene, ViewLayer | Synchronizing object | geometry_0_cube.019
Fra:6 Mem:19.46M (Peak 56.11M) | Time:00:00.00 | Mem:0.00M, Peak:0.00M | Scene, ViewLayer | Synchronizing object | geometry_0_cube.071
Fra:6 Mem:19.46M (Peak 56.11M) | Time:00:00.00 | Mem:0.00M, Peak:0.00M | Scene, ViewLayer | Synchronizing object | geometry_0_cube.020
Fra:6 Mem:19.47M (Peak 56.11M) | Time:00:00.01 | Mem:0.00M, Peak:0.00M | Scene, ViewLayer | Synchronizing object | geometry_0_cube.012
Fra:6 Mem:19.47M (Peak 56.11M) | Time:00:00.01 | Mem:0.00M, Peak:0.00M | Scene, ViewLayer | Synchronizing object | geometry_0_cube.070
Fra:6 Mem:19.47M (Peak 56.11M) | Time:00:00.01 | Mem:0.00M, Peak:0.00M | Scene, ViewLayer | Synchronizing object | geometry_0_cube.014
Fra:6 Mem:19.47M (Peak 56.11M) | Time:00:00.01 | Mem:0.00M, Peak:0.00M | Scene, ViewLayer | Synchronizing object | geometry_0_cube.015
Fra:6 Mem:19.47M (Peak 56.11M) | Time:00:00.01 | Mem:0.00M, Peak:0.00M | Scene, ViewLayer | Synchronizing object | geometry_0_cube.055
Fra:6 Mem:19.47M (Peak 56.11M) | Time:00:00.01 | Mem:0.00M, Peak:0.00M | Scene, ViewLayer | Synchronizing object | geometry_0_cube.013
Fra:6 Mem:19.47M (Peak 56.11M) | Time:00:00.01 | Mem:0.00M, Peak:0.00M | Scene, ViewLayer | Synchronizing object | geometry_0_cube.011
Fra:6 Mem:19.47M (Peak 56.11M) | Time:00:00.01 | Mem:0.00M, Peak:0.00M | Scene, ViewLayer | Synchronizing object | geometry_0_cube.054
Fra:6 Mem:19.48M (Peak 56.11M) | Time:00:00.01 | Mem:0.00M, Peak:0.00M | Scene, ViewLayer | Synchronizing object | geometry_0_cube.017
Fra:6 Mem:19.48M (Peak 56.11M) | Time:00:00.01 | Mem:0.00M, Peak:0.00M | Scene, ViewLayer | Synchronizing object | geometry_0_cube.016
Fra:6 Mem:19.48M (Peak 56.11M) | Time:00:00.01 | Mem:0.00M, Peak:0.00M | Scene, ViewLayer | Synchronizing object | geometry_0_cube.053
Fra:6 Mem:19.48M (Peak 56.11M) | Time:00:00.01 | Mem:0.00M, Peak:0.00M | Scene, ViewLayer | Synchronizing object | geometry_0_cube.050
Fra:6 Mem:19.48M (Peak 56.11M) | Time:00:00.01 | Mem:0.00M, Peak:0.00M | Scene, ViewLayer | Synchronizing object | geometry_0_cube.051
Fra:6 Mem:19.48M (Peak 56.11M) | Time:00:00.01 | Mem:0.00M, Peak:0.00M | Scene, ViewLayer | Synchronizing object | geometry_0_cube.065
Fra:6 Mem:19.48M (Peak 56.11M) | Time:00:00.01 | Mem:0.00M, Peak:0.00M | Scene, ViewLayer | Synchronizing object | geometry_0_cube.052
Fra:6 Mem:19.48M (Peak 56.11M) | Time:00:00.01 | Mem:0.00M, Peak:0.00M | Scene, ViewLayer | Synchronizing object | geometry_0_cube.042
Fra:6 Mem:19.49M (Peak 56.11M) | Time:00:00.01 | Mem:0.00M, Peak:0.00M | Scene, ViewLayer | Synchronizing object | geometry_0_cube.064
Fra:6 Mem:19.49M (Peak 56.11M) | Time:00:00.01 | Mem:0.00M, Peak:0.00M | Scene, ViewLayer | Synchronizing object | geometry_0_cube.043
Fra:6 Mem:19.49M (Peak 56.11M) | Time:00:00.01 | Mem:0.00M, Peak:0.00M | Scene, ViewLayer | Synchronizing object | geometry_0_cube.044
Fra:6 Mem:19.49M (Peak 56.11M) | Time:00:00.01 | Mem:0.00M, Peak:0.00M | Scene, ViewLayer | Synchronizing object | geometry_0_cube.063
Fra:6 Mem:19.49M (Peak 56.11M) | Time:00:00.01 | Mem:0.00M, Peak:0.00M | Scene, ViewLayer | Synchronizing object | geometry_0_cube.045
Fra:6 Mem:19.49M (Peak 56.11M) | Time:00:00.01 | Mem:0.00M, Peak:0.00M | Scene, ViewLayer | Synchronizing object | geometry_0_cube.046
Fra:6 Mem:19.49M (Peak 56.11M) | Time:00:00.01 | Mem:0.00M, Peak:0.00M | Scene, ViewLayer | Synchronizing object | geometry_0_cube.062
Fra:6 Mem:19.50M (Peak 56.11M) | Time:00:00.01 | Mem:0.00M, Peak:0.00M | Scene, ViewLayer | Synchronizing object | geometry_0_cube.047
Fra:6 Mem:19.50M (Peak 56.11M) | Time:00:00.01 | Mem:0.00M, Peak:0.00M | Scene, ViewLayer | Synchronizing object | geometry_0_cube.048
Fra:6 Mem:19.50M (Peak 56.11M) | Time:00:00.01 | Mem:0.00M, Peak:0.00M | Scene, ViewLayer | Synchronizing object | geometry_0_cube.061
Fra:6 Mem:19.50M (Peak 56.11M) | Time:00:00.01 | Mem:0.00M, Peak:0.00M | Scene, ViewLayer | Synchronizing object | geometry_0_cube.049
Fra:6 Mem:19.50M (Peak 56.11M) | Time:00:00.01 | Mem:0.00M, Peak:0.00M | Scene, ViewLayer | Synchronizing object | geometry_0_cube.040
Fra:6 Mem:19.50M (Peak 56.11M) | Time:00:00.01 | Mem:0.00M, Peak:0.00M | Scene, ViewLayer | Synchronizing object | geometry_0_cube.060
Fra:6 Mem:19.50M (Peak 56.11M) | Time:00:00.01 | Mem:0.00M, Peak:0.00M | Scene, ViewLayer | Synchronizing object | geometry_0_cube.041
Fra:6 Mem:19.50M (Peak 56.11M) | Time:00:00.01 | Mem:0.00M, Peak:0.00M | Scene, ViewLayer | Synchronizing object | geometry_0_cube
Fra:6 Mem:19.51M (Peak 56.11M) | Time:00:00.01 | Mem:0.00M, Peak:0.00M | Scene, ViewLayer | Synchronizing object | geometry_0_cube.059
Fra:6 Mem:19.52M (Peak 56.11M) | Time:00:00.01 | Mem:0.00M, Peak:0.00M | Scene, ViewLayer | Synchronizing object | geometry_0_cube.001
Fra:6 Mem:19.53M (Peak 56.11M) | Time:00:00.01 | Mem:0.00M, Peak:0.00M | Scene, ViewLayer | Synchronizing object | geometry_0_cube.002
Fra:6 Mem:19.54M (Peak 56.11M) | Time:00:00.01 | Mem:0.00M, Peak:0.00M | Scene, ViewLayer | Synchronizing object | geometry_0_cube.003
Fra:6 Mem:19.54M (Peak 56.11M) | Time:00:00.01 | Mem:0.00M, Peak:0.00M | Scene, ViewLayer | Synchronizing object | geometry_0_cube.056
Fra:6 Mem:19.54M (Peak 56.11M) | Time:00:00.01 | Mem:0.00M, Peak:0.00M | Scene, ViewLayer | Synchronizing object | geometry_0_cube.057
Fra:6 Mem:19.56M (Peak 56.11M) | Time:00:00.01 | Mem:0.00M, Peak:0.00M | Scene, ViewLayer | Initializing
Fra:6 Mem:15.83M (Peak 56.11M) | Time:00:00.01 | Mem:0.00M, Peak:0.00M | Scene, ViewLayer | Waiting for render to start
Fra:6 Mem:15.83M (Peak 56.11M) | Time:00:00.01 | Mem:0.00M, Peak:0.00M | Scene, ViewLayer | Loading render kernels (may take a few minutes the first time)
Fra:6 Mem:15.83M (Peak 56.11M) | Time:00:00.01 | Mem:0.00M, Peak:0.00M | Scene, ViewLayer | Updating Scene
Fra:6 Mem:15.83M (Peak 56.11M) | Time:00:00.01 | Mem:0.00M, Peak:0.00M | Scene, ViewLayer | Updating Shaders
Fra:6 Mem:15.91M (Peak 56.11M) | Time:00:00.01 | Mem:0.00M, Peak:0.00M | Scene, ViewLayer | Updating Procedurals
Fra:6 Mem:15.91M (Peak 56.11M) | Time:00:00.01 | Mem:0.00M, Peak:0.00M | Scene, ViewLayer | Updating Background
Fra:6 Mem:15.91M (Peak 56.11M) | Time:00:00.01 | Mem:0.00M, Peak:0.00M | Scene, ViewLayer | Updating Camera
Fra:6 Mem:15.91M (Peak 56.11M) | Time:00:00.01 | Mem:0.00M, Peak:0.00M | Scene, ViewLayer | Updating Meshes Flags
Fra:6 Mem:15.91M (Peak 56.11M) | Time:00:00.01 | Mem:0.00M, Peak:0.00M | Scene, ViewLayer | Updating Objects
Fra:6 Mem:15.91M (Peak 56.11M) | Time:00:00.01 | Mem:0.00M, Peak:0.00M | Scene, ViewLayer | Updating Objects | Copying Transformations to device
Fra:6 Mem:15.93M (Peak 56.11M) | Time:00:00.01 | Mem:0.02M, Peak:0.02M | Scene, ViewLayer | Updating Objects | Applying Static Transformations
Fra:6 Mem:15.93M (Peak 56.11M) | Time:00:00.01 | Mem:0.02M, Peak:0.02M | Scene, ViewLayer | Updating Particle Systems
Fra:6 Mem:15.93M (Peak 56.11M) | Time:00:00.01 | Mem:0.02M, Peak:0.02M | Scene, ViewLayer | Updating Particle Systems | Copying Particles to device
Fra:6 Mem:15.93M (Peak 56.11M) | Time:00:00.01 | Mem:0.02M, Peak:0.02M | Scene, ViewLayer | Updating Meshes
Fra:6 Mem:15.95M (Peak 56.11M) | Time:00:00.01 | Mem:0.02M, Peak:0.02M | Scene, ViewLayer | Updating Mesh | Computing attributes
Fra:6 Mem:15.99M (Peak 56.11M) | Time:00:00.01 | Mem:0.02M, Peak:0.02M | Scene, ViewLayer | Updating Mesh | Copying Attributes to device
Fra:6 Mem:15.98M (Peak 56.11M) | Time:00:00.01 | Mem:0.05M, Peak:0.05M | Scene, ViewLayer | Updating Scene BVH | Building
Fra:6 Mem:15.98M (Peak 56.11M) | Time:00:00.01 | Mem:0.05M, Peak:0.05M | Scene, ViewLayer | Updating Scene BVH | Building BVH
Fra:6 Mem:15.98M (Peak 56.11M) | Time:00:00.01 | Mem:0.09M, Peak:0.09M | Scene, ViewLayer | Updating Scene BVH | Building BVH 0%
Fra:6 Mem:15.98M (Peak 56.11M) | Time:00:00.01 | Mem:0.16M, Peak:0.20M | Scene, ViewLayer | Updating Scene BVH | Copying BVH to device
Fra:6 Mem:15.98M (Peak 56.11M) | Time:00:00.01 | Mem:0.16M, Peak:0.20M | Scene, ViewLayer | Updating Mesh | Computing normals
Fra:6 Mem:16.09M (Peak 56.11M) | Time:00:00.01 | Mem:0.16M, Peak:0.20M | Scene, ViewLayer | Updating Mesh | Copying Mesh to device
Fra:6 Mem:16.09M (Peak 56.11M) | Time:00:00.01 | Mem:0.26M, Peak:0.26M | Scene, ViewLayer | Updating Objects Flags
Fra:6 Mem:16.09M (Peak 56.11M) | Time:00:00.01 | Mem:0.26M, Peak:0.26M | Scene, ViewLayer | Updating Primitive Offsets
Fra:6 Mem:16.09M (Peak 56.11M) | Time:00:00.01 | Mem:0.26M, Peak:0.26M | Scene, ViewLayer | Updating Images
Fra:6 Mem:16.09M (Peak 56.11M) | Time:00:00.01 | Mem:0.26M, Peak:0.26M | Scene, ViewLayer | Updating Camera Volume
Fra:6 Mem:16.09M (Peak 56.11M) | Time:00:00.01 | Mem:0.26M, Peak:0.26M | Scene, ViewLayer | Updating Lookup Tables
Fra:6 Mem:16.09M (Peak 56.11M) | Time:00:00.01 | Mem:0.34M, Peak:0.34M | Scene, ViewLayer | Updating Lights
Fra:6 Mem:16.09M (Peak 56.11M) | Time:00:00.01 | Mem:0.34M, Peak:0.34M | Scene, ViewLayer | Updating Lights | Computing distribution
Fra:6 Mem:16.09M (Peak 56.11M) | Time:00:00.01 | Mem:0.34M, Peak:0.34M | Scene, ViewLayer | Updating Lights | Computing tree
Fra:6 Mem:16.09M (Peak 56.11M) | Time:00:00.01 | Mem:0.34M, Peak:0.34M | Scene, ViewLayer | Updating Integrator
Fra:6 Mem:17.09M (Peak 56.11M) | Time:00:00.01 | Mem:1.34M, Peak:1.34M | Scene, ViewLayer | Updating Film
Fra:6 Mem:17.09M (Peak 56.11M) | Time:00:00.01 | Mem:1.26M, Peak:1.34M | Scene, ViewLayer | Updating Lookup Tables
Fra:6 Mem:17.09M (Peak 56.11M) | Time:00:00.01 | Mem:1.35M, Peak:1.35M | Scene, ViewLayer | Updating Baking
Fra:6 Mem:17.09M (Peak 56.11M) | Time:00:00.01 | Mem:1.35M, Peak:1.35M | Scene, ViewLayer | Updating Device | Writing constant memory
Fra:6 Mem:17.09M (Peak 56.11M) | Time:00:00.01 | Mem:1.35M, Peak:1.35M | Scene, ViewLayer | Sample 0/32
Fra:6 Mem:36.11M (Peak 56.11M) | Time:00:00.05 | Remaining:00:01.24 | Mem:20.35M, Peak:20.35M | Scene, ViewLayer | Sample 1/32
Fra:6 Mem:44.11M (Peak 56.11M) | Time:00:01.93 | Mem:20.35M, Peak:20.35M | Scene, ViewLayer | Sample 32/32
Fra:6 Mem:44.11M (Peak 56.11M) | Time:00:01.93 | Mem:20.35M, Peak:20.35M | Scene, ViewLayer | Finished
Fra:6 Mem:23.69M (Peak 56.11M) | Time:00:01.93 | Compositing
Fra:6 Mem:23.69M (Peak 56.11M) | Time:00:01.93 | Compositing | Determining resolution
Fra:6 Mem:23.69M (Peak 56.11M) | Time:00:01.93 | Compositing | Initializing execution
Fra:6 Mem:23.69M (Peak 56.11M) | Time:00:01.93 | Compositing | De-initializing execution
Saved: '/vepfs_default/chanxueyan/lhp/lms/aDSL/temp/geometry_expression_20260929/A/T02-bookshelf/views/render_0006.png'
Time: 00:01.96 (Saving: 00:00.02)

Fra:7 Mem:19.41M (Peak 56.11M) | Time:00:00.00 | Mem:0.00M, Peak:0.00M | Scene, ViewLayer | Synchronizing object | geometry_0_cube.026
Fra:7 Mem:19.41M (Peak 56.11M) | Time:00:00.00 | Mem:0.00M, Peak:0.00M | Scene, ViewLayer | Synchronizing object | geometry_0_cube.027
Fra:7 Mem:19.41M (Peak 56.11M) | Time:00:00.00 | Mem:0.00M, Peak:0.00M | Scene, ViewLayer | Synchronizing object | geometry_0_cube.028
Fra:7 Mem:19.42M (Peak 56.11M) | Time:00:00.00 | Mem:0.00M, Peak:0.00M | Scene, ViewLayer | Synchronizing object | geometry_0_cube.029
Fra:7 Mem:19.42M (Peak 56.11M) | Time:00:00.00 | Mem:0.00M, Peak:0.00M | Scene, ViewLayer | Synchronizing object | geometry_0_cube.030
Fra:7 Mem:19.42M (Peak 56.11M) | Time:00:00.00 | Mem:0.00M, Peak:0.00M | Scene, ViewLayer | Synchronizing object | geometry_0_cube.031
Fra:7 Mem:19.42M (Peak 56.11M) | Time:00:00.00 | Mem:0.00M, Peak:0.00M | Scene, ViewLayer | Synchronizing object | geometry_0_cube.032
Fra:7 Mem:19.42M (Peak 56.11M) | Time:00:00.00 | Mem:0.00M, Peak:0.00M | Scene, ViewLayer | Synchronizing object | geometry_0_cube.033
Fra:7 Mem:19.43M (Peak 56.11M) | Time:00:00.00 | Mem:0.00M, Peak:0.00M | Scene, ViewLayer | Synchronizing object | geometry_0_cube.038
Fra:7 Mem:19.43M (Peak 56.11M) | Time:00:00.00 | Mem:0.00M, Peak:0.00M | Scene, ViewLayer | Synchronizing object | geometry_0_cube.039
Fra:7 Mem:19.43M (Peak 56.11M) | Time:00:00.00 | Mem:0.00M, Peak:0.00M | Scene, ViewLayer | Synchronizing object | geometry_0_cube.034
Fra:7 Mem:19.43M (Peak 56.11M) | Time:00:00.00 | Mem:0.00M, Peak:0.00M | Scene, ViewLayer | Synchronizing object | geometry_0_cube.035
Fra:7 Mem:19.43M (Peak 56.11M) | Time:00:00.00 | Mem:0.00M, Peak:0.00M | Scene, ViewLayer | Synchronizing object | geometry_0_cube.022
Fra:7 Mem:19.44M (Peak 56.11M) | Time:00:00.00 | Mem:0.00M, Peak:0.00M | Scene, ViewLayer | Synchronizing object | geometry_0_cube.023
Fra:7 Mem:19.44M (Peak 56.11M) | Time:00:00.00 | Mem:0.00M, Peak:0.00M | Scene, ViewLayer | Synchronizing object | geometry_0_cube.024
Fra:7 Mem:19.44M (Peak 56.11M) | Time:00:00.00 | Mem:0.00M, Peak:0.00M | Scene, ViewLayer | Synchronizing object | geometry_0_cube.025
Fra:7 Mem:19.44M (Peak 56.11M) | Time:00:00.00 | Mem:0.00M, Peak:0.00M | Scene, ViewLayer | Synchronizing object | geometry_0_cube.005
Fra:7 Mem:19.45M (Peak 56.11M) | Time:00:00.00 | Mem:0.00M, Peak:0.00M | Scene, ViewLayer | Synchronizing object | geometry_0_cube.007
Fra:7 Mem:19.45M (Peak 56.11M) | Time:00:00.00 | Mem:0.00M, Peak:0.00M | Scene, ViewLayer | Synchronizing object | geometry_0_cube.008
Fra:7 Mem:19.45M (Peak 56.11M) | Time:00:00.00 | Mem:0.00M, Peak:0.00M | Scene, ViewLayer | Synchronizing object | geometry_0_cube.069
Fra:7 Mem:19.45M (Peak 56.11M) | Time:00:00.00 | Mem:0.00M, Peak:0.00M | Scene, ViewLayer | Synchronizing object | geometry_0_cube.004
Fra:7 Mem:19.45M (Peak 56.11M) | Time:00:00.00 | Mem:0.00M, Peak:0.00M | Scene, ViewLayer | Synchronizing object | geometry_0_cube.010
Fra:7 Mem:19.45M (Peak 56.11M) | Time:00:00.00 | Mem:0.00M, Peak:0.00M | Scene, ViewLayer | Synchronizing object | geometry_0_cube.009
Fra:7 Mem:19.45M (Peak 56.11M) | Time:00:00.00 | Mem:0.00M, Peak:0.00M | Scene, ViewLayer | Synchronizing object | geometry_0_cube.068
Fra:7 Mem:19.46M (Peak 56.11M) | Time:00:00.00 | Mem:0.00M, Peak:0.00M | Scene, ViewLayer | Synchronizing object | geometry_0_cube.021
Fra:7 Mem:19.46M (Peak 56.11M) | Time:00:00.00 | Mem:0.00M, Peak:0.00M | Scene, ViewLayer | Synchronizing object | geometry_0_cube.018
Fra:7 Mem:19.46M (Peak 56.11M) | Time:00:00.00 | Mem:0.00M, Peak:0.00M | Scene, ViewLayer | Synchronizing object | geometry_0_cube.019
Fra:7 Mem:19.46M (Peak 56.11M) | Time:00:00.00 | Mem:0.00M, Peak:0.00M | Scene, ViewLayer | Synchronizing object | geometry_0_cube.066
Fra:7 Mem:19.46M (Peak 56.11M) | Time:00:00.00 | Mem:0.00M, Peak:0.00M | Scene, ViewLayer | Synchronizing object | geometry_0_cube.072
Fra:7 Mem:19.47M (Peak 56.11M) | Time:00:00.00 | Mem:0.00M, Peak:0.00M | Scene, ViewLayer | Synchronizing object | geometry_0_cube.014
Fra:7 Mem:19.47M (Peak 56.11M) | Time:00:00.00 | Mem:0.00M, Peak:0.00M | Scene, ViewLayer | Synchronizing object | geometry_0_cube.071
Fra:7 Mem:19.47M (Peak 56.11M) | Time:00:00.00 | Mem:0.00M, Peak:0.00M | Scene, ViewLayer | Synchronizing object | geometry_0_cube.015
Fra:7 Mem:19.47M (Peak 56.11M) | Time:00:00.00 | Mem:0.00M, Peak:0.00M | Scene, ViewLayer | Synchronizing object | geometry_0_cube.013
Fra:7 Mem:19.47M (Peak 56.11M) | Time:00:00.00 | Mem:0.00M, Peak:0.00M | Scene, ViewLayer | Synchronizing object | geometry_0_cube.070
Fra:7 Mem:19.47M (Peak 56.11M) | Time:00:00.00 | Mem:0.00M, Peak:0.00M | Scene, ViewLayer | Synchronizing object | geometry_0_cube.011
Fra:7 Mem:19.47M (Peak 56.11M) | Time:00:00.00 | Mem:0.00M, Peak:0.00M | Scene, ViewLayer | Synchronizing object | geometry_0_cube.017
Fra:7 Mem:19.47M (Peak 56.11M) | Time:00:00.00 | Mem:0.00M, Peak:0.00M | Scene, ViewLayer | Synchronizing object | geometry_0_cube.016
Fra:7 Mem:19.48M (Peak 56.11M) | Time:00:00.00 | Mem:0.00M, Peak:0.00M | Scene, ViewLayer | Synchronizing object | geometry_0_cube.050
Fra:7 Mem:19.48M (Peak 56.11M) | Time:00:00.00 | Mem:0.00M, Peak:0.00M | Scene, ViewLayer | Synchronizing object | geometry_0_cube.054
Fra:7 Mem:19.48M (Peak 56.11M) | Time:00:00.00 | Mem:0.00M, Peak:0.00M | Scene, ViewLayer | Synchronizing object | geometry_0_cube.053
Fra:7 Mem:19.48M (Peak 56.11M) | Time:00:00.00 | Mem:0.00M, Peak:0.00M | Scene, ViewLayer | Synchronizing object | geometry_0_cube.052
Fra:7 Mem:19.48M (Peak 56.11M) | Time:00:00.00 | Mem:0.00M, Peak:0.00M | Scene, ViewLayer | Synchronizing object | geometry_0_cube.065
Fra:7 Mem:19.49M (Peak 56.11M) | Time:00:00.00 | Mem:0.00M, Peak:0.00M | Scene, ViewLayer | Synchronizing object | geometry_0_cube.043
Fra:7 Mem:19.49M (Peak 56.11M) | Time:00:00.00 | Mem:0.00M, Peak:0.00M | Scene, ViewLayer | Synchronizing object | geometry_0_cube.064
Fra:7 Mem:19.49M (Peak 56.11M) | Time:00:00.00 | Mem:0.00M, Peak:0.00M | Scene, ViewLayer | Synchronizing object | geometry_0_cube.063
Fra:7 Mem:19.49M (Peak 56.11M) | Time:00:00.00 | Mem:0.00M, Peak:0.00M | Scene, ViewLayer | Synchronizing object | geometry_0_cube.045
Fra:7 Mem:19.49M (Peak 56.11M) | Time:00:00.00 | Mem:0.00M, Peak:0.00M | Scene, ViewLayer | Synchronizing object | geometry_0_cube.062
Fra:7 Mem:19.49M (Peak 56.11M) | Time:00:00.00 | Mem:0.00M, Peak:0.00M | Scene, ViewLayer | Synchronizing object | geometry_0_cube.046
Fra:7 Mem:19.50M (Peak 56.11M) | Time:00:00.00 | Mem:0.00M, Peak:0.00M | Scene, ViewLayer | Synchronizing object | geometry_0_cube.061
Fra:7 Mem:19.50M (Peak 56.11M) | Time:00:00.00 | Mem:0.00M, Peak:0.00M | Scene, ViewLayer | Synchronizing object | geometry_0_cube.060
Fra:7 Mem:19.50M (Peak 56.11M) | Time:00:00.00 | Mem:0.00M, Peak:0.00M | Scene, ViewLayer | Synchronizing object | geometry_0_cube.048
Fra:7 Mem:19.50M (Peak 56.11M) | Time:00:00.00 | Mem:0.00M, Peak:0.00M | Scene, ViewLayer | Synchronizing object | geometry_0_cube.059
Fra:7 Mem:19.50M (Peak 56.11M) | Time:00:00.00 | Mem:0.00M, Peak:0.00M | Scene, ViewLayer | Synchronizing object | geometry_0_cube.049
Fra:7 Mem:19.50M (Peak 56.11M) | Time:00:00.00 | Mem:0.00M, Peak:0.00M | Scene, ViewLayer | Synchronizing object | geometry_0_cube.058
Fra:7 Mem:19.51M (Peak 56.11M) | Time:00:00.00 | Mem:0.00M, Peak:0.00M | Scene, ViewLayer | Synchronizing object | geometry_0_cube.041
Fra:7 Mem:19.51M (Peak 56.11M) | Time:00:00.00 | Mem:0.00M, Peak:0.00M | Scene, ViewLayer | Synchronizing object | geometry_0_cube
Fra:7 Mem:19.52M (Peak 56.11M) | Time:00:00.00 | Mem:0.00M, Peak:0.00M | Scene, ViewLayer | Synchronizing object | geometry_0_cube.056
Fra:7 Mem:19.52M (Peak 56.11M) | Time:00:00.00 | Mem:0.00M, Peak:0.00M | Scene, ViewLayer | Synchronizing object | geometry_0_cube.001
Fra:7 Mem:19.52M (Peak 56.11M) | Time:00:00.00 | Mem:0.00M, Peak:0.00M | Scene, ViewLayer | Synchronizing object | geometry_0_cube.002
Fra:7 Mem:19.53M (Peak 56.11M) | Time:00:00.00 | Mem:0.00M, Peak:0.00M | Scene, ViewLayer | Synchronizing object | geometry_0_cube.003
Fra:7 Mem:19.56M (Peak 56.11M) | Time:00:00.00 | Mem:0.00M, Peak:0.00M | Scene, ViewLayer | Initializing
Fra:7 Mem:15.83M (Peak 56.11M) | Time:00:00.01 | Mem:0.00M, Peak:0.00M | Scene, ViewLayer | Waiting for render to start
Fra:7 Mem:15.83M (Peak 56.11M) | Time:00:00.01 | Mem:0.00M, Peak:0.00M | Scene, ViewLayer | Loading render kernels (may take a few minutes the first time)
Fra:7 Mem:15.83M (Peak 56.11M) | Time:00:00.01 | Mem:0.00M, Peak:0.00M | Scene, ViewLayer | Updating Scene
Fra:7 Mem:15.83M (Peak 56.11M) | Time:00:00.01 | Mem:0.00M, Peak:0.00M | Scene, ViewLayer | Updating Shaders
Fra:7 Mem:15.91M (Peak 56.11M) | Time:00:00.01 | Mem:0.00M, Peak:0.00M | Scene, ViewLayer | Updating Procedurals
Fra:7 Mem:15.91M (Peak 56.11M) | Time:00:00.01 | Mem:0.00M, Peak:0.00M | Scene, ViewLayer | Updating Background
Fra:7 Mem:15.91M (Peak 56.11M) | Time:00:00.01 | Mem:0.00M, Peak:0.00M | Scene, ViewLayer | Updating Camera
Fra:7 Mem:15.91M (Peak 56.11M) | Time:00:00.01 | Mem:0.00M, Peak:0.00M | Scene, ViewLayer | Updating Meshes Flags
Fra:7 Mem:15.91M (Peak 56.11M) | Time:00:00.01 | Mem:0.00M, Peak:0.00M | Scene, ViewLayer | Updating Objects
Fra:7 Mem:15.91M (Peak 56.11M) | Time:00:00.01 | Mem:0.00M, Peak:0.00M | Scene, ViewLayer | Updating Objects | Copying Transformations to device
Fra:7 Mem:15.93M (Peak 56.11M) | Time:00:00.01 | Mem:0.02M, Peak:0.02M | Scene, ViewLayer | Updating Objects | Applying Static Transformations
Fra:7 Mem:15.93M (Peak 56.11M) | Time:00:00.01 | Mem:0.02M, Peak:0.02M | Scene, ViewLayer | Updating Particle Systems
Fra:7 Mem:15.93M (Peak 56.11M) | Time:00:00.01 | Mem:0.02M, Peak:0.02M | Scene, ViewLayer | Updating Particle Systems | Copying Particles to device
Fra:7 Mem:15.93M (Peak 56.11M) | Time:00:00.01 | Mem:0.02M, Peak:0.02M | Scene, ViewLayer | Updating Meshes
Fra:7 Mem:15.95M (Peak 56.11M) | Time:00:00.01 | Mem:0.02M, Peak:0.02M | Scene, ViewLayer | Updating Mesh | Computing attributes
Fra:7 Mem:15.99M (Peak 56.11M) | Time:00:00.01 | Mem:0.02M, Peak:0.02M | Scene, ViewLayer | Updating Mesh | Copying Attributes to device
Fra:7 Mem:15.98M (Peak 56.11M) | Time:00:00.01 | Mem:0.05M, Peak:0.05M | Scene, ViewLayer | Updating Scene BVH | Building
Fra:7 Mem:15.98M (Peak 56.11M) | Time:00:00.01 | Mem:0.05M, Peak:0.05M | Scene, ViewLayer | Updating Scene BVH | Building BVH
Fra:7 Mem:15.98M (Peak 56.11M) | Time:00:00.01 | Mem:0.09M, Peak:0.09M | Scene, ViewLayer | Updating Scene BVH | Building BVH 0%
Fra:7 Mem:15.98M (Peak 56.11M) | Time:00:00.01 | Mem:0.16M, Peak:0.20M | Scene, ViewLayer | Updating Scene BVH | Copying BVH to device
Fra:7 Mem:15.98M (Peak 56.11M) | Time:00:00.01 | Mem:0.16M, Peak:0.20M | Scene, ViewLayer | Updating Mesh | Computing normals
Fra:7 Mem:16.09M (Peak 56.11M) | Time:00:00.01 | Mem:0.16M, Peak:0.20M | Scene, ViewLayer | Updating Mesh | Copying Mesh to device
Fra:7 Mem:16.09M (Peak 56.11M) | Time:00:00.01 | Mem:0.26M, Peak:0.26M | Scene, ViewLayer | Updating Objects Flags
Fra:7 Mem:16.09M (Peak 56.11M) | Time:00:00.01 | Mem:0.26M, Peak:0.26M | Scene, ViewLayer | Updating Primitive Offsets
Fra:7 Mem:16.09M (Peak 56.11M) | Time:00:00.01 | Mem:0.26M, Peak:0.26M | Scene, ViewLayer | Updating Images
Fra:7 Mem:16.09M (Peak 56.11M) | Time:00:00.01 | Mem:0.26M, Peak:0.26M | Scene, ViewLayer | Updating Camera Volume
Fra:7 Mem:16.09M (Peak 56.11M) | Time:00:00.01 | Mem:0.26M, Peak:0.26M | Scene, ViewLayer | Updating Lookup Tables
Fra:7 Mem:16.09M (Peak 56.11M) | Time:00:00.01 | Mem:0.34M, Peak:0.34M | Scene, ViewLayer | Updating Lights
Fra:7 Mem:16.09M (Peak 56.11M) | Time:00:00.01 | Mem:0.34M, Peak:0.34M | Scene, ViewLayer | Updating Lights | Computing distribution
Fra:7 Mem:16.09M (Peak 56.11M) | Time:00:00.01 | Mem:0.34M, Peak:0.34M | Scene, ViewLayer | Updating Lights | Computing tree
Fra:7 Mem:16.09M (Peak 56.11M) | Time:00:00.01 | Mem:0.34M, Peak:0.34M | Scene, ViewLayer | Updating Integrator
Fra:7 Mem:17.09M (Peak 56.11M) | Time:00:00.01 | Mem:1.34M, Peak:1.34M | Scene, ViewLayer | Updating Film
Fra:7 Mem:17.09M (Peak 56.11M) | Time:00:00.01 | Mem:1.26M, Peak:1.34M | Scene, ViewLayer | Updating Lookup Tables
Fra:7 Mem:17.09M (Peak 56.11M) | Time:00:00.01 | Mem:1.35M, Peak:1.35M | Scene, ViewLayer | Updating Baking
Fra:7 Mem:17.09M (Peak 56.11M) | Time:00:00.01 | Mem:1.35M, Peak:1.35M | Scene, ViewLayer | Updating Device | Writing constant memory
Fra:7 Mem:17.09M (Peak 56.11M) | Time:00:00.01 | Mem:1.35M, Peak:1.35M | Scene, ViewLayer | Sample 0/32
Fra:7 Mem:36.11M (Peak 56.11M) | Time:00:00.03 | Remaining:00:00.81 | Mem:20.35M, Peak:20.35M | Scene, ViewLayer | Sample 1/32
Fra:7 Mem:44.11M (Peak 56.11M) | Time:00:01.55 | Mem:20.35M, Peak:20.35M | Scene, ViewLayer | Sample 32/32
Fra:7 Mem:44.11M (Peak 56.11M) | Time:00:01.55 | Mem:20.35M, Peak:20.35M | Scene, ViewLayer | Finished
Fra:7 Mem:23.69M (Peak 56.11M) | Time:00:01.55 | Compositing
Fra:7 Mem:23.69M (Peak 56.11M) | Time:00:01.55 | Compositing | Determining resolution
Fra:7 Mem:23.69M (Peak 56.11M) | Time:00:01.55 | Compositing | Initializing execution
Fra:7 Mem:23.69M (Peak 56.11M) | Time:00:01.55 | Compositing | De-initializing execution
Saved: '/vepfs_default/chanxueyan/lhp/lms/aDSL/temp/geometry_expression_20260929/A/T02-bookshelf/views/render_0007.png'
Time: 00:01.57 (Saving: 00:00.02)

Fra:8 Mem:19.41M (Peak 56.11M) | Time:00:00.00 | Mem:0.00M, Peak:0.00M | Scene, ViewLayer | Synchronizing object | geometry_0_cube.026
Fra:8 Mem:19.41M (Peak 56.11M) | Time:00:00.00 | Mem:0.00M, Peak:0.00M | Scene, ViewLayer | Synchronizing object | geometry_0_cube.027
Fra:8 Mem:19.41M (Peak 56.11M) | Time:00:00.00 | Mem:0.00M, Peak:0.00M | Scene, ViewLayer | Synchronizing object | geometry_0_cube.028
Fra:8 Mem:19.42M (Peak 56.11M) | Time:00:00.00 | Mem:0.00M, Peak:0.00M | Scene, ViewLayer | Synchronizing object | geometry_0_cube.029
Fra:8 Mem:19.42M (Peak 56.11M) | Time:00:00.00 | Mem:0.00M, Peak:0.00M | Scene, ViewLayer | Synchronizing object | geometry_0_cube.030
Fra:8 Mem:19.42M (Peak 56.11M) | Time:00:00.00 | Mem:0.00M, Peak:0.00M | Scene, ViewLayer | Synchronizing object | geometry_0_cube.031
Fra:8 Mem:19.42M (Peak 56.11M) | Time:00:00.00 | Mem:0.00M, Peak:0.00M | Scene, ViewLayer | Synchronizing object | geometry_0_cube.032
Fra:8 Mem:19.42M (Peak 56.11M) | Time:00:00.00 | Mem:0.00M, Peak:0.00M | Scene, ViewLayer | Synchronizing object | geometry_0_cube.033
Fra:8 Mem:19.43M (Peak 56.11M) | Time:00:00.00 | Mem:0.00M, Peak:0.00M | Scene, ViewLayer | Synchronizing object | geometry_0_cube.037
Fra:8 Mem:19.43M (Peak 56.11M) | Time:00:00.00 | Mem:0.00M, Peak:0.00M | Scene, ViewLayer | Synchronizing object | geometry_0_cube.038
Fra:8 Mem:19.43M (Peak 56.11M) | Time:00:00.00 | Mem:0.00M, Peak:0.00M | Scene, ViewLayer | Synchronizing object | geometry_0_cube.039
Fra:8 Mem:19.43M (Peak 56.11M) | Time:00:00.00 | Mem:0.00M, Peak:0.00M | Scene, ViewLayer | Synchronizing object | geometry_0_cube.034
Fra:8 Mem:19.43M (Peak 56.11M) | Time:00:00.00 | Mem:0.00M, Peak:0.00M | Scene, ViewLayer | Synchronizing object | geometry_0_cube.035
Fra:8 Mem:19.43M (Peak 56.11M) | Time:00:00.00 | Mem:0.00M, Peak:0.00M | Scene, ViewLayer | Synchronizing object | geometry_0_cube.036
Fra:8 Mem:19.44M (Peak 56.11M) | Time:00:00.00 | Mem:0.00M, Peak:0.00M | Scene, ViewLayer | Synchronizing object | geometry_0_cube.022
Fra:8 Mem:19.44M (Peak 56.11M) | Time:00:00.00 | Mem:0.00M, Peak:0.00M | Scene, ViewLayer | Synchronizing object | geometry_0_cube.023
Fra:8 Mem:19.44M (Peak 56.11M) | Time:00:00.00 | Mem:0.00M, Peak:0.00M | Scene, ViewLayer | Synchronizing object | geometry_0_cube.024
Fra:8 Mem:19.44M (Peak 56.11M) | Time:00:00.00 | Mem:0.00M, Peak:0.00M | Scene, ViewLayer | Synchronizing object | geometry_0_cube.025
Fra:8 Mem:19.44M (Peak 56.11M) | Time:00:00.00 | Mem:0.00M, Peak:0.00M | Scene, ViewLayer | Synchronizing object | geometry_0_cube.005
Fra:8 Mem:19.45M (Peak 56.11M) | Time:00:00.00 | Mem:0.00M, Peak:0.00M | Scene, ViewLayer | Synchronizing object | geometry_0_cube.007
Fra:8 Mem:19.45M (Peak 56.11M) | Time:00:00.00 | Mem:0.00M, Peak:0.00M | Scene, ViewLayer | Synchronizing object | geometry_0_cube.008
Fra:8 Mem:19.45M (Peak 56.11M) | Time:00:00.00 | Mem:0.00M, Peak:0.00M | Scene, ViewLayer | Synchronizing object | geometry_0_cube.069
Fra:8 Mem:19.45M (Peak 56.11M) | Time:00:00.00 | Mem:0.00M, Peak:0.00M | Scene, ViewLayer | Synchronizing object | geometry_0_cube.004
Fra:8 Mem:19.45M (Peak 56.11M) | Time:00:00.00 | Mem:0.00M, Peak:0.00M | Scene, ViewLayer | Synchronizing object | geometry_0_cube.010
Fra:8 Mem:19.45M (Peak 56.11M) | Time:00:00.00 | Mem:0.00M, Peak:0.00M | Scene, ViewLayer | Synchronizing object | geometry_0_cube.068
Fra:8 Mem:19.45M (Peak 56.11M) | Time:00:00.00 | Mem:0.00M, Peak:0.00M | Scene, ViewLayer | Synchronizing object | geometry_0_cube.009
Fra:8 Mem:19.46M (Peak 56.11M) | Time:00:00.00 | Mem:0.00M, Peak:0.00M | Scene, ViewLayer | Synchronizing object | geometry_0_cube.021
Fra:8 Mem:19.46M (Peak 56.11M) | Time:00:00.00 | Mem:0.00M, Peak:0.00M | Scene, ViewLayer | Synchronizing object | geometry_0_cube.067
Fra:8 Mem:19.46M (Peak 56.11M) | Time:00:00.00 | Mem:0.00M, Peak:0.00M | Scene, ViewLayer | Synchronizing object | geometry_0_cube.018
Fra:8 Mem:19.46M (Peak 56.11M) | Time:00:00.00 | Mem:0.00M, Peak:0.00M | Scene, ViewLayer | Synchronizing object | geometry_0_cube.019
Fra:8 Mem:19.46M (Peak 56.11M) | Time:00:00.00 | Mem:0.00M, Peak:0.00M | Scene, ViewLayer | Synchronizing object | geometry_0_cube.066
Fra:8 Mem:19.46M (Peak 56.11M) | Time:00:00.00 | Mem:0.00M, Peak:0.00M | Scene, ViewLayer | Synchronizing object | geometry_0_cube.020
Fra:8 Mem:19.46M (Peak 56.11M) | Time:00:00.00 | Mem:0.00M, Peak:0.00M | Scene, ViewLayer | Synchronizing object | geometry_0_cube.012
Fra:8 Mem:19.46M (Peak 56.11M) | Time:00:00.00 | Mem:0.00M, Peak:0.00M | Scene, ViewLayer | Synchronizing object | geometry_0_cube.072
Fra:8 Mem:19.47M (Peak 56.11M) | Time:00:00.00 | Mem:0.00M, Peak:0.00M | Scene, ViewLayer | Synchronizing object | geometry_0_cube.014
Fra:8 Mem:19.47M (Peak 56.11M) | Time:00:00.00 | Mem:0.00M, Peak:0.00M | Scene, ViewLayer | Synchronizing object | geometry_0_cube.015
Fra:8 Mem:19.47M (Peak 56.11M) | Time:00:00.00 | Mem:0.00M, Peak:0.00M | Scene, ViewLayer | Synchronizing object | geometry_0_cube.071
Fra:8 Mem:19.47M (Peak 56.11M) | Time:00:00.00 | Mem:0.00M, Peak:0.00M | Scene, ViewLayer | Synchronizing object | geometry_0_cube.013
Fra:8 Mem:19.47M (Peak 56.11M) | Time:00:00.00 | Mem:0.00M, Peak:0.00M | Scene, ViewLayer | Synchronizing object | geometry_0_cube.011
Fra:8 Mem:19.47M (Peak 56.11M) | Time:00:00.00 | Mem:0.00M, Peak:0.00M | Scene, ViewLayer | Synchronizing object | geometry_0_cube.070
Fra:8 Mem:19.47M (Peak 56.11M) | Time:00:00.00 | Mem:0.00M, Peak:0.00M | Scene, ViewLayer | Synchronizing object | geometry_0_cube.017
Fra:8 Mem:19.47M (Peak 56.11M) | Time:00:00.00 | Mem:0.00M, Peak:0.00M | Scene, ViewLayer | Synchronizing object | geometry_0_cube.016
Fra:8 Mem:19.48M (Peak 56.11M) | Time:00:00.00 | Mem:0.00M, Peak:0.00M | Scene, ViewLayer | Synchronizing object | geometry_0_cube.055
Fra:8 Mem:19.48M (Peak 56.11M) | Time:00:00.00 | Mem:0.00M, Peak:0.00M | Scene, ViewLayer | Synchronizing object | geometry_0_cube.050
Fra:8 Mem:19.48M (Peak 56.11M) | Time:00:00.00 | Mem:0.00M, Peak:0.00M | Scene, ViewLayer | Synchronizing object | geometry_0_cube.051
Fra:8 Mem:19.48M (Peak 56.11M) | Time:00:00.00 | Mem:0.00M, Peak:0.00M | Scene, ViewLayer | Synchronizing object | geometry_0_cube.054
Fra:8 Mem:19.48M (Peak 56.11M) | Time:00:00.00 | Mem:0.00M, Peak:0.00M | Scene, ViewLayer | Synchronizing object | geometry_0_cube.052
Fra:8 Mem:19.48M (Peak 56.11M) | Time:00:00.00 | Mem:0.00M, Peak:0.00M | Scene, ViewLayer | Synchronizing object | geometry_0_cube.042
Fra:8 Mem:19.48M (Peak 56.11M) | Time:00:00.00 | Mem:0.00M, Peak:0.00M | Scene, ViewLayer | Synchronizing object | geometry_0_cube.053
Fra:8 Mem:19.49M (Peak 56.11M) | Time:00:00.00 | Mem:0.00M, Peak:0.00M | Scene, ViewLayer | Synchronizing object | geometry_0_cube.043
Fra:8 Mem:19.49M (Peak 56.11M) | Time:00:00.00 | Mem:0.00M, Peak:0.00M | Scene, ViewLayer | Synchronizing object | geometry_0_cube.044
Fra:8 Mem:19.49M (Peak 56.11M) | Time:00:00.00 | Mem:0.00M, Peak:0.00M | Scene, ViewLayer | Synchronizing object | geometry_0_cube.065
Fra:8 Mem:19.49M (Peak 56.11M) | Time:00:00.00 | Mem:0.00M, Peak:0.00M | Scene, ViewLayer | Synchronizing object | geometry_0_cube.045
Fra:8 Mem:19.49M (Peak 56.11M) | Time:00:00.00 | Mem:0.00M, Peak:0.00M | Scene, ViewLayer | Synchronizing object | geometry_0_cube.046
Fra:8 Mem:19.49M (Peak 56.11M) | Time:00:00.00 | Mem:0.00M, Peak:0.00M | Scene, ViewLayer | Synchronizing object | geometry_0_cube.064
Fra:8 Mem:19.49M (Peak 56.11M) | Time:00:00.00 | Mem:0.00M, Peak:0.00M | Scene, ViewLayer | Synchronizing object | geometry_0_cube.047
Fra:8 Mem:19.49M (Peak 56.11M) | Time:00:00.00 | Mem:0.00M, Peak:0.00M | Scene, ViewLayer | Synchronizing object | geometry_0_cube.048
Fra:8 Mem:19.50M (Peak 56.11M) | Time:00:00.00 | Mem:0.00M, Peak:0.00M | Scene, ViewLayer | Synchronizing object | geometry_0_cube.063
Fra:8 Mem:19.50M (Peak 56.11M) | Time:00:00.00 | Mem:0.00M, Peak:0.00M | Scene, ViewLayer | Synchronizing object | geometry_0_cube.049
Fra:8 Mem:19.50M (Peak 56.11M) | Time:00:00.00 | Mem:0.00M, Peak:0.00M | Scene, ViewLayer | Synchronizing object | geometry_0_cube.040
Fra:8 Mem:19.50M (Peak 56.11M) | Time:00:00.00 | Mem:0.00M, Peak:0.00M | Scene, ViewLayer | Synchronizing object | geometry_0_cube.062
Fra:8 Mem:19.50M (Peak 56.11M) | Time:00:00.00 | Mem:0.00M, Peak:0.00M | Scene, ViewLayer | Synchronizing object | geometry_0_cube.041
Fra:8 Mem:19.50M (Peak 56.11M) | Time:00:00.00 | Mem:0.00M, Peak:0.00M | Scene, ViewLayer | Synchronizing object | geometry_0_cube
Fra:8 Mem:19.50M (Peak 56.11M) | Time:00:00.00 | Mem:0.00M, Peak:0.00M | Scene, ViewLayer | Synchronizing object | geometry_0_cube.061
Fra:8 Mem:19.51M (Peak 56.11M) | Time:00:00.00 | Mem:0.00M, Peak:0.00M | Scene, ViewLayer | Synchronizing object | geometry_0_cube.001
Fra:8 Mem:19.52M (Peak 56.11M) | Time:00:00.00 | Mem:0.00M, Peak:0.00M | Scene, ViewLayer | Synchronizing object | geometry_0_cube.002
Fra:8 Mem:19.53M (Peak 56.11M) | Time:00:00.00 | Mem:0.00M, Peak:0.00M | Scene, ViewLayer | Synchronizing object | geometry_0_cube.060
Fra:8 Mem:19.53M (Peak 56.11M) | Time:00:00.00 | Mem:0.00M, Peak:0.00M | Scene, ViewLayer | Synchronizing object | geometry_0_cube.003
Fra:8 Mem:19.55M (Peak 56.11M) | Time:00:00.00 | Mem:0.00M, Peak:0.00M | Scene, ViewLayer | Synchronizing object | geometry_0_cube.059
Fra:8 Mem:19.55M (Peak 56.11M) | Time:00:00.00 | Mem:0.00M, Peak:0.00M | Scene, ViewLayer | Synchronizing object | geometry_0_cube.057
Fra:8 Mem:19.55M (Peak 56.11M) | Time:00:00.00 | Mem:0.00M, Peak:0.00M | Scene, ViewLayer | Synchronizing object | geometry_0_cube.058
Fra:8 Mem:19.56M (Peak 56.11M) | Time:00:00.00 | Mem:0.00M, Peak:0.00M | Scene, ViewLayer | Initializing
Fra:8 Mem:15.83M (Peak 56.11M) | Time:00:00.01 | Mem:0.00M, Peak:0.00M | Scene, ViewLayer | Waiting for render to start
Fra:8 Mem:15.83M (Peak 56.11M) | Time:00:00.01 | Mem:0.00M, Peak:0.00M | Scene, ViewLayer | Loading render kernels (may take a few minutes the first time)
Fra:8 Mem:15.83M (Peak 56.11M) | Time:00:00.01 | Mem:0.00M, Peak:0.00M | Scene, ViewLayer | Updating Scene
Fra:8 Mem:15.83M (Peak 56.11M) | Time:00:00.01 | Mem:0.00M, Peak:0.00M | Scene, ViewLayer | Updating Shaders
Fra:8 Mem:15.91M (Peak 56.11M) | Time:00:00.01 | Mem:0.00M, Peak:0.00M | Scene, ViewLayer | Updating Procedurals
Fra:8 Mem:15.91M (Peak 56.11M) | Time:00:00.01 | Mem:0.00M, Peak:0.00M | Scene, ViewLayer | Updating Background
Fra:8 Mem:15.91M (Peak 56.11M) | Time:00:00.01 | Mem:0.00M, Peak:0.00M | Scene, ViewLayer | Updating Camera
Fra:8 Mem:15.91M (Peak 56.11M) | Time:00:00.01 | Mem:0.00M, Peak:0.00M | Scene, ViewLayer | Updating Meshes Flags
Fra:8 Mem:15.91M (Peak 56.11M) | Time:00:00.01 | Mem:0.00M, Peak:0.00M | Scene, ViewLayer | Updating Objects
Fra:8 Mem:15.91M (Peak 56.11M) | Time:00:00.01 | Mem:0.00M, Peak:0.00M | Scene, ViewLayer | Updating Objects | Copying Transformations to device
Fra:8 Mem:15.93M (Peak 56.11M) | Time:00:00.01 | Mem:0.02M, Peak:0.02M | Scene, ViewLayer | Updating Objects | Applying Static Transformations
Fra:8 Mem:15.93M (Peak 56.11M) | Time:00:00.01 | Mem:0.02M, Peak:0.02M | Scene, ViewLayer | Updating Particle Systems
Fra:8 Mem:15.93M (Peak 56.11M) | Time:00:00.01 | Mem:0.02M, Peak:0.02M | Scene, ViewLayer | Updating Particle Systems | Copying Particles to device
Fra:8 Mem:15.93M (Peak 56.11M) | Time:00:00.01 | Mem:0.02M, Peak:0.02M | Scene, ViewLayer | Updating Meshes
Fra:8 Mem:15.95M (Peak 56.11M) | Time:00:00.01 | Mem:0.02M, Peak:0.02M | Scene, ViewLayer | Updating Mesh | Computing attributes
Fra:8 Mem:15.99M (Peak 56.11M) | Time:00:00.01 | Mem:0.02M, Peak:0.02M | Scene, ViewLayer | Updating Mesh | Copying Attributes to device
Fra:8 Mem:15.98M (Peak 56.11M) | Time:00:00.01 | Mem:0.05M, Peak:0.05M | Scene, ViewLayer | Updating Scene BVH | Building
Fra:8 Mem:15.98M (Peak 56.11M) | Time:00:00.01 | Mem:0.05M, Peak:0.05M | Scene, ViewLayer | Updating Scene BVH | Building BVH
Fra:8 Mem:15.98M (Peak 56.11M) | Time:00:00.01 | Mem:0.09M, Peak:0.09M | Scene, ViewLayer | Updating Scene BVH | Building BVH 0%
Fra:8 Mem:15.98M (Peak 56.11M) | Time:00:00.01 | Mem:0.16M, Peak:0.20M | Scene, ViewLayer | Updating Scene BVH | Copying BVH to device
Fra:8 Mem:15.98M (Peak 56.11M) | Time:00:00.01 | Mem:0.16M, Peak:0.20M | Scene, ViewLayer | Updating Mesh | Computing normals
Fra:8 Mem:16.09M (Peak 56.11M) | Time:00:00.01 | Mem:0.16M, Peak:0.20M | Scene, ViewLayer | Updating Mesh | Copying Mesh to device
Fra:8 Mem:16.09M (Peak 56.11M) | Time:00:00.01 | Mem:0.26M, Peak:0.26M | Scene, ViewLayer | Updating Objects Flags
Fra:8 Mem:16.09M (Peak 56.11M) | Time:00:00.01 | Mem:0.26M, Peak:0.26M | Scene, ViewLayer | Updating Primitive Offsets
Fra:8 Mem:16.09M (Peak 56.11M) | Time:00:00.01 | Mem:0.26M, Peak:0.26M | Scene, ViewLayer | Updating Images
Fra:8 Mem:16.09M (Peak 56.11M) | Time:00:00.01 | Mem:0.26M, Peak:0.26M | Scene, ViewLayer | Updating Camera Volume
Fra:8 Mem:16.09M (Peak 56.11M) | Time:00:00.01 | Mem:0.26M, Peak:0.26M | Scene, ViewLayer | Updating Lookup Tables
Fra:8 Mem:16.09M (Peak 56.11M) | Time:00:00.01 | Mem:0.34M, Peak:0.34M | Scene, ViewLayer | Updating Lights
Fra:8 Mem:16.09M (Peak 56.11M) | Time:00:00.01 | Mem:0.34M, Peak:0.34M | Scene, ViewLayer | Updating Lights | Computing distribution
Fra:8 Mem:16.09M (Peak 56.11M) | Time:00:00.01 | Mem:0.34M, Peak:0.34M | Scene, ViewLayer | Updating Lights | Computing tree
Fra:8 Mem:16.09M (Peak 56.11M) | Time:00:00.01 | Mem:0.34M, Peak:0.34M | Scene, ViewLayer | Updating Integrator
Fra:8 Mem:17.09M (Peak 56.11M) | Time:00:00.01 | Mem:1.34M, Peak:1.34M | Scene, ViewLayer | Updating Film
Fra:8 Mem:17.09M (Peak 56.11M) | Time:00:00.01 | Mem:1.26M, Peak:1.34M | Scene, ViewLayer | Updating Lookup Tables
Fra:8 Mem:17.09M (Peak 56.11M) | Time:00:00.01 | Mem:1.35M, Peak:1.35M | Scene, ViewLayer | Updating Baking
Fra:8 Mem:17.09M (Peak 56.11M) | Time:00:00.01 | Mem:1.35M, Peak:1.35M | Scene, ViewLayer | Updating Device | Writing constant memory
Fra:8 Mem:17.09M (Peak 56.11M) | Time:00:00.01 | Mem:1.35M, Peak:1.35M | Scene, ViewLayer | Sample 0/32
Fra:8 Mem:36.11M (Peak 56.11M) | Time:00:00.03 | Remaining:00:00.84 | Mem:20.35M, Peak:20.35M | Scene, ViewLayer | Sample 1/32
Fra:8 Mem:44.11M (Peak 56.11M) | Time:00:01.56 | Mem:20.35M, Peak:20.35M | Scene, ViewLayer | Sample 32/32
Fra:8 Mem:44.11M (Peak 56.11M) | Time:00:01.56 | Mem:20.35M, Peak:20.35M | Scene, ViewLayer | Finished
Fra:8 Mem:23.69M (Peak 56.11M) | Time:00:01.56 | Compositing
Fra:8 Mem:23.69M (Peak 56.11M) | Time:00:01.56 | Compositing | Determining resolution
Fra:8 Mem:23.69M (Peak 56.11M) | Time:00:01.56 | Compositing | Initializing execution
Fra:8 Mem:23.69M (Peak 56.11M) | Time:00:01.56 | Compositing | De-initializing execution
Saved: '/vepfs_default/chanxueyan/lhp/lms/aDSL/temp/geometry_expression_20260929/A/T02-bookshelf/views/render_0008.png'
Time: 00:01.58 (Saving: 00:00.02)

Data are loaded, start creating Blender stuff
glTF import finished in 0.04s
