Warning: Falling back to the standard locale ("C")
Fra:1 Mem:24.63M (Peak 24.63M) | Time:00:00.00 | Mem:0.00M, Peak:0.00M | Scene, ViewLayer | Synchronizing object | geometry_0_cylinder.016
Fra:1 Mem:24.63M (Peak 24.63M) | Time:00:00.01 | Mem:0.00M, Peak:0.00M | Scene, ViewLayer | Synchronizing object | geometry_0_cylinder.043
Fra:1 Mem:24.66M (Peak 24.66M) | Time:00:00.01 | Mem:0.00M, Peak:0.00M | Scene, ViewLayer | Synchronizing object | geometry_0_cylinder.026
Fra:1 Mem:24.67M (Peak 24.67M) | Time:00:00.01 | Mem:0.00M, Peak:0.00M | Scene, ViewLayer | Synchronizing object | geometry_0_cylinder.027
Fra:1 Mem:24.69M (Peak 24.69M) | Time:00:00.01 | Mem:0.00M, Peak:0.00M | Scene, ViewLayer | Synchronizing object | geometry_0_cylinder.028
Fra:1 Mem:24.69M (Peak 24.69M) | Time:00:00.01 | Mem:0.00M, Peak:0.00M | Scene, ViewLayer | Synchronizing object | geometry_0_cylinder.017
Fra:1 Mem:24.71M (Peak 24.71M) | Time:00:00.01 | Mem:0.00M, Peak:0.00M | Scene, ViewLayer | Synchronizing object | geometry_0_cylinder.018
Fra:1 Mem:24.72M (Peak 24.72M) | Time:00:00.01 | Mem:0.00M, Peak:0.00M | Scene, ViewLayer | Synchronizing object | geometry_0_cylinder.019
Fra:1 Mem:24.74M (Peak 24.74M) | Time:00:00.01 | Mem:0.00M, Peak:0.00M | Scene, ViewLayer | Synchronizing object | geometry_0_cylinder.020
Fra:1 Mem:24.75M (Peak 24.75M) | Time:00:00.01 | Mem:0.00M, Peak:0.00M | Scene, ViewLayer | Synchronizing object | geometry_0_cylinder.021
Fra:1 Mem:24.76M (Peak 24.76M) | Time:00:00.01 | Mem:0.00M, Peak:0.00M | Scene, ViewLayer | Synchronizing object | geometry_0_cylinder.022
Fra:1 Mem:24.78M (Peak 24.78M) | Time:00:00.01 | Mem:0.00M, Peak:0.00M | Scene, ViewLayer | Synchronizing object | geometry_0_cylinder.023
Fra:1 Mem:24.78M (Peak 24.78M) | Time:00:00.01 | Mem:0.00M, Peak:0.00M | Scene, ViewLayer | Synchronizing object | geometry_0_cylinder.024
Fra:1 Mem:24.81M (Peak 24.81M) | Time:00:00.01 | Mem:0.00M, Peak:0.00M | Scene, ViewLayer | Synchronizing object | geometry_0_cylinder.025
Fra:1 Mem:24.81M (Peak 24.81M) | Time:00:00.01 | Mem:0.00M, Peak:0.00M | Scene, ViewLayer | Synchronizing object | geometry_0_cylinder.038
Fra:1 Mem:24.83M (Peak 24.83M) | Time:00:00.01 | Mem:0.00M, Peak:0.00M | Scene, ViewLayer | Synchronizing object | geometry_0_cylinder.039
Fra:1 Mem:24.83M (Peak 24.83M) | Time:00:00.01 | Mem:0.00M, Peak:0.00M | Scene, ViewLayer | Synchronizing object | geometry_0_cylinder.040
Fra:1 Mem:24.86M (Peak 24.86M) | Time:00:00.01 | Mem:0.00M, Peak:0.00M | Scene, ViewLayer | Synchronizing object | geometry_0_cylinder.029
Fra:1 Mem:24.86M (Peak 24.86M) | Time:00:00.01 | Mem:0.00M, Peak:0.00M | Scene, ViewLayer | Synchronizing object | geometry_0_cylinder.030
Fra:1 Mem:24.89M (Peak 24.89M) | Time:00:00.01 | Mem:0.00M, Peak:0.00M | Scene, ViewLayer | Synchronizing object | geometry_0_sphere
Fra:1 Mem:24.90M (Peak 24.90M) | Time:00:00.01 | Mem:0.00M, Peak:0.00M | Scene, ViewLayer | Synchronizing object | geometry_0_cylinder.032
Fra:1 Mem:25.03M (Peak 25.03M) | Time:00:00.01 | Mem:0.00M, Peak:0.00M | Scene, ViewLayer | Synchronizing object | geometry_0_cylinder.033
Fra:1 Mem:25.03M (Peak 25.03M) | Time:00:00.01 | Mem:0.00M, Peak:0.00M | Scene, ViewLayer | Synchronizing object | geometry_0_cylinder.034
Fra:1 Mem:25.08M (Peak 25.08M) | Time:00:00.01 | Mem:0.00M, Peak:0.00M | Scene, ViewLayer | Synchronizing object | geometry_0_cylinder.035
Fra:1 Mem:25.07M (Peak 25.08M) | Time:00:00.01 | Mem:0.00M, Peak:0.00M | Scene, ViewLayer | Synchronizing object | geometry_0_cylinder
Fra:1 Mem:25.08M (Peak 25.08M) | Time:00:00.01 | Mem:0.00M, Peak:0.00M | Scene, ViewLayer | Synchronizing object | geometry_0_cylinder.037
Fra:1 Mem:25.09M (Peak 25.09M) | Time:00:00.01 | Mem:0.00M, Peak:0.00M | Scene, ViewLayer | Synchronizing object | geometry_0_cylinder.015
Fra:1 Mem:25.11M (Peak 25.11M) | Time:00:00.01 | Mem:0.00M, Peak:0.00M | Scene, ViewLayer | Synchronizing object | geometry_0_cylinder.014
Fra:1 Mem:25.15M (Peak 25.15M) | Time:00:00.01 | Mem:0.00M, Peak:0.00M | Scene, ViewLayer | Synchronizing object | geometry_0_cylinder.042
Fra:1 Mem:25.15M (Peak 25.15M) | Time:00:00.01 | Mem:0.00M, Peak:0.00M | Scene, ViewLayer | Synchronizing object | geometry_0_cylinder.044
Fra:1 Mem:25.18M (Peak 25.18M) | Time:00:00.01 | Mem:0.00M, Peak:0.00M | Scene, ViewLayer | Synchronizing object | geometry_0_cylinder.058
Fra:1 Mem:25.19M (Peak 25.19M) | Time:00:00.01 | Mem:0.00M, Peak:0.00M | Scene, ViewLayer | Synchronizing object | geometry_0_cylinder.046
Fra:1 Mem:25.23M (Peak 25.23M) | Time:00:00.01 | Mem:0.00M, Peak:0.00M | Scene, ViewLayer | Synchronizing object | geometry_0_cylinder.055
Fra:1 Mem:25.24M (Peak 25.24M) | Time:00:00.01 | Mem:0.00M, Peak:0.00M | Scene, ViewLayer | Synchronizing object | geometry_0_cylinder.056
Fra:1 Mem:25.29M (Peak 25.29M) | Time:00:00.01 | Mem:0.00M, Peak:0.00M | Scene, ViewLayer | Synchronizing object | geometry_0_cylinder.011
Fra:1 Mem:25.31M (Peak 25.31M) | Time:00:00.01 | Mem:0.00M, Peak:0.00M | Scene, ViewLayer | Synchronizing object | geometry_0_cylinder.057
Fra:1 Mem:25.31M (Peak 25.31M) | Time:00:00.01 | Mem:0.00M, Peak:0.00M | Scene, ViewLayer | Synchronizing object | geometry_0_cylinder.010
Fra:1 Mem:25.38M (Peak 25.38M) | Time:00:00.01 | Mem:0.00M, Peak:0.00M | Scene, ViewLayer | Synchronizing object | geometry_0_cylinder.048
Fra:1 Mem:25.38M (Peak 25.38M) | Time:00:00.01 | Mem:0.00M, Peak:0.00M | Scene, ViewLayer | Synchronizing object | geometry_0_cylinder.049
Fra:1 Mem:25.44M (Peak 25.44M) | Time:00:00.01 | Mem:0.00M, Peak:0.00M | Scene, ViewLayer | Synchronizing object | geometry_0_cylinder.008
Fra:1 Mem:25.45M (Peak 25.45M) | Time:00:00.01 | Mem:0.00M, Peak:0.00M | Scene, ViewLayer | Synchronizing object | geometry_0_cylinder.050
Fra:1 Mem:25.46M (Peak 25.46M) | Time:00:00.01 | Mem:0.00M, Peak:0.00M | Scene, ViewLayer | Synchronizing object | geometry_0_cylinder.051
Fra:1 Mem:25.49M (Peak 25.49M) | Time:00:00.01 | Mem:0.00M, Peak:0.00M | Scene, ViewLayer | Synchronizing object | geometry_0_cylinder.007
Fra:1 Mem:25.50M (Peak 25.50M) | Time:00:00.01 | Mem:0.00M, Peak:0.00M | Scene, ViewLayer | Synchronizing object | geometry_0_cylinder.052
Fra:1 Mem:25.53M (Peak 25.53M) | Time:00:00.01 | Mem:0.00M, Peak:0.00M | Scene, ViewLayer | Synchronizing object | geometry_0_cylinder.006
Fra:1 Mem:25.56M (Peak 25.56M) | Time:00:00.01 | Mem:0.00M, Peak:0.00M | Scene, ViewLayer | Synchronizing object | geometry_0_cylinder.053
Fra:1 Mem:25.56M (Peak 25.56M) | Time:00:00.01 | Mem:0.00M, Peak:0.00M | Scene, ViewLayer | Synchronizing object | geometry_0_cylinder.001
Fra:1 Mem:25.62M (Peak 25.62M) | Time:00:00.01 | Mem:0.00M, Peak:0.00M | Scene, ViewLayer | Synchronizing object | geometry_0_cylinder.004
Fra:1 Mem:25.63M (Peak 25.63M) | Time:00:00.01 | Mem:0.00M, Peak:0.00M | Scene, ViewLayer | Synchronizing object | geometry_0_cylinder.060
Fra:1 Mem:25.64M (Peak 25.64M) | Time:00:00.01 | Mem:0.00M, Peak:0.00M | Scene, ViewLayer | Synchronizing object | geometry_0_cylinder.003
Fra:1 Mem:25.67M (Peak 25.67M) | Time:00:00.01 | Mem:0.00M, Peak:0.00M | Scene, ViewLayer | Synchronizing object | geometry_0_cylinder.002
Fra:1 Mem:25.68M (Peak 25.68M) | Time:00:00.01 | Mem:0.00M, Peak:0.00M | Scene, ViewLayer | Synchronizing object | geometry_0_cylinder.063
Fra:1 Mem:25.69M (Peak 25.69M) | Time:00:00.01 | Mem:0.00M, Peak:0.00M | Scene, ViewLayer | Synchronizing object | geometry_0_cylinder.045
Fra:1 Mem:25.71M (Peak 25.71M) | Time:00:00.01 | Mem:0.00M, Peak:0.00M | Scene, ViewLayer | Synchronizing object | geometry_0_cylinder.064
Fra:1 Mem:25.72M (Peak 25.72M) | Time:00:00.01 | Mem:0.00M, Peak:0.00M | Scene, ViewLayer | Synchronizing object | geometry_0_cylinder.059
Fra:1 Mem:25.74M (Peak 25.74M) | Time:00:00.01 | Mem:0.00M, Peak:0.00M | Scene, ViewLayer | Synchronizing object | geometry_0_cylinder.066
Fra:1 Mem:25.75M (Peak 25.75M) | Time:00:00.01 | Mem:0.00M, Peak:0.00M | Scene, ViewLayer | Synchronizing object | geometry_0_cylinder.107
Fra:1 Mem:25.78M (Peak 25.78M) | Time:00:00.01 | Mem:0.00M, Peak:0.00M | Scene, ViewLayer | Synchronizing object | geometry_0_cylinder.067
Fra:1 Mem:25.78M (Peak 25.78M) | Time:00:00.01 | Mem:0.00M, Peak:0.00M | Scene, ViewLayer | Synchronizing object | geometry_0_cylinder.106
Fra:1 Mem:25.81M (Peak 25.81M) | Time:00:00.01 | Mem:0.00M, Peak:0.00M | Scene, ViewLayer | Synchronizing object | geometry_0_cylinder.068
Fra:1 Mem:25.81M (Peak 25.81M) | Time:00:00.01 | Mem:0.00M, Peak:0.00M | Scene, ViewLayer | Synchronizing object | geometry_0_cylinder.105
Fra:1 Mem:25.85M (Peak 25.85M) | Time:00:00.01 | Mem:0.00M, Peak:0.00M | Scene, ViewLayer | Synchronizing object | geometry_0_cylinder.104
Fra:1 Mem:25.85M (Peak 25.85M) | Time:00:00.01 | Mem:0.00M, Peak:0.00M | Scene, ViewLayer | Synchronizing object | geometry_0_cylinder.070
Fra:1 Mem:25.87M (Peak 25.87M) | Time:00:00.01 | Mem:0.00M, Peak:0.00M | Scene, ViewLayer | Synchronizing object | geometry_0_cylinder.103
Fra:1 Mem:25.89M (Peak 25.89M) | Time:00:00.01 | Mem:0.00M, Peak:0.00M | Scene, ViewLayer | Synchronizing object | geometry_0_cylinder.072
Fra:1 Mem:25.90M (Peak 25.90M) | Time:00:00.01 | Mem:0.00M, Peak:0.00M | Scene, ViewLayer | Synchronizing object | geometry_0_cylinder.102
Fra:1 Mem:25.92M (Peak 25.92M) | Time:00:00.01 | Mem:0.00M, Peak:0.00M | Scene, ViewLayer | Synchronizing object | geometry_0_cylinder.073
Fra:1 Mem:25.92M (Peak 25.92M) | Time:00:00.01 | Mem:0.00M, Peak:0.00M | Scene, ViewLayer | Synchronizing object | geometry_0_cylinder.101
Fra:1 Mem:25.95M (Peak 25.95M) | Time:00:00.01 | Mem:0.00M, Peak:0.00M | Scene, ViewLayer | Synchronizing object | geometry_0_cylinder.075
Fra:1 Mem:25.96M (Peak 25.96M) | Time:00:00.01 | Mem:0.00M, Peak:0.00M | Scene, ViewLayer | Synchronizing object | geometry_0_cylinder.100
Fra:1 Mem:25.99M (Peak 25.99M) | Time:00:00.01 | Mem:0.00M, Peak:0.00M | Scene, ViewLayer | Synchronizing object | geometry_0_cylinder.076
Fra:1 Mem:26.00M (Peak 26.00M) | Time:00:00.01 | Mem:0.00M, Peak:0.00M | Scene, ViewLayer | Synchronizing object | geometry_0_cylinder.099
Fra:1 Mem:26.00M (Peak 26.00M) | Time:00:00.01 | Mem:0.00M, Peak:0.00M | Scene, ViewLayer | Synchronizing object | geometry_0_cylinder.078
Fra:1 Mem:26.04M (Peak 26.04M) | Time:00:00.01 | Mem:0.00M, Peak:0.00M | Scene, ViewLayer | Synchronizing object | geometry_0_cylinder.079
Fra:1 Mem:26.04M (Peak 26.04M) | Time:00:00.01 | Mem:0.00M, Peak:0.00M | Scene, ViewLayer | Synchronizing object | geometry_0_cylinder.080
Fra:1 Mem:26.08M (Peak 26.08M) | Time:00:00.01 | Mem:0.00M, Peak:0.00M | Scene, ViewLayer | Synchronizing object | geometry_0_cylinder.081
Fra:1 Mem:26.08M (Peak 26.08M) | Time:00:00.01 | Mem:0.00M, Peak:0.00M | Scene, ViewLayer | Synchronizing object | geometry_0_cylinder.097
Fra:1 Mem:26.12M (Peak 26.12M) | Time:00:00.01 | Mem:0.00M, Peak:0.00M | Scene, ViewLayer | Synchronizing object | geometry_0_cylinder.083
Fra:1 Mem:26.12M (Peak 26.12M) | Time:00:00.01 | Mem:0.00M, Peak:0.00M | Scene, ViewLayer | Synchronizing object | geometry_0_cylinder.096
Fra:1 Mem:26.15M (Peak 26.15M) | Time:00:00.01 | Mem:0.00M, Peak:0.00M | Scene, ViewLayer | Synchronizing object | geometry_0_cylinder.085
Fra:1 Mem:26.16M (Peak 26.16M) | Time:00:00.01 | Mem:0.00M, Peak:0.00M | Scene, ViewLayer | Synchronizing object | geometry_0_cylinder.095
Fra:1 Mem:26.19M (Peak 26.19M) | Time:00:00.01 | Mem:0.00M, Peak:0.00M | Scene, ViewLayer | Synchronizing object | geometry_0_cylinder.087
Fra:1 Mem:26.19M (Peak 26.19M) | Time:00:00.01 | Mem:0.00M, Peak:0.00M | Scene, ViewLayer | Synchronizing object | geometry_0_cylinder.094
Fra:1 Mem:26.23M (Peak 26.23M) | Time:00:00.01 | Mem:0.00M, Peak:0.00M | Scene, ViewLayer | Synchronizing object | geometry_0_cylinder.089
Fra:1 Mem:26.23M (Peak 26.23M) | Time:00:00.01 | Mem:0.00M, Peak:0.00M | Scene, ViewLayer | Synchronizing object | geometry_0_cylinder.093
Fra:1 Mem:26.26M (Peak 26.26M) | Time:00:00.01 | Mem:0.00M, Peak:0.00M | Scene, ViewLayer | Synchronizing object | geometry_0_cylinder.091
Fra:1 Mem:26.27M (Peak 26.27M) | Time:00:00.01 | Mem:0.00M, Peak:0.00M | Scene, ViewLayer | Synchronizing object | geometry_0_cylinder.092
Fra:1 Mem:26.29M (Peak 26.29M) | Time:00:00.01 | Mem:0.00M, Peak:0.00M | Scene, ViewLayer | Initializing
Fra:1 Mem:21.10M (Peak 26.29M) | Time:00:00.01 | Mem:0.00M, Peak:0.00M | Scene, ViewLayer | Waiting for render to start
Fra:1 Mem:21.10M (Peak 26.29M) | Time:00:00.01 | Mem:0.00M, Peak:0.00M | Scene, ViewLayer | Loading render kernels (may take a few minutes the first time)
Fra:1 Mem:21.10M (Peak 26.29M) | Time:00:00.01 | Mem:0.00M, Peak:0.00M | Scene, ViewLayer | Updating Scene
Fra:1 Mem:21.10M (Peak 26.29M) | Time:00:00.01 | Mem:0.00M, Peak:0.00M | Scene, ViewLayer | Updating Shaders
Fra:1 Mem:21.19M (Peak 26.29M) | Time:00:00.01 | Mem:0.00M, Peak:0.00M | Scene, ViewLayer | Updating Procedurals
Fra:1 Mem:21.19M (Peak 26.29M) | Time:00:00.01 | Mem:0.00M, Peak:0.00M | Scene, ViewLayer | Updating Background
Fra:1 Mem:21.19M (Peak 26.29M) | Time:00:00.01 | Mem:0.00M, Peak:0.00M | Scene, ViewLayer | Updating Camera
Fra:1 Mem:21.19M (Peak 26.29M) | Time:00:00.01 | Mem:0.00M, Peak:0.00M | Scene, ViewLayer | Updating Meshes Flags
Fra:1 Mem:21.19M (Peak 26.29M) | Time:00:00.01 | Mem:0.00M, Peak:0.00M | Scene, ViewLayer | Updating Objects
Fra:1 Mem:21.19M (Peak 26.29M) | Time:00:00.01 | Mem:0.00M, Peak:0.00M | Scene, ViewLayer | Updating Objects | Copying Transformations to device
Fra:1 Mem:21.21M (Peak 26.29M) | Time:00:00.01 | Mem:0.03M, Peak:0.03M | Scene, ViewLayer | Updating Objects | Applying Static Transformations
Fra:1 Mem:21.21M (Peak 26.29M) | Time:00:00.01 | Mem:0.03M, Peak:0.03M | Scene, ViewLayer | Updating Particle Systems
Fra:1 Mem:21.21M (Peak 26.29M) | Time:00:00.01 | Mem:0.03M, Peak:0.03M | Scene, ViewLayer | Updating Particle Systems | Copying Particles to device
Fra:1 Mem:21.21M (Peak 26.29M) | Time:00:00.01 | Mem:0.03M, Peak:0.03M | Scene, ViewLayer | Updating Meshes
Fra:1 Mem:21.45M (Peak 26.29M) | Time:00:00.05 | Mem:0.03M, Peak:0.03M | Scene, ViewLayer | Updating Mesh | Computing attributes
Fra:1 Mem:21.76M (Peak 26.29M) | Time:00:00.05 | Mem:0.03M, Peak:0.03M | Scene, ViewLayer | Updating Mesh | Copying Attributes to device
Fra:1 Mem:21.75M (Peak 26.29M) | Time:00:00.05 | Mem:0.32M, Peak:0.32M | Scene, ViewLayer | Updating Scene BVH | Building
Fra:1 Mem:21.75M (Peak 26.29M) | Time:00:00.05 | Mem:0.32M, Peak:0.32M | Scene, ViewLayer | Updating Scene BVH | Building BVH
Fra:1 Mem:21.75M (Peak 26.29M) | Time:00:00.05 | Mem:0.81M, Peak:0.81M | Scene, ViewLayer | Updating Scene BVH | Building BVH 0%
Fra:1 Mem:21.75M (Peak 26.29M) | Time:00:00.05 | Mem:1.34M, Peak:1.82M | Scene, ViewLayer | Updating Scene BVH | Copying BVH to device
Fra:1 Mem:21.75M (Peak 26.29M) | Time:00:00.05 | Mem:1.34M, Peak:1.82M | Scene, ViewLayer | Updating Mesh | Computing normals
Fra:1 Mem:22.82M (Peak 26.29M) | Time:00:00.05 | Mem:1.34M, Peak:1.82M | Scene, ViewLayer | Updating Mesh | Copying Mesh to device
Fra:1 Mem:22.82M (Peak 26.29M) | Time:00:00.05 | Mem:2.41M, Peak:2.41M | Scene, ViewLayer | Updating Objects Flags
Fra:1 Mem:22.82M (Peak 26.29M) | Time:00:00.05 | Mem:2.41M, Peak:2.41M | Scene, ViewLayer | Updating Primitive Offsets
Fra:1 Mem:22.82M (Peak 26.29M) | Time:00:00.05 | Mem:2.41M, Peak:2.41M | Scene, ViewLayer | Updating Images
Fra:1 Mem:22.82M (Peak 26.29M) | Time:00:00.05 | Mem:2.41M, Peak:2.41M | Scene, ViewLayer | Updating Camera Volume
Fra:1 Mem:22.82M (Peak 26.29M) | Time:00:00.05 | Mem:2.41M, Peak:2.41M | Scene, ViewLayer | Updating Lookup Tables
Fra:1 Mem:22.82M (Peak 26.29M) | Time:00:00.05 | Mem:2.49M, Peak:2.49M | Scene, ViewLayer | Updating Lights
Fra:1 Mem:22.82M (Peak 26.29M) | Time:00:00.05 | Mem:2.49M, Peak:2.49M | Scene, ViewLayer | Updating Lights | Computing distribution
Fra:1 Mem:22.82M (Peak 26.29M) | Time:00:00.05 | Mem:2.49M, Peak:2.49M | Scene, ViewLayer | Updating Lights | Computing tree
Fra:1 Mem:22.82M (Peak 26.29M) | Time:00:00.05 | Mem:2.49M, Peak:2.49M | Scene, ViewLayer | Updating Integrator
Fra:1 Mem:23.82M (Peak 26.29M) | Time:00:00.05 | Mem:3.49M, Peak:3.49M | Scene, ViewLayer | Updating Film
Fra:1 Mem:23.82M (Peak 26.29M) | Time:00:00.05 | Mem:3.41M, Peak:3.49M | Scene, ViewLayer | Updating Lookup Tables
Fra:1 Mem:23.82M (Peak 26.29M) | Time:00:00.05 | Mem:3.49M, Peak:3.49M | Scene, ViewLayer | Updating Baking
Fra:1 Mem:23.82M (Peak 26.29M) | Time:00:00.05 | Mem:3.49M, Peak:3.49M | Scene, ViewLayer | Updating Device | Writing constant memory
Fra:1 Mem:23.82M (Peak 26.29M) | Time:00:00.05 | Mem:3.49M, Peak:3.49M | Scene, ViewLayer | Sample 0/32
Fra:1 Mem:42.84M (Peak 42.84M) | Time:00:00.07 | Remaining:00:00.60 | Mem:22.49M, Peak:22.49M | Scene, ViewLayer | Sample 1/32
Fra:1 Mem:50.84M (Peak 62.84M) | Time:00:02.58 | Mem:22.49M, Peak:22.49M | Scene, ViewLayer | Sample 32/32
Fra:1 Mem:50.84M (Peak 62.84M) | Time:00:02.58 | Mem:22.49M, Peak:22.49M | Scene, ViewLayer | Finished
Fra:1 Mem:27.70M (Peak 62.84M) | Time:00:02.59 | Compositing
Fra:1 Mem:27.70M (Peak 62.84M) | Time:00:02.59 | Compositing | Determining resolution
Fra:1 Mem:27.70M (Peak 62.84M) | Time:00:02.59 | Compositing | Initializing execution
Fra:1 Mem:27.70M (Peak 62.84M) | Time:00:02.59 | Compositing | De-initializing execution
Saved: '/vepfs_default/chanxueyan/lhp/lms/aDSL/temp/geometry_expression_20260929/A/SF21/views/render_0001.png'
Time: 00:02.67 (Saving: 00:00.08)

Fra:2 Mem:24.87M (Peak 62.84M) | Time:00:00.00 | Mem:0.00M, Peak:0.00M | Scene, ViewLayer | Synchronizing object | geometry_0_cylinder.016
Fra:2 Mem:24.88M (Peak 62.84M) | Time:00:00.00 | Mem:0.00M, Peak:0.00M | Scene, ViewLayer | Synchronizing object | geometry_0_cylinder.043
Fra:2 Mem:24.89M (Peak 62.84M) | Time:00:00.00 | Mem:0.00M, Peak:0.00M | Scene, ViewLayer | Synchronizing object | geometry_0_cylinder.026
Fra:2 Mem:24.91M (Peak 62.84M) | Time:00:00.01 | Mem:0.00M, Peak:0.00M | Scene, ViewLayer | Synchronizing object | geometry_0_cylinder.027
Fra:2 Mem:24.92M (Peak 62.84M) | Time:00:00.01 | Mem:0.00M, Peak:0.00M | Scene, ViewLayer | Synchronizing object | geometry_0_cylinder.028
Fra:2 Mem:24.93M (Peak 62.84M) | Time:00:00.01 | Mem:0.00M, Peak:0.00M | Scene, ViewLayer | Synchronizing object | geometry_0_cylinder.017
Fra:2 Mem:24.94M (Peak 62.84M) | Time:00:00.01 | Mem:0.00M, Peak:0.00M | Scene, ViewLayer | Synchronizing object | geometry_0_cylinder.018
Fra:2 Mem:24.94M (Peak 62.84M) | Time:00:00.01 | Mem:0.00M, Peak:0.00M | Scene, ViewLayer | Synchronizing object | geometry_0_cylinder.019
Fra:2 Mem:24.97M (Peak 62.84M) | Time:00:00.01 | Mem:0.00M, Peak:0.00M | Scene, ViewLayer | Synchronizing object | geometry_0_cylinder.020
Fra:2 Mem:24.98M (Peak 62.84M) | Time:00:00.01 | Mem:0.00M, Peak:0.00M | Scene, ViewLayer | Synchronizing object | geometry_0_cylinder.021
Fra:2 Mem:24.98M (Peak 62.84M) | Time:00:00.01 | Mem:0.00M, Peak:0.00M | Scene, ViewLayer | Synchronizing object | geometry_0_cylinder.022
Fra:2 Mem:25.00M (Peak 62.84M) | Time:00:00.01 | Mem:0.00M, Peak:0.00M | Scene, ViewLayer | Synchronizing object | geometry_0_cylinder.023
Fra:2 Mem:25.01M (Peak 62.84M) | Time:00:00.01 | Mem:0.00M, Peak:0.00M | Scene, ViewLayer | Synchronizing object | geometry_0_cylinder.024
Fra:2 Mem:25.02M (Peak 62.84M) | Time:00:00.01 | Mem:0.00M, Peak:0.00M | Scene, ViewLayer | Synchronizing object | geometry_0_cylinder.025
Fra:2 Mem:25.03M (Peak 62.84M) | Time:00:00.01 | Mem:0.00M, Peak:0.00M | Scene, ViewLayer | Synchronizing object | geometry_0_cylinder.038
Fra:2 Mem:25.04M (Peak 62.84M) | Time:00:00.01 | Mem:0.00M, Peak:0.00M | Scene, ViewLayer | Synchronizing object | geometry_0_cylinder.039
Fra:2 Mem:25.05M (Peak 62.84M) | Time:00:00.01 | Mem:0.00M, Peak:0.00M | Scene, ViewLayer | Synchronizing object | geometry_0_cylinder.040
Fra:2 Mem:25.06M (Peak 62.84M) | Time:00:00.01 | Mem:0.00M, Peak:0.00M | Scene, ViewLayer | Synchronizing object | geometry_0_cylinder.029
Fra:2 Mem:25.08M (Peak 62.84M) | Time:00:00.01 | Mem:0.00M, Peak:0.00M | Scene, ViewLayer | Synchronizing object | geometry_0_cylinder.030
Fra:2 Mem:25.09M (Peak 62.84M) | Time:00:00.01 | Mem:0.00M, Peak:0.00M | Scene, ViewLayer | Synchronizing object | geometry_0_cylinder.031
Fra:2 Mem:25.10M (Peak 62.84M) | Time:00:00.01 | Mem:0.00M, Peak:0.00M | Scene, ViewLayer | Synchronizing object | geometry_0_cylinder.032
Fra:2 Mem:25.10M (Peak 62.84M) | Time:00:00.01 | Mem:0.00M, Peak:0.00M | Scene, ViewLayer | Synchronizing object | geometry_0_cylinder.033
Fra:2 Mem:25.12M (Peak 62.84M) | Time:00:00.01 | Mem:0.00M, Peak:0.00M | Scene, ViewLayer | Synchronizing object | geometry_0_cylinder.034
Fra:2 Mem:25.13M (Peak 62.84M) | Time:00:00.01 | Mem:0.00M, Peak:0.00M | Scene, ViewLayer | Synchronizing object | geometry_0_cylinder.035
Fra:2 Mem:25.14M (Peak 62.84M) | Time:00:00.01 | Mem:0.00M, Peak:0.00M | Scene, ViewLayer | Synchronizing object | geometry_0_cylinder.036
Fra:2 Mem:25.16M (Peak 62.84M) | Time:00:00.01 | Mem:0.00M, Peak:0.00M | Scene, ViewLayer | Synchronizing object | geometry_0_cylinder.037
Fra:2 Mem:25.17M (Peak 62.84M) | Time:00:00.01 | Mem:0.00M, Peak:0.00M | Scene, ViewLayer | Synchronizing object | geometry_0_cylinder.041
Fra:2 Mem:25.18M (Peak 62.84M) | Time:00:00.01 | Mem:0.00M, Peak:0.00M | Scene, ViewLayer | Synchronizing object | geometry_0_cylinder.042
Fra:2 Mem:25.19M (Peak 62.84M) | Time:00:00.01 | Mem:0.00M, Peak:0.00M | Scene, ViewLayer | Synchronizing object | geometry_0_cylinder.044
Fra:2 Mem:25.20M (Peak 62.84M) | Time:00:00.01 | Mem:0.00M, Peak:0.00M | Scene, ViewLayer | Synchronizing object | geometry_0_cylinder.058
Fra:2 Mem:25.21M (Peak 62.84M) | Time:00:00.01 | Mem:0.00M, Peak:0.00M | Scene, ViewLayer | Synchronizing object | geometry_0_cylinder.046
Fra:2 Mem:25.23M (Peak 62.84M) | Time:00:00.01 | Mem:0.00M, Peak:0.00M | Scene, ViewLayer | Synchronizing object | geometry_0_cylinder.055
Fra:2 Mem:25.28M (Peak 62.84M) | Time:00:00.01 | Mem:0.00M, Peak:0.00M | Scene, ViewLayer | Synchronizing object | geometry_0_cylinder.056
Fra:2 Mem:25.38M (Peak 62.84M) | Time:00:00.01 | Mem:0.00M, Peak:0.00M | Scene, ViewLayer | Synchronizing object | geometry_0_cylinder.057
Fra:2 Mem:25.43M (Peak 62.84M) | Time:00:00.01 | Mem:0.00M, Peak:0.00M | Scene, ViewLayer | Synchronizing object | geometry_0_cylinder.047
Fra:2 Mem:25.43M (Peak 62.84M) | Time:00:00.01 | Mem:0.00M, Peak:0.00M | Scene, ViewLayer | Synchronizing object | geometry_0_cylinder
Fra:2 Mem:25.43M (Peak 62.84M) | Time:00:00.01 | Mem:0.00M, Peak:0.00M | Scene, ViewLayer | Synchronizing object | geometry_0_cylinder.049
Fra:2 Mem:25.44M (Peak 62.84M) | Time:00:00.01 | Mem:0.00M, Peak:0.00M | Scene, ViewLayer | Synchronizing object | geometry_0_cylinder.015
Fra:2 Mem:25.48M (Peak 62.84M) | Time:00:00.01 | Mem:0.00M, Peak:0.00M | Scene, ViewLayer | Synchronizing object | geometry_0_cylinder.014
Fra:2 Mem:25.50M (Peak 62.84M) | Time:00:00.01 | Mem:0.00M, Peak:0.00M | Scene, ViewLayer | Synchronizing object | geometry_0_cylinder.050
Fra:2 Mem:25.51M (Peak 62.84M) | Time:00:00.01 | Mem:0.00M, Peak:0.00M | Scene, ViewLayer | Synchronizing object | geometry_0_cylinder.051
Fra:2 Mem:25.53M (Peak 62.84M) | Time:00:00.01 | Mem:0.00M, Peak:0.00M | Scene, ViewLayer | Synchronizing object | geometry_0_cylinder.052
Fra:2 Mem:25.59M (Peak 62.84M) | Time:00:00.01 | Mem:0.00M, Peak:0.00M | Scene, ViewLayer | Synchronizing object | geometry_0_cylinder.009
Fra:2 Mem:25.59M (Peak 62.84M) | Time:00:00.01 | Mem:0.00M, Peak:0.00M | Scene, ViewLayer | Synchronizing object | geometry_0_cylinder.054
Fra:2 Mem:25.61M (Peak 62.84M) | Time:00:00.01 | Mem:0.00M, Peak:0.00M | Scene, ViewLayer | Synchronizing object | geometry_0_cylinder.012
Fra:2 Mem:25.62M (Peak 62.84M) | Time:00:00.01 | Mem:0.00M, Peak:0.00M | Scene, ViewLayer | Synchronizing object | geometry_0_cylinder.060
Fra:2 Mem:25.66M (Peak 62.84M) | Time:00:00.01 | Mem:0.00M, Peak:0.00M | Scene, ViewLayer | Synchronizing object | geometry_0_cylinder.011
Fra:2 Mem:25.66M (Peak 62.84M) | Time:00:00.01 | Mem:0.00M, Peak:0.00M | Scene, ViewLayer | Synchronizing object | geometry_0_cylinder.062
Fra:2 Mem:25.67M (Peak 62.84M) | Time:00:00.01 | Mem:0.00M, Peak:0.00M | Scene, ViewLayer | Synchronizing object | geometry_0_cylinder.010
Fra:2 Mem:25.70M (Peak 62.84M) | Time:00:00.01 | Mem:0.00M, Peak:0.00M | Scene, ViewLayer | Synchronizing object | geometry_0_cylinder.063
Fra:2 Mem:25.71M (Peak 62.84M) | Time:00:00.01 | Mem:0.00M, Peak:0.00M | Scene, ViewLayer | Synchronizing object | geometry_0_cylinder.064
Fra:2 Mem:25.72M (Peak 62.84M) | Time:00:00.01 | Mem:0.00M, Peak:0.00M | Scene, ViewLayer | Synchronizing object | geometry_0_cylinder.065
Fra:2 Mem:25.73M (Peak 62.84M) | Time:00:00.01 | Mem:0.00M, Peak:0.00M | Scene, ViewLayer | Synchronizing object | geometry_0_cylinder.008
Fra:2 Mem:25.74M (Peak 62.84M) | Time:00:00.01 | Mem:0.00M, Peak:0.00M | Scene, ViewLayer | Synchronizing object | geometry_0_cylinder.066
Fra:2 Mem:25.76M (Peak 62.84M) | Time:00:00.01 | Mem:0.00M, Peak:0.00M | Scene, ViewLayer | Synchronizing object | geometry_0_cylinder.007
Fra:2 Mem:25.77M (Peak 62.84M) | Time:00:00.01 | Mem:0.00M, Peak:0.00M | Scene, ViewLayer | Synchronizing object | geometry_0_cylinder.068
Fra:2 Mem:25.77M (Peak 62.84M) | Time:00:00.01 | Mem:0.00M, Peak:0.00M | Scene, ViewLayer | Synchronizing object | geometry_0_cylinder.006
Fra:2 Mem:25.80M (Peak 62.84M) | Time:00:00.01 | Mem:0.00M, Peak:0.00M | Scene, ViewLayer | Synchronizing object | geometry_0_cylinder.069
Fra:2 Mem:25.81M (Peak 62.84M) | Time:00:00.01 | Mem:0.00M, Peak:0.00M | Scene, ViewLayer | Synchronizing object | geometry_0_cylinder.070
Fra:2 Mem:25.84M (Peak 62.84M) | Time:00:00.01 | Mem:0.00M, Peak:0.00M | Scene, ViewLayer | Synchronizing object | geometry_0_cylinder.071
Fra:2 Mem:25.85M (Peak 62.84M) | Time:00:00.01 | Mem:0.00M, Peak:0.00M | Scene, ViewLayer | Synchronizing object | geometry_0_cylinder.004
Fra:2 Mem:25.85M (Peak 62.84M) | Time:00:00.01 | Mem:0.00M, Peak:0.00M | Scene, ViewLayer | Synchronizing object | geometry_0_cylinder.073
Fra:2 Mem:25.87M (Peak 62.84M) | Time:00:00.01 | Mem:0.00M, Peak:0.00M | Scene, ViewLayer | Synchronizing object | geometry_0_cylinder.074
Fra:2 Mem:25.89M (Peak 62.84M) | Time:00:00.01 | Mem:0.00M, Peak:0.00M | Scene, ViewLayer | Synchronizing object | geometry_0_cylinder.075
Fra:2 Mem:25.90M (Peak 62.84M) | Time:00:00.01 | Mem:0.00M, Peak:0.00M | Scene, ViewLayer | Synchronizing object | geometry_0_cylinder.003
Fra:2 Mem:25.91M (Peak 62.84M) | Time:00:00.01 | Mem:0.00M, Peak:0.00M | Scene, ViewLayer | Synchronizing object | geometry_0_cylinder.077
Fra:2 Mem:25.92M (Peak 62.84M) | Time:00:00.01 | Mem:0.00M, Peak:0.00M | Scene, ViewLayer | Synchronizing object | geometry_0_cylinder.002
Fra:2 Mem:25.94M (Peak 62.84M) | Time:00:00.01 | Mem:0.00M, Peak:0.00M | Scene, ViewLayer | Synchronizing object | geometry_0_cylinder.078
Fra:2 Mem:25.95M (Peak 62.84M) | Time:00:00.01 | Mem:0.00M, Peak:0.00M | Scene, ViewLayer | Synchronizing object | geometry_0_cylinder.045
Fra:2 Mem:25.97M (Peak 62.84M) | Time:00:00.01 | Mem:0.00M, Peak:0.00M | Scene, ViewLayer | Synchronizing object | geometry_0_cylinder.079
Fra:2 Mem:25.98M (Peak 62.84M) | Time:00:00.01 | Mem:0.00M, Peak:0.00M | Scene, ViewLayer | Synchronizing object | geometry_0_cylinder.059
Fra:2 Mem:25.98M (Peak 62.84M) | Time:00:00.01 | Mem:0.00M, Peak:0.00M | Scene, ViewLayer | Synchronizing object | geometry_0_cylinder.081
Fra:2 Mem:26.00M (Peak 62.84M) | Time:00:00.01 | Mem:0.00M, Peak:0.00M | Scene, ViewLayer | Synchronizing object | geometry_0_cylinder.082
Fra:2 Mem:26.02M (Peak 62.84M) | Time:00:00.01 | Mem:0.00M, Peak:0.00M | Scene, ViewLayer | Synchronizing object | geometry_0_cylinder.107
Fra:2 Mem:26.03M (Peak 62.84M) | Time:00:00.01 | Mem:0.00M, Peak:0.00M | Scene, ViewLayer | Synchronizing object | geometry_0_cylinder.084
Fra:2 Mem:26.03M (Peak 62.84M) | Time:00:00.01 | Mem:0.00M, Peak:0.00M | Scene, ViewLayer | Synchronizing object | geometry_0_cylinder.106
Fra:2 Mem:26.06M (Peak 62.84M) | Time:00:00.01 | Mem:0.00M, Peak:0.00M | Scene, ViewLayer | Synchronizing object | geometry_0_cylinder.085
Fra:2 Mem:26.08M (Peak 62.84M) | Time:00:00.01 | Mem:0.00M, Peak:0.00M | Scene, ViewLayer | Synchronizing object | geometry_0_cylinder.105
Fra:2 Mem:26.08M (Peak 62.84M) | Time:00:00.01 | Mem:0.00M, Peak:0.00M | Scene, ViewLayer | Synchronizing object | geometry_0_cylinder.086
Fra:2 Mem:26.10M (Peak 62.84M) | Time:00:00.01 | Mem:0.00M, Peak:0.00M | Scene, ViewLayer | Synchronizing object | geometry_0_cylinder.104
Fra:2 Mem:26.11M (Peak 62.84M) | Time:00:00.01 | Mem:0.00M, Peak:0.00M | Scene, ViewLayer | Synchronizing object | geometry_0_cylinder.088
Fra:2 Mem:26.12M (Peak 62.84M) | Time:00:00.01 | Mem:0.00M, Peak:0.00M | Scene, ViewLayer | Synchronizing object | geometry_0_cylinder.089
Fra:2 Mem:26.13M (Peak 62.84M) | Time:00:00.01 | Mem:0.00M, Peak:0.00M | Scene, ViewLayer | Synchronizing object | geometry_0_cylinder.103
Fra:2 Mem:26.14M (Peak 62.84M) | Time:00:00.01 | Mem:0.00M, Peak:0.00M | Scene, ViewLayer | Synchronizing object | geometry_0_cylinder.090
Fra:2 Mem:26.16M (Peak 62.84M) | Time:00:00.01 | Mem:0.00M, Peak:0.00M | Scene, ViewLayer | Synchronizing object | geometry_0_cylinder.102
Fra:2 Mem:26.17M (Peak 62.84M) | Time:00:00.01 | Mem:0.00M, Peak:0.00M | Scene, ViewLayer | Synchronizing object | geometry_0_cylinder.092
Fra:2 Mem:26.19M (Peak 62.84M) | Time:00:00.01 | Mem:0.00M, Peak:0.00M | Scene, ViewLayer | Synchronizing object | geometry_0_cylinder.101
Fra:2 Mem:26.20M (Peak 62.84M) | Time:00:00.01 | Mem:0.00M, Peak:0.00M | Scene, ViewLayer | Synchronizing object | geometry_0_cylinder.094
Fra:2 Mem:26.21M (Peak 62.84M) | Time:00:00.01 | Mem:0.00M, Peak:0.00M | Scene, ViewLayer | Synchronizing object | geometry_0_cylinder.100
Fra:2 Mem:26.24M (Peak 62.84M) | Time:00:00.01 | Mem:0.00M, Peak:0.00M | Scene, ViewLayer | Synchronizing object | geometry_0_cylinder.095
Fra:2 Mem:26.24M (Peak 62.84M) | Time:00:00.01 | Mem:0.00M, Peak:0.00M | Scene, ViewLayer | Synchronizing object | geometry_0_cylinder.096
Fra:2 Mem:26.25M (Peak 62.84M) | Time:00:00.01 | Mem:0.00M, Peak:0.00M | Scene, ViewLayer | Synchronizing object | geometry_0_cylinder.097
Fra:2 Mem:26.27M (Peak 62.84M) | Time:00:00.01 | Mem:0.00M, Peak:0.00M | Scene, ViewLayer | Synchronizing object | geometry_0_cylinder.098
Fra:2 Mem:26.29M (Peak 62.84M) | Time:00:00.01 | Mem:0.00M, Peak:0.00M | Scene, ViewLayer | Initializing
Fra:2 Mem:21.10M (Peak 62.84M) | Time:00:00.01 | Mem:0.00M, Peak:0.00M | Scene, ViewLayer | Waiting for render to start
Fra:2 Mem:21.11M (Peak 62.84M) | Time:00:00.01 | Mem:0.00M, Peak:0.00M | Scene, ViewLayer | Loading render kernels (may take a few minutes the first time)
Fra:2 Mem:21.11M (Peak 62.84M) | Time:00:00.01 | Mem:0.00M, Peak:0.00M | Scene, ViewLayer | Updating Scene
Fra:2 Mem:21.11M (Peak 62.84M) | Time:00:00.01 | Mem:0.00M, Peak:0.00M | Scene, ViewLayer | Updating Shaders
Fra:2 Mem:21.19M (Peak 62.84M) | Time:00:00.01 | Mem:0.00M, Peak:0.00M | Scene, ViewLayer | Updating Procedurals
Fra:2 Mem:21.19M (Peak 62.84M) | Time:00:00.01 | Mem:0.00M, Peak:0.00M | Scene, ViewLayer | Updating Background
Fra:2 Mem:21.19M (Peak 62.84M) | Time:00:00.01 | Mem:0.00M, Peak:0.00M | Scene, ViewLayer | Updating Camera
Fra:2 Mem:21.19M (Peak 62.84M) | Time:00:00.01 | Mem:0.00M, Peak:0.00M | Scene, ViewLayer | Updating Meshes Flags
Fra:2 Mem:21.19M (Peak 62.84M) | Time:00:00.01 | Mem:0.00M, Peak:0.00M | Scene, ViewLayer | Updating Objects
Fra:2 Mem:21.19M (Peak 62.84M) | Time:00:00.01 | Mem:0.00M, Peak:0.00M | Scene, ViewLayer | Updating Objects | Copying Transformations to device
Fra:2 Mem:21.21M (Peak 62.84M) | Time:00:00.01 | Mem:0.03M, Peak:0.03M | Scene, ViewLayer | Updating Objects | Applying Static Transformations
Fra:2 Mem:21.21M (Peak 62.84M) | Time:00:00.01 | Mem:0.03M, Peak:0.03M | Scene, ViewLayer | Updating Particle Systems
Fra:2 Mem:21.21M (Peak 62.84M) | Time:00:00.01 | Mem:0.03M, Peak:0.03M | Scene, ViewLayer | Updating Particle Systems | Copying Particles to device
Fra:2 Mem:21.21M (Peak 62.84M) | Time:00:00.01 | Mem:0.03M, Peak:0.03M | Scene, ViewLayer | Updating Meshes
Fra:2 Mem:21.46M (Peak 62.84M) | Time:00:00.01 | Mem:0.03M, Peak:0.03M | Scene, ViewLayer | Updating Mesh | Computing attributes
Fra:2 Mem:21.77M (Peak 62.84M) | Time:00:00.01 | Mem:0.03M, Peak:0.03M | Scene, ViewLayer | Updating Mesh | Copying Attributes to device
Fra:2 Mem:21.75M (Peak 62.84M) | Time:00:00.01 | Mem:0.32M, Peak:0.32M | Scene, ViewLayer | Updating Scene BVH | Building
Fra:2 Mem:21.75M (Peak 62.84M) | Time:00:00.01 | Mem:0.32M, Peak:0.32M | Scene, ViewLayer | Updating Scene BVH | Building BVH
Fra:2 Mem:21.75M (Peak 62.84M) | Time:00:00.01 | Mem:0.81M, Peak:0.81M | Scene, ViewLayer | Updating Scene BVH | Building BVH 0%
Fra:2 Mem:21.75M (Peak 62.84M) | Time:00:00.01 | Mem:1.34M, Peak:1.82M | Scene, ViewLayer | Updating Scene BVH | Copying BVH to device
Fra:2 Mem:21.75M (Peak 62.84M) | Time:00:00.01 | Mem:1.34M, Peak:1.82M | Scene, ViewLayer | Updating Mesh | Computing normals
Fra:2 Mem:22.82M (Peak 62.84M) | Time:00:00.01 | Mem:1.34M, Peak:1.82M | Scene, ViewLayer | Updating Mesh | Copying Mesh to device
Fra:2 Mem:22.82M (Peak 62.84M) | Time:00:00.01 | Mem:2.41M, Peak:2.41M | Scene, ViewLayer | Updating Objects Flags
Fra:2 Mem:22.82M (Peak 62.84M) | Time:00:00.01 | Mem:2.41M, Peak:2.41M | Scene, ViewLayer | Updating Primitive Offsets
Fra:2 Mem:22.82M (Peak 62.84M) | Time:00:00.01 | Mem:2.41M, Peak:2.41M | Scene, ViewLayer | Updating Images
Fra:2 Mem:22.82M (Peak 62.84M) | Time:00:00.01 | Mem:2.41M, Peak:2.41M | Scene, ViewLayer | Updating Camera Volume
Fra:2 Mem:22.82M (Peak 62.84M) | Time:00:00.01 | Mem:2.41M, Peak:2.41M | Scene, ViewLayer | Updating Lookup Tables
Fra:2 Mem:22.82M (Peak 62.84M) | Time:00:00.01 | Mem:2.49M, Peak:2.49M | Scene, ViewLayer | Updating Lights
Fra:2 Mem:22.82M (Peak 62.84M) | Time:00:00.01 | Mem:2.49M, Peak:2.49M | Scene, ViewLayer | Updating Lights | Computing distribution
Fra:2 Mem:22.82M (Peak 62.84M) | Time:00:00.01 | Mem:2.49M, Peak:2.49M | Scene, ViewLayer | Updating Lights | Computing tree
Fra:2 Mem:22.82M (Peak 62.84M) | Time:00:00.01 | Mem:2.49M, Peak:2.49M | Scene, ViewLayer | Updating Integrator
Fra:2 Mem:23.82M (Peak 62.84M) | Time:00:00.01 | Mem:3.49M, Peak:3.49M | Scene, ViewLayer | Updating Film
Fra:2 Mem:23.82M (Peak 62.84M) | Time:00:00.01 | Mem:3.41M, Peak:3.49M | Scene, ViewLayer | Updating Lookup Tables
Fra:2 Mem:23.82M (Peak 62.84M) | Time:00:00.01 | Mem:3.49M, Peak:3.49M | Scene, ViewLayer | Updating Baking
Fra:2 Mem:23.82M (Peak 62.84M) | Time:00:00.01 | Mem:3.49M, Peak:3.49M | Scene, ViewLayer | Updating Device | Writing constant memory
Fra:2 Mem:23.83M (Peak 62.84M) | Time:00:00.01 | Mem:3.49M, Peak:3.49M | Scene, ViewLayer | Sample 0/32
Fra:2 Mem:42.84M (Peak 62.84M) | Time:00:00.07 | Remaining:00:01.78 | Mem:22.49M, Peak:22.49M | Scene, ViewLayer | Sample 1/32
Fra:2 Mem:50.84M (Peak 62.85M) | Time:00:02.50 | Mem:22.49M, Peak:22.49M | Scene, ViewLayer | Sample 32/32
Fra:2 Mem:50.84M (Peak 62.85M) | Time:00:02.50 | Mem:22.49M, Peak:22.49M | Scene, ViewLayer | Finished
Fra:2 Mem:27.70M (Peak 62.85M) | Time:00:02.50 | Compositing
Fra:2 Mem:27.70M (Peak 62.85M) | Time:00:02.50 | Compositing | Determining resolution
Fra:2 Mem:27.70M (Peak 62.85M) | Time:00:02.50 | Compositing | Initializing execution
Fra:2 Mem:27.70M (Peak 62.85M) | Time:00:02.50 | Compositing | De-initializing execution
Saved: '/vepfs_default/chanxueyan/lhp/lms/aDSL/temp/geometry_expression_20260929/A/SF21/views/render_0002.png'
Time: 00:02.52 (Saving: 00:00.02)

Fra:3 Mem:24.87M (Peak 62.85M) | Time:00:00.05 | Mem:0.00M, Peak:0.00M | Scene, ViewLayer | Synchronizing object | geometry_0_cylinder.016
Fra:3 Mem:24.87M (Peak 62.85M) | Time:00:00.05 | Mem:0.00M, Peak:0.00M | Scene, ViewLayer | Synchronizing object | geometry_0_cylinder.043
Fra:3 Mem:24.89M (Peak 62.85M) | Time:00:00.05 | Mem:0.00M, Peak:0.00M | Scene, ViewLayer | Synchronizing object | geometry_0_cylinder.026
Fra:3 Mem:24.91M (Peak 62.85M) | Time:00:00.05 | Mem:0.00M, Peak:0.00M | Scene, ViewLayer | Synchronizing object | geometry_0_cylinder.027
Fra:3 Mem:24.92M (Peak 62.85M) | Time:00:00.05 | Mem:0.00M, Peak:0.00M | Scene, ViewLayer | Synchronizing object | geometry_0_cylinder.028
Fra:3 Mem:24.93M (Peak 62.85M) | Time:00:00.05 | Mem:0.00M, Peak:0.00M | Scene, ViewLayer | Synchronizing object | geometry_0_cylinder.017
Fra:3 Mem:24.94M (Peak 62.85M) | Time:00:00.05 | Mem:0.00M, Peak:0.00M | Scene, ViewLayer | Synchronizing object | geometry_0_cylinder.018
Fra:3 Mem:24.95M (Peak 62.85M) | Time:00:00.05 | Mem:0.00M, Peak:0.00M | Scene, ViewLayer | Synchronizing object | geometry_0_cylinder.019
Fra:3 Mem:24.96M (Peak 62.85M) | Time:00:00.05 | Mem:0.00M, Peak:0.00M | Scene, ViewLayer | Synchronizing object | geometry_0_cylinder.020
Fra:3 Mem:24.97M (Peak 62.85M) | Time:00:00.05 | Mem:0.00M, Peak:0.00M | Scene, ViewLayer | Synchronizing object | geometry_0_cylinder.021
Fra:3 Mem:24.98M (Peak 62.85M) | Time:00:00.05 | Mem:0.00M, Peak:0.00M | Scene, ViewLayer | Synchronizing object | geometry_0_cylinder.022
Fra:3 Mem:24.99M (Peak 62.85M) | Time:00:00.05 | Mem:0.00M, Peak:0.00M | Scene, ViewLayer | Synchronizing object | geometry_0_cylinder.023
Fra:3 Mem:25.00M (Peak 62.85M) | Time:00:00.05 | Mem:0.00M, Peak:0.00M | Scene, ViewLayer | Synchronizing object | geometry_0_cylinder.024
Fra:3 Mem:25.02M (Peak 62.85M) | Time:00:00.05 | Mem:0.00M, Peak:0.00M | Scene, ViewLayer | Synchronizing object | geometry_0_cylinder.025
Fra:3 Mem:25.02M (Peak 62.85M) | Time:00:00.05 | Mem:0.00M, Peak:0.00M | Scene, ViewLayer | Synchronizing object | geometry_0_cylinder.038
Fra:3 Mem:25.04M (Peak 62.85M) | Time:00:00.05 | Mem:0.00M, Peak:0.00M | Scene, ViewLayer | Synchronizing object | geometry_0_cylinder.039
Fra:3 Mem:25.05M (Peak 62.85M) | Time:00:00.05 | Mem:0.00M, Peak:0.00M | Scene, ViewLayer | Synchronizing object | geometry_0_cylinder.040
Fra:3 Mem:25.06M (Peak 62.85M) | Time:00:00.05 | Mem:0.00M, Peak:0.00M | Scene, ViewLayer | Synchronizing object | geometry_0_cylinder.029
Fra:3 Mem:25.07M (Peak 62.85M) | Time:00:00.05 | Mem:0.00M, Peak:0.00M | Scene, ViewLayer | Synchronizing object | geometry_0_cylinder.030
Fra:3 Mem:25.08M (Peak 62.85M) | Time:00:00.05 | Mem:0.00M, Peak:0.00M | Scene, ViewLayer | Synchronizing object | geometry_0_cylinder.031
Fra:3 Mem:25.09M (Peak 62.85M) | Time:00:00.05 | Mem:0.00M, Peak:0.00M | Scene, ViewLayer | Synchronizing object | geometry_0_cylinder.032
Fra:3 Mem:25.10M (Peak 62.85M) | Time:00:00.05 | Mem:0.00M, Peak:0.00M | Scene, ViewLayer | Synchronizing object | geometry_0_cylinder.033
Fra:3 Mem:25.11M (Peak 62.85M) | Time:00:00.05 | Mem:0.00M, Peak:0.00M | Scene, ViewLayer | Synchronizing object | geometry_0_cylinder.034
Fra:3 Mem:25.13M (Peak 62.85M) | Time:00:00.05 | Mem:0.00M, Peak:0.00M | Scene, ViewLayer | Synchronizing object | geometry_0_cylinder.035
Fra:3 Mem:25.14M (Peak 62.85M) | Time:00:00.05 | Mem:0.00M, Peak:0.00M | Scene, ViewLayer | Synchronizing object | geometry_0_cylinder.036
Fra:3 Mem:25.15M (Peak 62.85M) | Time:00:00.05 | Mem:0.00M, Peak:0.00M | Scene, ViewLayer | Synchronizing object | geometry_0_cylinder.037
Fra:3 Mem:25.16M (Peak 62.85M) | Time:00:00.05 | Mem:0.00M, Peak:0.00M | Scene, ViewLayer | Synchronizing object | geometry_0_cylinder.041
Fra:3 Mem:25.17M (Peak 62.85M) | Time:00:00.05 | Mem:0.00M, Peak:0.00M | Scene, ViewLayer | Synchronizing object | geometry_0_cylinder.042
Fra:3 Mem:25.18M (Peak 62.85M) | Time:00:00.05 | Mem:0.00M, Peak:0.00M | Scene, ViewLayer | Synchronizing object | geometry_0_cylinder.044
Fra:3 Mem:25.19M (Peak 62.85M) | Time:00:00.05 | Mem:0.00M, Peak:0.00M | Scene, ViewLayer | Synchronizing object | geometry_0_cylinder.058
Fra:3 Mem:25.19M (Peak 62.85M) | Time:00:00.05 | Mem:0.00M, Peak:0.00M | Scene, ViewLayer | Synchronizing object | geometry_0_cylinder.046
Fra:3 Mem:25.22M (Peak 62.85M) | Time:00:00.05 | Mem:0.00M, Peak:0.00M | Scene, ViewLayer | Synchronizing object | geometry_0_cylinder.055
Fra:3 Mem:25.25M (Peak 62.85M) | Time:00:00.05 | Mem:0.00M, Peak:0.00M | Scene, ViewLayer | Synchronizing object | geometry_0_cylinder.056
Fra:3 Mem:25.27M (Peak 62.85M) | Time:00:00.05 | Mem:0.00M, Peak:0.00M | Scene, ViewLayer | Synchronizing object | geometry_0_cylinder.057
Fra:3 Mem:25.29M (Peak 62.85M) | Time:00:00.05 | Mem:0.00M, Peak:0.00M | Scene, ViewLayer | Synchronizing object | geometry_0_cylinder.047
Fra:3 Mem:25.31M (Peak 62.85M) | Time:00:00.05 | Mem:0.00M, Peak:0.00M | Scene, ViewLayer | Synchronizing object | geometry_0_cylinder.048
Fra:3 Mem:25.34M (Peak 62.85M) | Time:00:00.05 | Mem:0.00M, Peak:0.00M | Scene, ViewLayer | Synchronizing object | geometry_0_cylinder.049
Fra:3 Mem:25.35M (Peak 62.85M) | Time:00:00.05 | Mem:0.00M, Peak:0.00M | Scene, ViewLayer | Synchronizing object | geometry_0_cylinder.050
Fra:3 Mem:25.38M (Peak 62.85M) | Time:00:00.05 | Mem:0.00M, Peak:0.00M | Scene, ViewLayer | Synchronizing object | geometry_0_cylinder.051
Fra:3 Mem:25.39M (Peak 62.85M) | Time:00:00.05 | Mem:0.00M, Peak:0.00M | Scene, ViewLayer | Synchronizing object | geometry_0_cylinder.052
Fra:3 Mem:25.43M (Peak 62.85M) | Time:00:00.05 | Mem:0.00M, Peak:0.00M | Scene, ViewLayer | Synchronizing object | geometry_0_cylinder.053
Fra:3 Mem:25.43M (Peak 62.85M) | Time:00:00.05 | Mem:0.00M, Peak:0.00M | Scene, ViewLayer | Synchronizing object | geometry_0_cylinder.054
Fra:3 Mem:25.47M (Peak 62.85M) | Time:00:00.05 | Mem:0.00M, Peak:0.00M | Scene, ViewLayer | Synchronizing object | geometry_0_cylinder.060
Fra:3 Mem:25.48M (Peak 62.85M) | Time:00:00.05 | Mem:0.00M, Peak:0.00M | Scene, ViewLayer | Synchronizing object | geometry_0_cylinder.061
Fra:3 Mem:25.49M (Peak 62.85M) | Time:00:00.05 | Mem:0.00M, Peak:0.00M | Scene, ViewLayer | Synchronizing object | geometry_0_cylinder.062
Fra:3 Mem:25.50M (Peak 62.85M) | Time:00:00.05 | Mem:0.00M, Peak:0.00M | Scene, ViewLayer | Synchronizing object | geometry_0_cylinder.063
Fra:3 Mem:25.51M (Peak 62.85M) | Time:00:00.05 | Mem:0.00M, Peak:0.00M | Scene, ViewLayer | Synchronizing object | geometry_0_cylinder.064
Fra:3 Mem:25.52M (Peak 62.85M) | Time:00:00.05 | Mem:0.00M, Peak:0.00M | Scene, ViewLayer | Synchronizing object | geometry_0_cylinder.065
Fra:3 Mem:25.54M (Peak 62.85M) | Time:00:00.05 | Mem:0.00M, Peak:0.00M | Scene, ViewLayer | Synchronizing object | geometry_0_cylinder.066
Fra:3 Mem:25.54M (Peak 62.85M) | Time:00:00.05 | Mem:0.00M, Peak:0.00M | Scene, ViewLayer | Synchronizing object | geometry_0_cylinder.067
Fra:3 Mem:25.56M (Peak 62.85M) | Time:00:00.05 | Mem:0.00M, Peak:0.00M | Scene, ViewLayer | Synchronizing object | geometry_0_cylinder.068
Fra:3 Mem:25.57M (Peak 62.85M) | Time:00:00.05 | Mem:0.00M, Peak:0.00M | Scene, ViewLayer | Synchronizing object | geometry_0_cylinder.069
Fra:3 Mem:25.58M (Peak 62.85M) | Time:00:00.05 | Mem:0.00M, Peak:0.00M | Scene, ViewLayer | Synchronizing object | geometry_0_cylinder.070
Fra:3 Mem:25.59M (Peak 62.85M) | Time:00:00.05 | Mem:0.00M, Peak:0.00M | Scene, ViewLayer | Synchronizing object | geometry_0_cylinder.071
Fra:3 Mem:25.59M (Peak 62.85M) | Time:00:00.05 | Mem:0.00M, Peak:0.00M | Scene, ViewLayer | Synchronizing object | geometry_0_cylinder.072
Fra:3 Mem:25.61M (Peak 62.85M) | Time:00:00.05 | Mem:0.00M, Peak:0.00M | Scene, ViewLayer | Synchronizing object | geometry_0_cylinder.073
Fra:3 Mem:25.61M (Peak 62.85M) | Time:00:00.05 | Mem:0.00M, Peak:0.00M | Scene, ViewLayer | Synchronizing object | geometry_0_cylinder.074
Fra:3 Mem:25.64M (Peak 62.85M) | Time:00:00.05 | Mem:0.00M, Peak:0.00M | Scene, ViewLayer | Synchronizing object | geometry_0_cylinder.076
Fra:3 Mem:25.73M (Peak 62.85M) | Time:00:00.05 | Mem:0.00M, Peak:0.00M | Scene, ViewLayer | Synchronizing object | geometry_0_cylinder.077
Fra:3 Mem:25.77M (Peak 62.85M) | Time:00:00.05 | Mem:0.00M, Peak:0.00M | Scene, ViewLayer | Synchronizing object | geometry_0_cylinder.078
Fra:3 Mem:25.78M (Peak 62.85M) | Time:00:00.05 | Mem:0.00M, Peak:0.00M | Scene, ViewLayer | Synchronizing object | geometry_0_cylinder.079
Fra:3 Mem:25.83M (Peak 62.85M) | Time:00:00.05 | Mem:0.00M, Peak:0.00M | Scene, ViewLayer | Synchronizing object | geometry_0_cylinder.080
Fra:3 Mem:25.83M (Peak 62.85M) | Time:00:00.05 | Mem:0.00M, Peak:0.00M | Scene, ViewLayer | Synchronizing object | geometry_0_cylinder.081
Fra:3 Mem:25.82M (Peak 62.85M) | Time:00:00.05 | Mem:0.00M, Peak:0.00M | Scene, ViewLayer | Synchronizing object | geometry_0_cylinder
Fra:3 Mem:25.83M (Peak 62.85M) | Time:00:00.05 | Mem:0.00M, Peak:0.00M | Scene, ViewLayer | Synchronizing object | geometry_0_cylinder.083
Fra:3 Mem:25.84M (Peak 62.85M) | Time:00:00.05 | Mem:0.00M, Peak:0.00M | Scene, ViewLayer | Synchronizing object | geometry_0_cylinder.015
Fra:3 Mem:25.84M (Peak 62.85M) | Time:00:00.05 | Mem:0.00M, Peak:0.00M | Scene, ViewLayer | Synchronizing object | geometry_0_cylinder.084
Fra:3 Mem:25.87M (Peak 62.85M) | Time:00:00.05 | Mem:0.00M, Peak:0.00M | Scene, ViewLayer | Synchronizing object | geometry_0_cylinder.085
Fra:3 Mem:25.87M (Peak 62.85M) | Time:00:00.05 | Mem:0.00M, Peak:0.00M | Scene, ViewLayer | Synchronizing object | geometry_0_cylinder.014
Fra:3 Mem:25.88M (Peak 62.85M) | Time:00:00.05 | Mem:0.00M, Peak:0.00M | Scene, ViewLayer | Synchronizing object | geometry_0_cylinder.087
Fra:3 Mem:25.90M (Peak 62.85M) | Time:00:00.05 | Mem:0.00M, Peak:0.00M | Scene, ViewLayer | Synchronizing object | geometry_0_cylinder.013
Fra:3 Mem:25.90M (Peak 62.85M) | Time:00:00.05 | Mem:0.00M, Peak:0.00M | Scene, ViewLayer | Synchronizing object | geometry_0_cylinder.088
Fra:3 Mem:25.92M (Peak 62.85M) | Time:00:00.05 | Mem:0.00M, Peak:0.00M | Scene, ViewLayer | Synchronizing object | geometry_0_cylinder.009
Fra:3 Mem:25.94M (Peak 62.85M) | Time:00:00.05 | Mem:0.00M, Peak:0.00M | Scene, ViewLayer | Synchronizing object | geometry_0_cylinder.089
Fra:3 Mem:25.94M (Peak 62.85M) | Time:00:00.05 | Mem:0.00M, Peak:0.00M | Scene, ViewLayer | Synchronizing object | geometry_0_cylinder.012
Fra:3 Mem:25.95M (Peak 62.85M) | Time:00:00.05 | Mem:0.00M, Peak:0.00M | Scene, ViewLayer | Synchronizing object | geometry_0_cylinder.090
Fra:3 Mem:25.97M (Peak 62.85M) | Time:00:00.05 | Mem:0.00M, Peak:0.00M | Scene, ViewLayer | Synchronizing object | geometry_0_cylinder.091
Fra:3 Mem:25.97M (Peak 62.85M) | Time:00:00.05 | Mem:0.00M, Peak:0.00M | Scene, ViewLayer | Synchronizing object | geometry_0_cylinder.092
Fra:3 Mem:25.98M (Peak 62.85M) | Time:00:00.05 | Mem:0.00M, Peak:0.00M | Scene, ViewLayer | Synchronizing object | geometry_0_cylinder.093
Fra:3 Mem:26.00M (Peak 62.85M) | Time:00:00.05 | Mem:0.00M, Peak:0.00M | Scene, ViewLayer | Synchronizing object | geometry_0_cylinder.094
Fra:3 Mem:26.01M (Peak 62.85M) | Time:00:00.05 | Mem:0.00M, Peak:0.00M | Scene, ViewLayer | Synchronizing object | geometry_0_cylinder.095
Fra:3 Mem:26.02M (Peak 62.85M) | Time:00:00.05 | Mem:0.00M, Peak:0.00M | Scene, ViewLayer | Synchronizing object | geometry_0_cylinder.096
Fra:3 Mem:26.03M (Peak 62.85M) | Time:00:00.05 | Mem:0.00M, Peak:0.00M | Scene, ViewLayer | Synchronizing object | geometry_0_cylinder.097
Fra:3 Mem:26.03M (Peak 62.85M) | Time:00:00.05 | Mem:0.00M, Peak:0.00M | Scene, ViewLayer | Synchronizing object | geometry_0_cylinder.098
Fra:3 Mem:26.05M (Peak 62.85M) | Time:00:00.05 | Mem:0.00M, Peak:0.00M | Scene, ViewLayer | Synchronizing object | geometry_0_cylinder.099
Fra:3 Mem:26.06M (Peak 62.85M) | Time:00:00.05 | Mem:0.00M, Peak:0.00M | Scene, ViewLayer | Synchronizing object | geometry_0_cylinder.100
Fra:3 Mem:26.09M (Peak 62.85M) | Time:00:00.05 | Mem:0.00M, Peak:0.00M | Scene, ViewLayer | Synchronizing object | geometry_0_cylinder.101
Fra:3 Mem:26.10M (Peak 62.85M) | Time:00:00.05 | Mem:0.00M, Peak:0.00M | Scene, ViewLayer | Synchronizing object | geometry_0_cylinder.011
Fra:3 Mem:26.10M (Peak 62.85M) | Time:00:00.05 | Mem:0.00M, Peak:0.00M | Scene, ViewLayer | Synchronizing object | geometry_0_cylinder.103
Fra:3 Mem:26.12M (Peak 62.85M) | Time:00:00.05 | Mem:0.00M, Peak:0.00M | Scene, ViewLayer | Synchronizing object | geometry_0_cylinder.104
Fra:3 Mem:26.14M (Peak 62.85M) | Time:00:00.05 | Mem:0.00M, Peak:0.00M | Scene, ViewLayer | Synchronizing object | geometry_0_cylinder.105
Fra:3 Mem:26.15M (Peak 62.85M) | Time:00:00.05 | Mem:0.00M, Peak:0.00M | Scene, ViewLayer | Synchronizing object | geometry_0_cylinder.106
Fra:3 Mem:26.16M (Peak 62.85M) | Time:00:00.05 | Mem:0.00M, Peak:0.00M | Scene, ViewLayer | Synchronizing object | geometry_0_cylinder.107
Fra:3 Mem:26.17M (Peak 62.85M) | Time:00:00.05 | Mem:0.00M, Peak:0.00M | Scene, ViewLayer | Synchronizing object | geometry_0_cylinder.005
Fra:3 Mem:26.18M (Peak 62.85M) | Time:00:00.05 | Mem:0.00M, Peak:0.00M | Scene, ViewLayer | Synchronizing object | geometry_0_cylinder.059
Fra:3 Mem:26.19M (Peak 62.85M) | Time:00:00.05 | Mem:0.00M, Peak:0.00M | Scene, ViewLayer | Synchronizing object | geometry_0_cylinder.045
Fra:3 Mem:26.20M (Peak 62.85M) | Time:00:00.05 | Mem:0.00M, Peak:0.00M | Scene, ViewLayer | Synchronizing object | geometry_0_cylinder.002
Fra:3 Mem:26.23M (Peak 62.85M) | Time:00:00.05 | Mem:0.00M, Peak:0.00M | Scene, ViewLayer | Synchronizing object | geometry_0_cylinder.004
Fra:3 Mem:26.25M (Peak 62.85M) | Time:00:00.05 | Mem:0.00M, Peak:0.00M | Scene, ViewLayer | Synchronizing object | geometry_0_cylinder.008
Fra:3 Mem:26.26M (Peak 62.85M) | Time:00:00.05 | Mem:0.00M, Peak:0.00M | Scene, ViewLayer | Synchronizing object | geometry_0_cylinder.006
Fra:3 Mem:26.27M (Peak 62.85M) | Time:00:00.05 | Mem:0.00M, Peak:0.00M | Scene, ViewLayer | Synchronizing object | geometry_0_cylinder.007
Fra:3 Mem:26.29M (Peak 62.85M) | Time:00:00.05 | Mem:0.00M, Peak:0.00M | Scene, ViewLayer | Initializing
Fra:3 Mem:21.10M (Peak 62.85M) | Time:00:00.05 | Mem:0.00M, Peak:0.00M | Scene, ViewLayer | Waiting for render to start
Fra:3 Mem:21.11M (Peak 62.85M) | Time:00:00.05 | Mem:0.00M, Peak:0.00M | Scene, ViewLayer | Loading render kernels (may take a few minutes the first time)
Fra:3 Mem:21.11M (Peak 62.85M) | Time:00:00.05 | Mem:0.00M, Peak:0.00M | Scene, ViewLayer | Updating Scene
Fra:3 Mem:21.11M (Peak 62.85M) | Time:00:00.05 | Mem:0.00M, Peak:0.00M | Scene, ViewLayer | Updating Shaders
Fra:3 Mem:21.19M (Peak 62.85M) | Time:00:00.05 | Mem:0.00M, Peak:0.00M | Scene, ViewLayer | Updating Procedurals
Fra:3 Mem:21.19M (Peak 62.85M) | Time:00:00.05 | Mem:0.00M, Peak:0.00M | Scene, ViewLayer | Updating Background
Fra:3 Mem:21.19M (Peak 62.85M) | Time:00:00.05 | Mem:0.00M, Peak:0.00M | Scene, ViewLayer | Updating Camera
Fra:3 Mem:21.19M (Peak 62.85M) | Time:00:00.05 | Mem:0.00M, Peak:0.00M | Scene, ViewLayer | Updating Meshes Flags
Fra:3 Mem:21.19M (Peak 62.85M) | Time:00:00.05 | Mem:0.00M, Peak:0.00M | Scene, ViewLayer | Updating Objects
Fra:3 Mem:21.19M (Peak 62.85M) | Time:00:00.05 | Mem:0.00M, Peak:0.00M | Scene, ViewLayer | Updating Objects | Copying Transformations to device
Fra:3 Mem:21.21M (Peak 62.85M) | Time:00:00.05 | Mem:0.03M, Peak:0.03M | Scene, ViewLayer | Updating Objects | Applying Static Transformations
Fra:3 Mem:21.21M (Peak 62.85M) | Time:00:00.05 | Mem:0.03M, Peak:0.03M | Scene, ViewLayer | Updating Particle Systems
Fra:3 Mem:21.21M (Peak 62.85M) | Time:00:00.05 | Mem:0.03M, Peak:0.03M | Scene, ViewLayer | Updating Particle Systems | Copying Particles to device
Fra:3 Mem:21.21M (Peak 62.85M) | Time:00:00.05 | Mem:0.03M, Peak:0.03M | Scene, ViewLayer | Updating Meshes
Fra:3 Mem:21.46M (Peak 62.85M) | Time:00:00.05 | Mem:0.03M, Peak:0.03M | Scene, ViewLayer | Updating Mesh | Computing attributes
Fra:3 Mem:21.77M (Peak 62.85M) | Time:00:00.05 | Mem:0.03M, Peak:0.03M | Scene, ViewLayer | Updating Mesh | Copying Attributes to device
Fra:3 Mem:21.75M (Peak 62.85M) | Time:00:00.05 | Mem:0.32M, Peak:0.32M | Scene, ViewLayer | Updating Scene BVH | Building
Fra:3 Mem:21.75M (Peak 62.85M) | Time:00:00.05 | Mem:0.32M, Peak:0.32M | Scene, ViewLayer | Updating Scene BVH | Building BVH
Fra:3 Mem:21.75M (Peak 62.85M) | Time:00:00.05 | Mem:0.81M, Peak:0.81M | Scene, ViewLayer | Updating Scene BVH | Building BVH 0%
Fra:3 Mem:21.75M (Peak 62.85M) | Time:00:00.05 | Mem:1.34M, Peak:1.82M | Scene, ViewLayer | Updating Scene BVH | Copying BVH to device
Fra:3 Mem:21.75M (Peak 62.85M) | Time:00:00.05 | Mem:1.34M, Peak:1.82M | Scene, ViewLayer | Updating Mesh | Computing normals
Fra:3 Mem:22.82M (Peak 62.85M) | Time:00:00.05 | Mem:1.34M, Peak:1.82M | Scene, ViewLayer | Updating Mesh | Copying Mesh to device
Fra:3 Mem:22.82M (Peak 62.85M) | Time:00:00.05 | Mem:2.41M, Peak:2.41M | Scene, ViewLayer | Updating Objects Flags
Fra:3 Mem:22.82M (Peak 62.85M) | Time:00:00.05 | Mem:2.41M, Peak:2.41M | Scene, ViewLayer | Updating Primitive Offsets
Fra:3 Mem:22.82M (Peak 62.85M) | Time:00:00.05 | Mem:2.41M, Peak:2.41M | Scene, ViewLayer | Updating Images
Fra:3 Mem:22.82M (Peak 62.85M) | Time:00:00.05 | Mem:2.41M, Peak:2.41M | Scene, ViewLayer | Updating Camera Volume
Fra:3 Mem:22.82M (Peak 62.85M) | Time:00:00.05 | Mem:2.41M, Peak:2.41M | Scene, ViewLayer | Updating Lookup Tables
Fra:3 Mem:22.82M (Peak 62.85M) | Time:00:00.05 | Mem:2.49M, Peak:2.49M | Scene, ViewLayer | Updating Lights
Fra:3 Mem:22.82M (Peak 62.85M) | Time:00:00.05 | Mem:2.49M, Peak:2.49M | Scene, ViewLayer | Updating Lights | Computing distribution
Fra:3 Mem:22.82M (Peak 62.85M) | Time:00:00.05 | Mem:2.49M, Peak:2.49M | Scene, ViewLayer | Updating Lights | Computing tree
Fra:3 Mem:22.82M (Peak 62.85M) | Time:00:00.05 | Mem:2.49M, Peak:2.49M | Scene, ViewLayer | Updating Integrator
Fra:3 Mem:23.82M (Peak 62.85M) | Time:00:00.05 | Mem:3.49M, Peak:3.49M | Scene, ViewLayer | Updating Film
Fra:3 Mem:23.82M (Peak 62.85M) | Time:00:00.05 | Mem:3.41M, Peak:3.49M | Scene, ViewLayer | Updating Lookup Tables
Fra:3 Mem:23.82M (Peak 62.85M) | Time:00:00.05 | Mem:3.49M, Peak:3.49M | Scene, ViewLayer | Updating Baking
Fra:3 Mem:23.82M (Peak 62.85M) | Time:00:00.05 | Mem:3.49M, Peak:3.49M | Scene, ViewLayer | Updating Device | Writing constant memory
Fra:3 Mem:23.83M (Peak 62.85M) | Time:00:00.05 | Mem:3.49M, Peak:3.49M | Scene, ViewLayer | Sample 0/32
Fra:3 Mem:42.84M (Peak 62.85M) | Time:00:00.07 | Remaining:00:00.52 | Mem:22.49M, Peak:22.49M | Scene, ViewLayer | Sample 1/32
Fra:3 Mem:50.84M (Peak 62.85M) | Time:00:02.47 | Mem:22.49M, Peak:22.49M | Scene, ViewLayer | Sample 32/32
Fra:3 Mem:50.84M (Peak 62.85M) | Time:00:02.47 | Mem:22.49M, Peak:22.49M | Scene, ViewLayer | Finished
Fra:3 Mem:27.70M (Peak 62.85M) | Time:00:02.47 | Compositing
Fra:3 Mem:27.70M (Peak 62.85M) | Time:00:02.47 | Compositing | Determining resolution
Fra:3 Mem:27.70M (Peak 62.85M) | Time:00:02.47 | Compositing | Initializing execution
Fra:3 Mem:27.70M (Peak 62.85M) | Time:00:02.47 | Compositing | De-initializing execution
Saved: '/vepfs_default/chanxueyan/lhp/lms/aDSL/temp/geometry_expression_20260929/A/SF21/views/render_0003.png'
Time: 00:02.49 (Saving: 00:00.02)

Fra:4 Mem:24.87M (Peak 62.85M) | Time:00:00.05 | Mem:0.00M, Peak:0.00M | Scene, ViewLayer | Synchronizing object | geometry_0_cylinder.016
Fra:4 Mem:24.87M (Peak 62.85M) | Time:00:00.05 | Mem:0.00M, Peak:0.00M | Scene, ViewLayer | Synchronizing object | geometry_0_cylinder.043
Fra:4 Mem:24.89M (Peak 62.85M) | Time:00:00.05 | Mem:0.00M, Peak:0.00M | Scene, ViewLayer | Synchronizing object | geometry_0_cylinder.026
Fra:4 Mem:24.91M (Peak 62.85M) | Time:00:00.05 | Mem:0.00M, Peak:0.00M | Scene, ViewLayer | Synchronizing object | geometry_0_cylinder.027
Fra:4 Mem:24.92M (Peak 62.85M) | Time:00:00.05 | Mem:0.00M, Peak:0.00M | Scene, ViewLayer | Synchronizing object | geometry_0_cylinder.028
Fra:4 Mem:24.93M (Peak 62.85M) | Time:00:00.05 | Mem:0.00M, Peak:0.00M | Scene, ViewLayer | Synchronizing object | geometry_0_cylinder.017
Fra:4 Mem:24.94M (Peak 62.85M) | Time:00:00.05 | Mem:0.00M, Peak:0.00M | Scene, ViewLayer | Synchronizing object | geometry_0_cylinder.018
Fra:4 Mem:24.95M (Peak 62.85M) | Time:00:00.05 | Mem:0.00M, Peak:0.00M | Scene, ViewLayer | Synchronizing object | geometry_0_cylinder.019
Fra:4 Mem:24.97M (Peak 62.85M) | Time:00:00.05 | Mem:0.00M, Peak:0.00M | Scene, ViewLayer | Synchronizing object | geometry_0_cylinder.020
Fra:4 Mem:24.98M (Peak 62.85M) | Time:00:00.05 | Mem:0.00M, Peak:0.00M | Scene, ViewLayer | Synchronizing object | geometry_0_cylinder.021
Fra:4 Mem:24.98M (Peak 62.85M) | Time:00:00.05 | Mem:0.00M, Peak:0.00M | Scene, ViewLayer | Synchronizing object | geometry_0_cylinder.022
Fra:4 Mem:24.99M (Peak 62.85M) | Time:00:00.05 | Mem:0.00M, Peak:0.00M | Scene, ViewLayer | Synchronizing object | geometry_0_cylinder.023
Fra:4 Mem:25.01M (Peak 62.85M) | Time:00:00.05 | Mem:0.00M, Peak:0.00M | Scene, ViewLayer | Synchronizing object | geometry_0_cylinder.024
Fra:4 Mem:25.02M (Peak 62.85M) | Time:00:00.05 | Mem:0.00M, Peak:0.00M | Scene, ViewLayer | Synchronizing object | geometry_0_cylinder.025
Fra:4 Mem:25.03M (Peak 62.85M) | Time:00:00.05 | Mem:0.00M, Peak:0.00M | Scene, ViewLayer | Synchronizing object | geometry_0_cylinder.038
Fra:4 Mem:25.04M (Peak 62.85M) | Time:00:00.05 | Mem:0.00M, Peak:0.00M | Scene, ViewLayer | Synchronizing object | geometry_0_cylinder.039
Fra:4 Mem:25.05M (Peak 62.85M) | Time:00:00.05 | Mem:0.00M, Peak:0.00M | Scene, ViewLayer | Synchronizing object | geometry_0_cylinder.040
Fra:4 Mem:25.06M (Peak 62.85M) | Time:00:00.05 | Mem:0.00M, Peak:0.00M | Scene, ViewLayer | Synchronizing object | geometry_0_cylinder.029
Fra:4 Mem:25.08M (Peak 62.85M) | Time:00:00.05 | Mem:0.00M, Peak:0.00M | Scene, ViewLayer | Synchronizing object | geometry_0_cylinder.030
Fra:4 Mem:25.09M (Peak 62.85M) | Time:00:00.05 | Mem:0.00M, Peak:0.00M | Scene, ViewLayer | Synchronizing object | geometry_0_cylinder.031
Fra:4 Mem:25.10M (Peak 62.85M) | Time:00:00.05 | Mem:0.00M, Peak:0.00M | Scene, ViewLayer | Synchronizing object | geometry_0_cylinder.032
Fra:4 Mem:25.11M (Peak 62.85M) | Time:00:00.05 | Mem:0.00M, Peak:0.00M | Scene, ViewLayer | Synchronizing object | geometry_0_cylinder.033
Fra:4 Mem:25.12M (Peak 62.85M) | Time:00:00.05 | Mem:0.00M, Peak:0.00M | Scene, ViewLayer | Synchronizing object | geometry_0_cylinder.034
Fra:4 Mem:25.13M (Peak 62.85M) | Time:00:00.05 | Mem:0.00M, Peak:0.00M | Scene, ViewLayer | Synchronizing object | geometry_0_cylinder.035
Fra:4 Mem:25.13M (Peak 62.85M) | Time:00:00.05 | Mem:0.00M, Peak:0.00M | Scene, ViewLayer | Synchronizing object | geometry_0_cylinder.036
Fra:4 Mem:25.15M (Peak 62.85M) | Time:00:00.05 | Mem:0.00M, Peak:0.00M | Scene, ViewLayer | Synchronizing object | geometry_0_cylinder.037
Fra:4 Mem:25.16M (Peak 62.85M) | Time:00:00.05 | Mem:0.00M, Peak:0.00M | Scene, ViewLayer | Synchronizing object | geometry_0_cylinder.041
Fra:4 Mem:25.18M (Peak 62.85M) | Time:00:00.05 | Mem:0.00M, Peak:0.00M | Scene, ViewLayer | Synchronizing object | geometry_0_cylinder.042
Fra:4 Mem:25.18M (Peak 62.85M) | Time:00:00.05 | Mem:0.00M, Peak:0.00M | Scene, ViewLayer | Synchronizing object | geometry_0_cylinder.044
Fra:4 Mem:25.20M (Peak 62.85M) | Time:00:00.05 | Mem:0.00M, Peak:0.00M | Scene, ViewLayer | Synchronizing object | geometry_0_cylinder.058
Fra:4 Mem:25.21M (Peak 62.85M) | Time:00:00.05 | Mem:0.00M, Peak:0.00M | Scene, ViewLayer | Synchronizing object | geometry_0_cylinder.046
Fra:4 Mem:25.22M (Peak 62.85M) | Time:00:00.05 | Mem:0.00M, Peak:0.00M | Scene, ViewLayer | Synchronizing object | geometry_0_cylinder.055
Fra:4 Mem:25.26M (Peak 62.85M) | Time:00:00.05 | Mem:0.00M, Peak:0.00M | Scene, ViewLayer | Synchronizing object | geometry_0_cylinder.056
Fra:4 Mem:25.27M (Peak 62.85M) | Time:00:00.05 | Mem:0.00M, Peak:0.00M | Scene, ViewLayer | Synchronizing object | geometry_0_cylinder.057
Fra:4 Mem:25.30M (Peak 62.85M) | Time:00:00.05 | Mem:0.00M, Peak:0.00M | Scene, ViewLayer | Synchronizing object | geometry_0_sphere
Fra:4 Mem:25.35M (Peak 62.85M) | Time:00:00.05 | Mem:0.00M, Peak:0.00M | Scene, ViewLayer | Synchronizing object | geometry_0_cylinder.048
Fra:4 Mem:25.46M (Peak 62.85M) | Time:00:00.05 | Mem:0.00M, Peak:0.00M | Scene, ViewLayer | Synchronizing object | geometry_0_cylinder.049
Fra:4 Mem:25.50M (Peak 62.85M) | Time:00:00.05 | Mem:0.00M, Peak:0.00M | Scene, ViewLayer | Synchronizing object | geometry_0_cylinder.050
Fra:4 Mem:25.49M (Peak 62.85M) | Time:00:00.05 | Mem:0.00M, Peak:0.00M | Scene, ViewLayer | Synchronizing object | geometry_0_cylinder.051
Fra:4 Mem:25.49M (Peak 62.85M) | Time:00:00.05 | Mem:0.00M, Peak:0.00M | Scene, ViewLayer | Synchronizing object | geometry_0_cylinder.052
Fra:4 Mem:25.53M (Peak 62.85M) | Time:00:00.05 | Mem:0.00M, Peak:0.00M | Scene, ViewLayer | Synchronizing object | geometry_0_cylinder.015
Fra:4 Mem:25.55M (Peak 62.85M) | Time:00:00.05 | Mem:0.00M, Peak:0.00M | Scene, ViewLayer | Synchronizing object | geometry_0_cylinder.053
Fra:4 Mem:25.57M (Peak 62.85M) | Time:00:00.05 | Mem:0.00M, Peak:0.00M | Scene, ViewLayer | Synchronizing object | geometry_0_cylinder.054
Fra:4 Mem:25.58M (Peak 62.85M) | Time:00:00.05 | Mem:0.00M, Peak:0.00M | Scene, ViewLayer | Synchronizing object | geometry_0_cylinder.060
Fra:4 Mem:25.62M (Peak 62.85M) | Time:00:00.05 | Mem:0.00M, Peak:0.00M | Scene, ViewLayer | Synchronizing object | geometry_0_cylinder.061
Fra:4 Mem:25.63M (Peak 62.85M) | Time:00:00.05 | Mem:0.00M, Peak:0.00M | Scene, ViewLayer | Synchronizing object | geometry_0_cylinder.013
Fra:4 Mem:25.64M (Peak 62.85M) | Time:00:00.05 | Mem:0.00M, Peak:0.00M | Scene, ViewLayer | Synchronizing object | geometry_0_cylinder.063
Fra:4 Mem:25.65M (Peak 62.85M) | Time:00:00.05 | Mem:0.00M, Peak:0.00M | Scene, ViewLayer | Synchronizing object | geometry_0_cylinder.064
Fra:4 Mem:25.66M (Peak 62.85M) | Time:00:00.05 | Mem:0.00M, Peak:0.00M | Scene, ViewLayer | Synchronizing object | geometry_0_cylinder.009
Fra:4 Mem:25.68M (Peak 62.85M) | Time:00:00.05 | Mem:0.00M, Peak:0.00M | Scene, ViewLayer | Synchronizing object | geometry_0_cylinder.065
Fra:4 Mem:25.69M (Peak 62.85M) | Time:00:00.05 | Mem:0.00M, Peak:0.00M | Scene, ViewLayer | Synchronizing object | geometry_0_cylinder.012
Fra:4 Mem:25.70M (Peak 62.85M) | Time:00:00.05 | Mem:0.00M, Peak:0.00M | Scene, ViewLayer | Synchronizing object | geometry_0_cylinder.066
Fra:4 Mem:25.71M (Peak 62.85M) | Time:00:00.05 | Mem:0.00M, Peak:0.00M | Scene, ViewLayer | Synchronizing object | geometry_0_cylinder.067
Fra:4 Mem:25.72M (Peak 62.85M) | Time:00:00.05 | Mem:0.00M, Peak:0.00M | Scene, ViewLayer | Synchronizing object | geometry_0_cylinder.011
Fra:4 Mem:25.72M (Peak 62.85M) | Time:00:00.05 | Mem:0.00M, Peak:0.00M | Scene, ViewLayer | Synchronizing object | geometry_0_cylinder.068
Fra:4 Mem:25.74M (Peak 62.85M) | Time:00:00.05 | Mem:0.00M, Peak:0.00M | Scene, ViewLayer | Synchronizing object | geometry_0_cylinder.010
Fra:4 Mem:25.75M (Peak 62.85M) | Time:00:00.05 | Mem:0.00M, Peak:0.00M | Scene, ViewLayer | Synchronizing object | geometry_0_cylinder.069
Fra:4 Mem:25.76M (Peak 62.85M) | Time:00:00.05 | Mem:0.00M, Peak:0.00M | Scene, ViewLayer | Synchronizing object | geometry_0_cylinder.005
Fra:4 Mem:25.77M (Peak 62.85M) | Time:00:00.05 | Mem:0.00M, Peak:0.00M | Scene, ViewLayer | Synchronizing object | geometry_0_cylinder.070
Fra:4 Mem:25.77M (Peak 62.85M) | Time:00:00.05 | Mem:0.00M, Peak:0.00M | Scene, ViewLayer | Synchronizing object | geometry_0_cylinder.008
Fra:4 Mem:25.80M (Peak 62.85M) | Time:00:00.05 | Mem:0.00M, Peak:0.00M | Scene, ViewLayer | Synchronizing object | geometry_0_cylinder.071
Fra:4 Mem:25.82M (Peak 62.85M) | Time:00:00.05 | Mem:0.00M, Peak:0.00M | Scene, ViewLayer | Synchronizing object | geometry_0_cylinder.007
Fra:4 Mem:25.83M (Peak 62.85M) | Time:00:00.05 | Mem:0.00M, Peak:0.00M | Scene, ViewLayer | Synchronizing object | geometry_0_cylinder.073
Fra:4 Mem:25.84M (Peak 62.85M) | Time:00:00.05 | Mem:0.00M, Peak:0.00M | Scene, ViewLayer | Synchronizing object | geometry_0_cylinder.074
Fra:4 Mem:25.85M (Peak 62.85M) | Time:00:00.05 | Mem:0.00M, Peak:0.00M | Scene, ViewLayer | Synchronizing object | geometry_0_cylinder.006
Fra:4 Mem:25.85M (Peak 62.85M) | Time:00:00.05 | Mem:0.00M, Peak:0.00M | Scene, ViewLayer | Synchronizing object | geometry_0_cylinder.075
Fra:4 Mem:25.86M (Peak 62.85M) | Time:00:00.05 | Mem:0.00M, Peak:0.00M | Scene, ViewLayer | Synchronizing object | geometry_0_cylinder.076
Fra:4 Mem:25.89M (Peak 62.85M) | Time:00:00.05 | Mem:0.00M, Peak:0.00M | Scene, ViewLayer | Synchronizing object | geometry_0_cylinder.077
Fra:4 Mem:25.90M (Peak 62.85M) | Time:00:00.05 | Mem:0.00M, Peak:0.00M | Scene, ViewLayer | Synchronizing object | geometry_0_cylinder.001
Fra:4 Mem:25.91M (Peak 62.85M) | Time:00:00.05 | Mem:0.00M, Peak:0.00M | Scene, ViewLayer | Synchronizing object | geometry_0_cylinder.079
Fra:4 Mem:25.93M (Peak 62.85M) | Time:00:00.05 | Mem:0.00M, Peak:0.00M | Scene, ViewLayer | Synchronizing object | geometry_0_cylinder.080
Fra:4 Mem:25.93M (Peak 62.85M) | Time:00:00.05 | Mem:0.00M, Peak:0.00M | Scene, ViewLayer | Synchronizing object | geometry_0_cylinder.004
Fra:4 Mem:25.95M (Peak 62.85M) | Time:00:00.05 | Mem:0.00M, Peak:0.00M | Scene, ViewLayer | Synchronizing object | geometry_0_cylinder.081
Fra:4 Mem:25.96M (Peak 62.85M) | Time:00:00.05 | Mem:0.00M, Peak:0.00M | Scene, ViewLayer | Synchronizing object | geometry_0_cylinder.082
Fra:4 Mem:25.97M (Peak 62.85M) | Time:00:00.05 | Mem:0.00M, Peak:0.00M | Scene, ViewLayer | Synchronizing object | geometry_0_cylinder.003
Fra:4 Mem:25.98M (Peak 62.85M) | Time:00:00.05 | Mem:0.00M, Peak:0.00M | Scene, ViewLayer | Synchronizing object | geometry_0_cylinder.083
Fra:4 Mem:25.99M (Peak 62.85M) | Time:00:00.05 | Mem:0.00M, Peak:0.00M | Scene, ViewLayer | Synchronizing object | geometry_0_cylinder.084
Fra:4 Mem:26.00M (Peak 62.85M) | Time:00:00.05 | Mem:0.00M, Peak:0.00M | Scene, ViewLayer | Synchronizing object | geometry_0_cylinder.002
Fra:4 Mem:26.01M (Peak 62.85M) | Time:00:00.05 | Mem:0.00M, Peak:0.00M | Scene, ViewLayer | Synchronizing object | geometry_0_cylinder.085
Fra:4 Mem:26.01M (Peak 62.85M) | Time:00:00.05 | Mem:0.00M, Peak:0.00M | Scene, ViewLayer | Synchronizing object | geometry_0_cylinder.086
Fra:4 Mem:26.04M (Peak 62.85M) | Time:00:00.05 | Mem:0.00M, Peak:0.00M | Scene, ViewLayer | Synchronizing object | geometry_0_cylinder.087
Fra:4 Mem:26.04M (Peak 62.85M) | Time:00:00.05 | Mem:0.00M, Peak:0.00M | Scene, ViewLayer | Synchronizing object | geometry_0_cylinder.045
Fra:4 Mem:26.06M (Peak 62.85M) | Time:00:00.05 | Mem:0.00M, Peak:0.00M | Scene, ViewLayer | Synchronizing object | geometry_0_cylinder.089
Fra:4 Mem:26.07M (Peak 62.85M) | Time:00:00.05 | Mem:0.00M, Peak:0.00M | Scene, ViewLayer | Synchronizing object | geometry_0_cylinder.059
Fra:4 Mem:26.08M (Peak 62.85M) | Time:00:00.05 | Mem:0.00M, Peak:0.00M | Scene, ViewLayer | Synchronizing object | geometry_0_cylinder.090
Fra:4 Mem:26.09M (Peak 62.85M) | Time:00:00.05 | Mem:0.00M, Peak:0.00M | Scene, ViewLayer | Synchronizing object | geometry_0_cylinder.107
Fra:4 Mem:26.11M (Peak 62.85M) | Time:00:00.05 | Mem:0.00M, Peak:0.00M | Scene, ViewLayer | Synchronizing object | geometry_0_cylinder.091
Fra:4 Mem:26.13M (Peak 62.85M) | Time:00:00.05 | Mem:0.00M, Peak:0.00M | Scene, ViewLayer | Synchronizing object | geometry_0_cylinder.092
Fra:4 Mem:26.13M (Peak 62.85M) | Time:00:00.05 | Mem:0.00M, Peak:0.00M | Scene, ViewLayer | Synchronizing object | geometry_0_cylinder.093
Fra:4 Mem:26.15M (Peak 62.85M) | Time:00:00.05 | Mem:0.00M, Peak:0.00M | Scene, ViewLayer | Synchronizing object | geometry_0_cylinder.094
Fra:4 Mem:26.16M (Peak 62.85M) | Time:00:00.05 | Mem:0.00M, Peak:0.00M | Scene, ViewLayer | Synchronizing object | geometry_0_cylinder.095
Fra:4 Mem:26.16M (Peak 62.85M) | Time:00:00.05 | Mem:0.00M, Peak:0.00M | Scene, ViewLayer | Synchronizing object | geometry_0_cylinder.096
Fra:4 Mem:26.19M (Peak 62.85M) | Time:00:00.05 | Mem:0.00M, Peak:0.00M | Scene, ViewLayer | Synchronizing object | geometry_0_cylinder.097
Fra:4 Mem:26.20M (Peak 62.85M) | Time:00:00.05 | Mem:0.00M, Peak:0.00M | Scene, ViewLayer | Synchronizing object | geometry_0_cylinder.105
Fra:4 Mem:26.22M (Peak 62.85M) | Time:00:00.05 | Mem:0.00M, Peak:0.00M | Scene, ViewLayer | Synchronizing object | geometry_0_cylinder.099
Fra:4 Mem:26.22M (Peak 62.85M) | Time:00:00.05 | Mem:0.00M, Peak:0.00M | Scene, ViewLayer | Synchronizing object | geometry_0_cylinder.104
Fra:4 Mem:26.23M (Peak 62.85M) | Time:00:00.05 | Mem:0.00M, Peak:0.00M | Scene, ViewLayer | Synchronizing object | geometry_0_cylinder.100
Fra:4 Mem:26.25M (Peak 62.85M) | Time:00:00.05 | Mem:0.00M, Peak:0.00M | Scene, ViewLayer | Synchronizing object | geometry_0_cylinder.103
Fra:4 Mem:26.26M (Peak 62.85M) | Time:00:00.05 | Mem:0.00M, Peak:0.00M | Scene, ViewLayer | Synchronizing object | geometry_0_cylinder.101
Fra:4 Mem:26.26M (Peak 62.85M) | Time:00:00.05 | Mem:0.00M, Peak:0.00M | Scene, ViewLayer | Synchronizing object | geometry_0_cylinder.102
Fra:4 Mem:26.29M (Peak 62.85M) | Time:00:00.05 | Mem:0.00M, Peak:0.00M | Scene, ViewLayer | Initializing
Fra:4 Mem:21.10M (Peak 62.85M) | Time:00:00.05 | Mem:0.00M, Peak:0.00M | Scene, ViewLayer | Waiting for render to start
Fra:4 Mem:21.11M (Peak 62.85M) | Time:00:00.05 | Mem:0.00M, Peak:0.00M | Scene, ViewLayer | Loading render kernels (may take a few minutes the first time)
Fra:4 Mem:21.11M (Peak 62.85M) | Time:00:00.05 | Mem:0.00M, Peak:0.00M | Scene, ViewLayer | Updating Scene
Fra:4 Mem:21.11M (Peak 62.85M) | Time:00:00.05 | Mem:0.00M, Peak:0.00M | Scene, ViewLayer | Updating Shaders
Fra:4 Mem:21.19M (Peak 62.85M) | Time:00:00.05 | Mem:0.00M, Peak:0.00M | Scene, ViewLayer | Updating Procedurals
Fra:4 Mem:21.19M (Peak 62.85M) | Time:00:00.05 | Mem:0.00M, Peak:0.00M | Scene, ViewLayer | Updating Background
Fra:4 Mem:21.19M (Peak 62.85M) | Time:00:00.05 | Mem:0.00M, Peak:0.00M | Scene, ViewLayer | Updating Camera
Fra:4 Mem:21.19M (Peak 62.85M) | Time:00:00.05 | Mem:0.00M, Peak:0.00M | Scene, ViewLayer | Updating Meshes Flags
Fra:4 Mem:21.19M (Peak 62.85M) | Time:00:00.05 | Mem:0.00M, Peak:0.00M | Scene, ViewLayer | Updating Objects
Fra:4 Mem:21.19M (Peak 62.85M) | Time:00:00.05 | Mem:0.00M, Peak:0.00M | Scene, ViewLayer | Updating Objects | Copying Transformations to device
Fra:4 Mem:21.21M (Peak 62.85M) | Time:00:00.05 | Mem:0.03M, Peak:0.03M | Scene, ViewLayer | Updating Objects | Applying Static Transformations
Fra:4 Mem:21.21M (Peak 62.85M) | Time:00:00.05 | Mem:0.03M, Peak:0.03M | Scene, ViewLayer | Updating Particle Systems
Fra:4 Mem:21.21M (Peak 62.85M) | Time:00:00.05 | Mem:0.03M, Peak:0.03M | Scene, ViewLayer | Updating Particle Systems | Copying Particles to device
Fra:4 Mem:21.21M (Peak 62.85M) | Time:00:00.05 | Mem:0.03M, Peak:0.03M | Scene, ViewLayer | Updating Meshes
Fra:4 Mem:21.46M (Peak 62.85M) | Time:00:00.05 | Mem:0.03M, Peak:0.03M | Scene, ViewLayer | Updating Mesh | Computing attributes
Fra:4 Mem:21.77M (Peak 62.85M) | Time:00:00.05 | Mem:0.03M, Peak:0.03M | Scene, ViewLayer | Updating Mesh | Copying Attributes to device
Fra:4 Mem:21.75M (Peak 62.85M) | Time:00:00.05 | Mem:0.32M, Peak:0.32M | Scene, ViewLayer | Updating Scene BVH | Building
Fra:4 Mem:21.75M (Peak 62.85M) | Time:00:00.05 | Mem:0.32M, Peak:0.32M | Scene, ViewLayer | Updating Scene BVH | Building BVH
Fra:4 Mem:21.75M (Peak 62.85M) | Time:00:00.05 | Mem:0.81M, Peak:0.81M | Scene, ViewLayer | Updating Scene BVH | Building BVH 0%
Fra:4 Mem:21.75M (Peak 62.85M) | Time:00:00.05 | Mem:1.34M, Peak:1.82M | Scene, ViewLayer | Updating Scene BVH | Copying BVH to device
Fra:4 Mem:21.75M (Peak 62.85M) | Time:00:00.05 | Mem:1.34M, Peak:1.82M | Scene, ViewLayer | Updating Mesh | Computing normals
Fra:4 Mem:22.82M (Peak 62.85M) | Time:00:00.06 | Mem:1.34M, Peak:1.82M | Scene, ViewLayer | Updating Mesh | Copying Mesh to device
Fra:4 Mem:22.82M (Peak 62.85M) | Time:00:00.06 | Mem:2.41M, Peak:2.41M | Scene, ViewLayer | Updating Objects Flags
Fra:4 Mem:22.82M (Peak 62.85M) | Time:00:00.06 | Mem:2.41M, Peak:2.41M | Scene, ViewLayer | Updating Primitive Offsets
Fra:4 Mem:22.82M (Peak 62.85M) | Time:00:00.06 | Mem:2.41M, Peak:2.41M | Scene, ViewLayer | Updating Images
Fra:4 Mem:22.82M (Peak 62.85M) | Time:00:00.06 | Mem:2.41M, Peak:2.41M | Scene, ViewLayer | Updating Camera Volume
Fra:4 Mem:22.82M (Peak 62.85M) | Time:00:00.06 | Mem:2.41M, Peak:2.41M | Scene, ViewLayer | Updating Lookup Tables
Fra:4 Mem:22.82M (Peak 62.85M) | Time:00:00.06 | Mem:2.49M, Peak:2.49M | Scene, ViewLayer | Updating Lights
Fra:4 Mem:22.82M (Peak 62.85M) | Time:00:00.06 | Mem:2.49M, Peak:2.49M | Scene, ViewLayer | Updating Lights | Computing distribution
Fra:4 Mem:22.82M (Peak 62.85M) | Time:00:00.06 | Mem:2.49M, Peak:2.49M | Scene, ViewLayer | Updating Lights | Computing tree
Fra:4 Mem:22.82M (Peak 62.85M) | Time:00:00.06 | Mem:2.49M, Peak:2.49M | Scene, ViewLayer | Updating Integrator
Fra:4 Mem:23.82M (Peak 62.85M) | Time:00:00.06 | Mem:3.49M, Peak:3.49M | Scene, ViewLayer | Updating Film
Fra:4 Mem:23.82M (Peak 62.85M) | Time:00:00.06 | Mem:3.41M, Peak:3.49M | Scene, ViewLayer | Updating Lookup Tables
Fra:4 Mem:23.82M (Peak 62.85M) | Time:00:00.06 | Mem:3.49M, Peak:3.49M | Scene, ViewLayer | Updating Baking
Fra:4 Mem:23.82M (Peak 62.85M) | Time:00:00.06 | Mem:3.49M, Peak:3.49M | Scene, ViewLayer | Updating Device | Writing constant memory
Fra:4 Mem:23.83M (Peak 62.85M) | Time:00:00.06 | Mem:3.49M, Peak:3.49M | Scene, ViewLayer | Sample 0/32
Fra:4 Mem:42.84M (Peak 62.85M) | Time:00:00.07 | Remaining:00:00.53 | Mem:22.49M, Peak:22.49M | Scene, ViewLayer | Sample 1/32
Fra:4 Mem:50.84M (Peak 62.85M) | Time:00:02.65 | Mem:22.49M, Peak:22.49M | Scene, ViewLayer | Sample 32/32
Fra:4 Mem:50.84M (Peak 62.85M) | Time:00:02.65 | Mem:22.49M, Peak:22.49M | Scene, ViewLayer | Finished
Fra:4 Mem:27.70M (Peak 62.85M) | Time:00:02.65 | Compositing
Fra:4 Mem:27.70M (Peak 62.85M) | Time:00:02.65 | Compositing | Determining resolution
Fra:4 Mem:27.70M (Peak 62.85M) | Time:00:02.65 | Compositing | Initializing execution
Fra:4 Mem:27.70M (Peak 62.85M) | Time:00:02.65 | Compositing | De-initializing execution
Saved: '/vepfs_default/chanxueyan/lhp/lms/aDSL/temp/geometry_expression_20260929/A/SF21/views/render_0004.png'
Time: 00:02.68 (Saving: 00:00.02)

Fra:5 Mem:24.87M (Peak 62.85M) | Time:00:00.01 | Mem:0.00M, Peak:0.00M | Scene, ViewLayer | Synchronizing object | geometry_0_cylinder.016
Fra:5 Mem:24.87M (Peak 62.85M) | Time:00:00.01 | Mem:0.00M, Peak:0.00M | Scene, ViewLayer | Synchronizing object | geometry_0_cylinder.043
Fra:5 Mem:24.89M (Peak 62.85M) | Time:00:00.01 | Mem:0.00M, Peak:0.00M | Scene, ViewLayer | Synchronizing object | geometry_0_cylinder.026
Fra:5 Mem:24.91M (Peak 62.85M) | Time:00:00.01 | Mem:0.00M, Peak:0.00M | Scene, ViewLayer | Synchronizing object | geometry_0_cylinder.027
Fra:5 Mem:24.92M (Peak 62.85M) | Time:00:00.01 | Mem:0.00M, Peak:0.00M | Scene, ViewLayer | Synchronizing object | geometry_0_cylinder.028
Fra:5 Mem:24.93M (Peak 62.85M) | Time:00:00.01 | Mem:0.00M, Peak:0.00M | Scene, ViewLayer | Synchronizing object | geometry_0_cylinder.017
Fra:5 Mem:24.94M (Peak 62.85M) | Time:00:00.01 | Mem:0.00M, Peak:0.00M | Scene, ViewLayer | Synchronizing object | geometry_0_cylinder.018
Fra:5 Mem:24.95M (Peak 62.85M) | Time:00:00.01 | Mem:0.00M, Peak:0.00M | Scene, ViewLayer | Synchronizing object | geometry_0_cylinder.019
Fra:5 Mem:24.96M (Peak 62.85M) | Time:00:00.01 | Mem:0.00M, Peak:0.00M | Scene, ViewLayer | Synchronizing object | geometry_0_cylinder.020
Fra:5 Mem:24.97M (Peak 62.85M) | Time:00:00.01 | Mem:0.00M, Peak:0.00M | Scene, ViewLayer | Synchronizing object | geometry_0_cylinder.021
Fra:5 Mem:24.98M (Peak 62.85M) | Time:00:00.01 | Mem:0.00M, Peak:0.00M | Scene, ViewLayer | Synchronizing object | geometry_0_cylinder.022
Fra:5 Mem:25.00M (Peak 62.85M) | Time:00:00.01 | Mem:0.00M, Peak:0.00M | Scene, ViewLayer | Synchronizing object | geometry_0_cylinder.023
Fra:5 Mem:25.01M (Peak 62.85M) | Time:00:00.01 | Mem:0.00M, Peak:0.00M | Scene, ViewLayer | Synchronizing object | geometry_0_cylinder.024
Fra:5 Mem:25.02M (Peak 62.85M) | Time:00:00.01 | Mem:0.00M, Peak:0.00M | Scene, ViewLayer | Synchronizing object | geometry_0_cylinder.025
Fra:5 Mem:25.03M (Peak 62.85M) | Time:00:00.01 | Mem:0.00M, Peak:0.00M | Scene, ViewLayer | Synchronizing object | geometry_0_cylinder.038
Fra:5 Mem:25.04M (Peak 62.85M) | Time:00:00.01 | Mem:0.00M, Peak:0.00M | Scene, ViewLayer | Synchronizing object | geometry_0_cylinder.039
Fra:5 Mem:25.05M (Peak 62.85M) | Time:00:00.01 | Mem:0.00M, Peak:0.00M | Scene, ViewLayer | Synchronizing object | geometry_0_cylinder.040
Fra:5 Mem:25.06M (Peak 62.85M) | Time:00:00.01 | Mem:0.00M, Peak:0.00M | Scene, ViewLayer | Synchronizing object | geometry_0_cylinder.029
Fra:5 Mem:25.08M (Peak 62.85M) | Time:00:00.01 | Mem:0.00M, Peak:0.00M | Scene, ViewLayer | Synchronizing object | geometry_0_cylinder.030
Fra:5 Mem:25.08M (Peak 62.85M) | Time:00:00.01 | Mem:0.00M, Peak:0.00M | Scene, ViewLayer | Synchronizing object | geometry_0_cylinder.031
Fra:5 Mem:25.10M (Peak 62.85M) | Time:00:00.01 | Mem:0.00M, Peak:0.00M | Scene, ViewLayer | Synchronizing object | geometry_0_cylinder.032
Fra:5 Mem:25.11M (Peak 62.85M) | Time:00:00.01 | Mem:0.00M, Peak:0.00M | Scene, ViewLayer | Synchronizing object | geometry_0_cylinder.033
Fra:5 Mem:25.12M (Peak 62.85M) | Time:00:00.01 | Mem:0.00M, Peak:0.00M | Scene, ViewLayer | Synchronizing object | geometry_0_cylinder.034
Fra:5 Mem:25.13M (Peak 62.85M) | Time:00:00.01 | Mem:0.00M, Peak:0.00M | Scene, ViewLayer | Synchronizing object | geometry_0_cylinder.035
Fra:5 Mem:25.14M (Peak 62.85M) | Time:00:00.01 | Mem:0.00M, Peak:0.00M | Scene, ViewLayer | Synchronizing object | geometry_0_cylinder.036
Fra:5 Mem:25.15M (Peak 62.85M) | Time:00:00.01 | Mem:0.00M, Peak:0.00M | Scene, ViewLayer | Synchronizing object | geometry_0_cylinder.037
Fra:5 Mem:25.16M (Peak 62.85M) | Time:00:00.01 | Mem:0.00M, Peak:0.00M | Scene, ViewLayer | Synchronizing object | geometry_0_cylinder.041
Fra:5 Mem:25.17M (Peak 62.85M) | Time:00:00.01 | Mem:0.00M, Peak:0.00M | Scene, ViewLayer | Synchronizing object | geometry_0_cylinder.042
Fra:5 Mem:25.19M (Peak 62.85M) | Time:00:00.01 | Mem:0.00M, Peak:0.00M | Scene, ViewLayer | Synchronizing object | geometry_0_cylinder.044
Fra:5 Mem:25.20M (Peak 62.85M) | Time:00:00.01 | Mem:0.00M, Peak:0.00M | Scene, ViewLayer | Synchronizing object | geometry_0_cylinder.058
Fra:5 Mem:25.21M (Peak 62.85M) | Time:00:00.01 | Mem:0.00M, Peak:0.00M | Scene, ViewLayer | Synchronizing object | geometry_0_cylinder.046
Fra:5 Mem:25.21M (Peak 62.85M) | Time:00:00.01 | Mem:0.00M, Peak:0.00M | Scene, ViewLayer | Synchronizing object | geometry_0_cylinder.055
Fra:5 Mem:25.25M (Peak 62.85M) | Time:00:00.01 | Mem:0.00M, Peak:0.00M | Scene, ViewLayer | Synchronizing object | geometry_0_cylinder.056
Fra:5 Mem:25.28M (Peak 62.85M) | Time:00:00.01 | Mem:0.00M, Peak:0.00M | Scene, ViewLayer | Synchronizing object | geometry_0_cylinder.057
Fra:5 Mem:25.28M (Peak 62.85M) | Time:00:00.01 | Mem:0.00M, Peak:0.00M | Scene, ViewLayer | Synchronizing object | geometry_0_cylinder.047
Fra:5 Mem:25.32M (Peak 62.85M) | Time:00:00.01 | Mem:0.00M, Peak:0.00M | Scene, ViewLayer | Synchronizing object | geometry_0_cylinder.048
Fra:5 Mem:25.34M (Peak 62.85M) | Time:00:00.01 | Mem:0.00M, Peak:0.00M | Scene, ViewLayer | Synchronizing object | geometry_0_cylinder.049
Fra:5 Mem:25.36M (Peak 62.85M) | Time:00:00.01 | Mem:0.00M, Peak:0.00M | Scene, ViewLayer | Synchronizing object | geometry_0_cylinder.050
Fra:5 Mem:25.38M (Peak 62.85M) | Time:00:00.01 | Mem:0.00M, Peak:0.00M | Scene, ViewLayer | Synchronizing object | geometry_0_cylinder.051
Fra:5 Mem:25.41M (Peak 62.85M) | Time:00:00.01 | Mem:0.00M, Peak:0.00M | Scene, ViewLayer | Synchronizing object | geometry_0_sphere
Fra:5 Mem:25.45M (Peak 62.85M) | Time:00:00.01 | Mem:0.00M, Peak:0.00M | Scene, ViewLayer | Synchronizing object | geometry_0_cylinder.053
Fra:5 Mem:25.56M (Peak 62.85M) | Time:00:00.01 | Mem:0.00M, Peak:0.00M | Scene, ViewLayer | Synchronizing object | geometry_0_cylinder.054
Fra:5 Mem:25.60M (Peak 62.85M) | Time:00:00.01 | Mem:0.00M, Peak:0.00M | Scene, ViewLayer | Synchronizing object | geometry_0_cylinder.060
Fra:5 Mem:25.60M (Peak 62.85M) | Time:00:00.01 | Mem:0.00M, Peak:0.00M | Scene, ViewLayer | Synchronizing object | geometry_0_cylinder
Fra:5 Mem:25.60M (Peak 62.85M) | Time:00:00.01 | Mem:0.00M, Peak:0.00M | Scene, ViewLayer | Synchronizing object | geometry_0_cylinder.062
Fra:5 Mem:25.60M (Peak 62.85M) | Time:00:00.01 | Mem:0.00M, Peak:0.00M | Scene, ViewLayer | Synchronizing object | geometry_0_cylinder.015
Fra:5 Mem:25.61M (Peak 62.85M) | Time:00:00.01 | Mem:0.00M, Peak:0.00M | Scene, ViewLayer | Synchronizing object | geometry_0_cylinder.063
Fra:5 Mem:25.63M (Peak 62.85M) | Time:00:00.01 | Mem:0.00M, Peak:0.00M | Scene, ViewLayer | Synchronizing object | geometry_0_cylinder.014
Fra:5 Mem:25.63M (Peak 62.85M) | Time:00:00.01 | Mem:0.00M, Peak:0.00M | Scene, ViewLayer | Synchronizing object | geometry_0_cylinder.064
Fra:5 Mem:25.66M (Peak 62.85M) | Time:00:00.01 | Mem:0.00M, Peak:0.00M | Scene, ViewLayer | Synchronizing object | geometry_0_cylinder.013
Fra:5 Mem:25.67M (Peak 62.85M) | Time:00:00.01 | Mem:0.00M, Peak:0.00M | Scene, ViewLayer | Synchronizing object | geometry_0_cylinder.066
Fra:5 Mem:25.68M (Peak 62.85M) | Time:00:00.01 | Mem:0.00M, Peak:0.00M | Scene, ViewLayer | Synchronizing object | geometry_0_cylinder.009
Fra:5 Mem:25.71M (Peak 62.85M) | Time:00:00.01 | Mem:0.00M, Peak:0.00M | Scene, ViewLayer | Synchronizing object | geometry_0_cylinder.067
Fra:5 Mem:25.72M (Peak 62.85M) | Time:00:00.01 | Mem:0.00M, Peak:0.00M | Scene, ViewLayer | Synchronizing object | geometry_0_cylinder.068
Fra:5 Mem:25.73M (Peak 62.85M) | Time:00:00.01 | Mem:0.00M, Peak:0.00M | Scene, ViewLayer | Synchronizing object | geometry_0_cylinder.069
Fra:5 Mem:25.73M (Peak 62.85M) | Time:00:00.01 | Mem:0.00M, Peak:0.00M | Scene, ViewLayer | Synchronizing object | geometry_0_cylinder.011
Fra:5 Mem:25.74M (Peak 62.85M) | Time:00:00.01 | Mem:0.00M, Peak:0.00M | Scene, ViewLayer | Synchronizing object | geometry_0_cylinder.070
Fra:5 Mem:25.77M (Peak 62.85M) | Time:00:00.01 | Mem:0.00M, Peak:0.00M | Scene, ViewLayer | Synchronizing object | geometry_0_cylinder.010
Fra:5 Mem:25.77M (Peak 62.85M) | Time:00:00.01 | Mem:0.00M, Peak:0.00M | Scene, ViewLayer | Synchronizing object | geometry_0_cylinder.072
Fra:5 Mem:25.80M (Peak 62.85M) | Time:00:00.01 | Mem:0.00M, Peak:0.00M | Scene, ViewLayer | Synchronizing object | geometry_0_cylinder.005
Fra:5 Mem:25.81M (Peak 62.85M) | Time:00:00.01 | Mem:0.00M, Peak:0.00M | Scene, ViewLayer | Synchronizing object | geometry_0_cylinder.074
Fra:5 Mem:25.83M (Peak 62.85M) | Time:00:00.01 | Mem:0.00M, Peak:0.00M | Scene, ViewLayer | Synchronizing object | geometry_0_cylinder.008
Fra:5 Mem:25.85M (Peak 62.85M) | Time:00:00.01 | Mem:0.00M, Peak:0.00M | Scene, ViewLayer | Synchronizing object | geometry_0_cylinder.076
Fra:5 Mem:25.85M (Peak 62.85M) | Time:00:00.01 | Mem:0.00M, Peak:0.00M | Scene, ViewLayer | Synchronizing object | geometry_0_cylinder.007
Fra:5 Mem:25.86M (Peak 62.85M) | Time:00:00.01 | Mem:0.00M, Peak:0.00M | Scene, ViewLayer | Synchronizing object | geometry_0_cylinder.077
Fra:5 Mem:25.88M (Peak 62.85M) | Time:00:00.01 | Mem:0.00M, Peak:0.00M | Scene, ViewLayer | Synchronizing object | geometry_0_cylinder.006
Fra:5 Mem:25.89M (Peak 62.85M) | Time:00:00.01 | Mem:0.00M, Peak:0.00M | Scene, ViewLayer | Synchronizing object | geometry_0_cylinder.078
Fra:5 Mem:25.90M (Peak 62.85M) | Time:00:00.01 | Mem:0.00M, Peak:0.00M | Scene, ViewLayer | Synchronizing object | geometry_0_cylinder.001
Fra:5 Mem:25.92M (Peak 62.85M) | Time:00:00.01 | Mem:0.00M, Peak:0.00M | Scene, ViewLayer | Synchronizing object | geometry_0_cylinder.079
Fra:5 Mem:25.93M (Peak 62.85M) | Time:00:00.01 | Mem:0.00M, Peak:0.00M | Scene, ViewLayer | Synchronizing object | geometry_0_cylinder.080
Fra:5 Mem:25.93M (Peak 62.85M) | Time:00:00.01 | Mem:0.00M, Peak:0.00M | Scene, ViewLayer | Synchronizing object | geometry_0_cylinder.004
Fra:5 Mem:25.94M (Peak 62.85M) | Time:00:00.01 | Mem:0.00M, Peak:0.00M | Scene, ViewLayer | Synchronizing object | geometry_0_cylinder.081
Fra:5 Mem:25.96M (Peak 62.85M) | Time:00:00.01 | Mem:0.00M, Peak:0.00M | Scene, ViewLayer | Synchronizing object | geometry_0_cylinder.082
Fra:5 Mem:25.98M (Peak 62.85M) | Time:00:00.01 | Mem:0.00M, Peak:0.00M | Scene, ViewLayer | Synchronizing object | geometry_0_cylinder.003
Fra:5 Mem:25.99M (Peak 62.85M) | Time:00:00.01 | Mem:0.00M, Peak:0.00M | Scene, ViewLayer | Synchronizing object | geometry_0_cylinder.084
Fra:5 Mem:26.00M (Peak 62.85M) | Time:00:00.01 | Mem:0.00M, Peak:0.00M | Scene, ViewLayer | Synchronizing object | geometry_0_cylinder.002
Fra:5 Mem:26.00M (Peak 62.85M) | Time:00:00.01 | Mem:0.00M, Peak:0.00M | Scene, ViewLayer | Synchronizing object | geometry_0_cylinder.085
Fra:5 Mem:26.01M (Peak 62.85M) | Time:00:00.01 | Mem:0.00M, Peak:0.00M | Scene, ViewLayer | Synchronizing object | geometry_0_cylinder.086
Fra:5 Mem:26.04M (Peak 62.85M) | Time:00:00.01 | Mem:0.00M, Peak:0.00M | Scene, ViewLayer | Synchronizing object | geometry_0_cylinder.087
Fra:5 Mem:26.05M (Peak 62.85M) | Time:00:00.01 | Mem:0.00M, Peak:0.00M | Scene, ViewLayer | Synchronizing object | geometry_0_cylinder.045
Fra:5 Mem:26.06M (Peak 62.85M) | Time:00:00.01 | Mem:0.00M, Peak:0.00M | Scene, ViewLayer | Synchronizing object | geometry_0_cylinder.089
Fra:5 Mem:26.07M (Peak 62.85M) | Time:00:00.01 | Mem:0.00M, Peak:0.00M | Scene, ViewLayer | Synchronizing object | geometry_0_cylinder.059
Fra:5 Mem:26.08M (Peak 62.85M) | Time:00:00.01 | Mem:0.00M, Peak:0.00M | Scene, ViewLayer | Synchronizing object | geometry_0_cylinder.090
Fra:5 Mem:26.10M (Peak 62.85M) | Time:00:00.01 | Mem:0.00M, Peak:0.00M | Scene, ViewLayer | Synchronizing object | geometry_0_cylinder.107
Fra:5 Mem:26.11M (Peak 62.85M) | Time:00:00.01 | Mem:0.00M, Peak:0.00M | Scene, ViewLayer | Synchronizing object | geometry_0_cylinder.091
Fra:5 Mem:26.12M (Peak 62.85M) | Time:00:00.01 | Mem:0.00M, Peak:0.00M | Scene, ViewLayer | Synchronizing object | geometry_0_cylinder.092
Fra:5 Mem:26.13M (Peak 62.85M) | Time:00:00.01 | Mem:0.00M, Peak:0.00M | Scene, ViewLayer | Synchronizing object | geometry_0_cylinder.106
Fra:5 Mem:26.14M (Peak 62.85M) | Time:00:00.01 | Mem:0.00M, Peak:0.00M | Scene, ViewLayer | Synchronizing object | geometry_0_cylinder.093
Fra:5 Mem:26.15M (Peak 62.85M) | Time:00:00.01 | Mem:0.00M, Peak:0.00M | Scene, ViewLayer | Synchronizing object | geometry_0_cylinder.094
Fra:5 Mem:26.16M (Peak 62.85M) | Time:00:00.01 | Mem:0.00M, Peak:0.00M | Scene, ViewLayer | Synchronizing object | geometry_0_cylinder.105
Fra:5 Mem:26.17M (Peak 62.85M) | Time:00:00.01 | Mem:0.00M, Peak:0.00M | Scene, ViewLayer | Synchronizing object | geometry_0_cylinder.095
Fra:5 Mem:26.19M (Peak 62.85M) | Time:00:00.01 | Mem:0.00M, Peak:0.00M | Scene, ViewLayer | Synchronizing object | geometry_0_cylinder.096
Fra:5 Mem:26.20M (Peak 62.85M) | Time:00:00.01 | Mem:0.00M, Peak:0.00M | Scene, ViewLayer | Synchronizing object | geometry_0_cylinder.104
Fra:5 Mem:26.20M (Peak 62.85M) | Time:00:00.01 | Mem:0.00M, Peak:0.00M | Scene, ViewLayer | Synchronizing object | geometry_0_cylinder.097
Fra:5 Mem:26.21M (Peak 62.85M) | Time:00:00.01 | Mem:0.00M, Peak:0.00M | Scene, ViewLayer | Synchronizing object | geometry_0_cylinder.098
Fra:5 Mem:26.23M (Peak 62.85M) | Time:00:00.01 | Mem:0.00M, Peak:0.00M | Scene, ViewLayer | Synchronizing object | geometry_0_cylinder.103
Fra:5 Mem:26.24M (Peak 62.85M) | Time:00:00.01 | Mem:0.00M, Peak:0.00M | Scene, ViewLayer | Synchronizing object | geometry_0_cylinder.099
Fra:5 Mem:26.25M (Peak 62.85M) | Time:00:00.01 | Mem:0.00M, Peak:0.00M | Scene, ViewLayer | Synchronizing object | geometry_0_cylinder.102
Fra:5 Mem:26.26M (Peak 62.85M) | Time:00:00.01 | Mem:0.00M, Peak:0.00M | Scene, ViewLayer | Synchronizing object | geometry_0_cylinder.100
Fra:5 Mem:26.26M (Peak 62.85M) | Time:00:00.01 | Mem:0.00M, Peak:0.00M | Scene, ViewLayer | Synchronizing object | geometry_0_cylinder.101
Fra:5 Mem:26.29M (Peak 62.85M) | Time:00:00.01 | Mem:0.00M, Peak:0.00M | Scene, ViewLayer | Initializing
Fra:5 Mem:21.10M (Peak 62.85M) | Time:00:00.01 | Mem:0.00M, Peak:0.00M | Scene, ViewLayer | Waiting for render to start
Fra:5 Mem:21.11M (Peak 62.85M) | Time:00:00.01 | Mem:0.00M, Peak:0.00M | Scene, ViewLayer | Loading render kernels (may take a few minutes the first time)
Fra:5 Mem:21.11M (Peak 62.85M) | Time:00:00.01 | Mem:0.00M, Peak:0.00M | Scene, ViewLayer | Updating Scene
Fra:5 Mem:21.11M (Peak 62.85M) | Time:00:00.01 | Mem:0.00M, Peak:0.00M | Scene, ViewLayer | Updating Shaders
Fra:5 Mem:21.19M (Peak 62.85M) | Time:00:00.01 | Mem:0.00M, Peak:0.00M | Scene, ViewLayer | Updating Procedurals
Fra:5 Mem:21.19M (Peak 62.85M) | Time:00:00.01 | Mem:0.00M, Peak:0.00M | Scene, ViewLayer | Updating Background
Fra:5 Mem:21.19M (Peak 62.85M) | Time:00:00.01 | Mem:0.00M, Peak:0.00M | Scene, ViewLayer | Updating Camera
Fra:5 Mem:21.19M (Peak 62.85M) | Time:00:00.01 | Mem:0.00M, Peak:0.00M | Scene, ViewLayer | Updating Meshes Flags
Fra:5 Mem:21.19M (Peak 62.85M) | Time:00:00.01 | Mem:0.00M, Peak:0.00M | Scene, ViewLayer | Updating Objects
Fra:5 Mem:21.19M (Peak 62.85M) | Time:00:00.01 | Mem:0.00M, Peak:0.00M | Scene, ViewLayer | Updating Objects | Copying Transformations to device
Fra:5 Mem:21.21M (Peak 62.85M) | Time:00:00.01 | Mem:0.03M, Peak:0.03M | Scene, ViewLayer | Updating Objects | Applying Static Transformations
Fra:5 Mem:21.21M (Peak 62.85M) | Time:00:00.01 | Mem:0.03M, Peak:0.03M | Scene, ViewLayer | Updating Particle Systems
Fra:5 Mem:21.21M (Peak 62.85M) | Time:00:00.01 | Mem:0.03M, Peak:0.03M | Scene, ViewLayer | Updating Particle Systems | Copying Particles to device
Fra:5 Mem:21.21M (Peak 62.85M) | Time:00:00.01 | Mem:0.03M, Peak:0.03M | Scene, ViewLayer | Updating Meshes
Fra:5 Mem:21.46M (Peak 62.85M) | Time:00:00.01 | Mem:0.03M, Peak:0.03M | Scene, ViewLayer | Updating Mesh | Computing attributes
Fra:5 Mem:21.77M (Peak 62.85M) | Time:00:00.01 | Mem:0.03M, Peak:0.03M | Scene, ViewLayer | Updating Mesh | Copying Attributes to device
Fra:5 Mem:21.75M (Peak 62.85M) | Time:00:00.01 | Mem:0.32M, Peak:0.32M | Scene, ViewLayer | Updating Scene BVH | Building
Fra:5 Mem:21.75M (Peak 62.85M) | Time:00:00.01 | Mem:0.32M, Peak:0.32M | Scene, ViewLayer | Updating Scene BVH | Building BVH
Fra:5 Mem:21.75M (Peak 62.85M) | Time:00:00.01 | Mem:0.81M, Peak:0.81M | Scene, ViewLayer | Updating Scene BVH | Building BVH 0%
Fra:5 Mem:21.75M (Peak 62.85M) | Time:00:00.06 | Mem:1.34M, Peak:1.82M | Scene, ViewLayer | Updating Scene BVH | Copying BVH to device
Fra:5 Mem:21.75M (Peak 62.85M) | Time:00:00.06 | Mem:1.34M, Peak:1.82M | Scene, ViewLayer | Updating Mesh | Computing normals
Fra:5 Mem:22.82M (Peak 62.85M) | Time:00:00.06 | Mem:1.34M, Peak:1.82M | Scene, ViewLayer | Updating Mesh | Copying Mesh to device
Fra:5 Mem:22.82M (Peak 62.85M) | Time:00:00.06 | Mem:2.41M, Peak:2.41M | Scene, ViewLayer | Updating Objects Flags
Fra:5 Mem:22.82M (Peak 62.85M) | Time:00:00.06 | Mem:2.41M, Peak:2.41M | Scene, ViewLayer | Updating Primitive Offsets
Fra:5 Mem:22.82M (Peak 62.85M) | Time:00:00.06 | Mem:2.41M, Peak:2.41M | Scene, ViewLayer | Updating Images
Fra:5 Mem:22.82M (Peak 62.85M) | Time:00:00.06 | Mem:2.41M, Peak:2.41M | Scene, ViewLayer | Updating Camera Volume
Fra:5 Mem:22.82M (Peak 62.85M) | Time:00:00.06 | Mem:2.41M, Peak:2.41M | Scene, ViewLayer | Updating Lookup Tables
Fra:5 Mem:22.82M (Peak 62.85M) | Time:00:00.06 | Mem:2.49M, Peak:2.49M | Scene, ViewLayer | Updating Lights
Fra:5 Mem:22.82M (Peak 62.85M) | Time:00:00.06 | Mem:2.49M, Peak:2.49M | Scene, ViewLayer | Updating Lights | Computing distribution
Fra:5 Mem:22.82M (Peak 62.85M) | Time:00:00.06 | Mem:2.49M, Peak:2.49M | Scene, ViewLayer | Updating Lights | Computing tree
Fra:5 Mem:22.82M (Peak 62.85M) | Time:00:00.06 | Mem:2.49M, Peak:2.49M | Scene, ViewLayer | Updating Integrator
Fra:5 Mem:23.82M (Peak 62.85M) | Time:00:00.06 | Mem:3.49M, Peak:3.49M | Scene, ViewLayer | Updating Film
Fra:5 Mem:23.82M (Peak 62.85M) | Time:00:00.06 | Mem:3.41M, Peak:3.49M | Scene, ViewLayer | Updating Lookup Tables
Fra:5 Mem:23.82M (Peak 62.85M) | Time:00:00.06 | Mem:3.49M, Peak:3.49M | Scene, ViewLayer | Updating Baking
Fra:5 Mem:23.82M (Peak 62.85M) | Time:00:00.06 | Mem:3.49M, Peak:3.49M | Scene, ViewLayer | Updating Device | Writing constant memory
Fra:5 Mem:23.83M (Peak 62.85M) | Time:00:00.06 | Mem:3.49M, Peak:3.49M | Scene, ViewLayer | Sample 0/32
Fra:5 Mem:42.84M (Peak 62.85M) | Time:00:00.08 | Remaining:00:00.56 | Mem:22.49M, Peak:22.49M | Scene, ViewLayer | Sample 1/32
Fra:5 Mem:50.84M (Peak 62.85M) | Time:00:02.16 | Mem:22.49M, Peak:22.49M | Scene, ViewLayer | Sample 32/32
Fra:5 Mem:50.84M (Peak 62.85M) | Time:00:02.16 | Mem:22.49M, Peak:22.49M | Scene, ViewLayer | Finished
Fra:5 Mem:27.70M (Peak 62.85M) | Time:00:02.16 | Compositing
Fra:5 Mem:27.70M (Peak 62.85M) | Time:00:02.16 | Compositing | Determining resolution
Fra:5 Mem:27.70M (Peak 62.85M) | Time:00:02.16 | Compositing | Initializing execution
Fra:5 Mem:27.70M (Peak 62.85M) | Time:00:02.16 | Compositing | De-initializing execution
Saved: '/vepfs_default/chanxueyan/lhp/lms/aDSL/temp/geometry_expression_20260929/A/SF21/views/render_0005.png'
Time: 00:02.19 (Saving: 00:00.02)

Fra:6 Mem:24.87M (Peak 62.85M) | Time:00:00.01 | Mem:0.00M, Peak:0.00M | Scene, ViewLayer | Synchronizing object | geometry_0_cylinder.016
Fra:6 Mem:24.88M (Peak 62.85M) | Time:00:00.01 | Mem:0.00M, Peak:0.00M | Scene, ViewLayer | Synchronizing object | geometry_0_cylinder.043
Fra:6 Mem:24.89M (Peak 62.85M) | Time:00:00.01 | Mem:0.00M, Peak:0.00M | Scene, ViewLayer | Synchronizing object | geometry_0_cylinder.026
Fra:6 Mem:24.91M (Peak 62.85M) | Time:00:00.01 | Mem:0.00M, Peak:0.00M | Scene, ViewLayer | Synchronizing object | geometry_0_cylinder.027
Fra:6 Mem:24.92M (Peak 62.85M) | Time:00:00.01 | Mem:0.00M, Peak:0.00M | Scene, ViewLayer | Synchronizing object | geometry_0_cylinder.028
Fra:6 Mem:24.93M (Peak 62.85M) | Time:00:00.01 | Mem:0.00M, Peak:0.00M | Scene, ViewLayer | Synchronizing object | geometry_0_cylinder.017
Fra:6 Mem:24.94M (Peak 62.85M) | Time:00:00.01 | Mem:0.00M, Peak:0.00M | Scene, ViewLayer | Synchronizing object | geometry_0_cylinder.018
Fra:6 Mem:24.95M (Peak 62.85M) | Time:00:00.01 | Mem:0.00M, Peak:0.00M | Scene, ViewLayer | Synchronizing object | geometry_0_cylinder.019
Fra:6 Mem:24.96M (Peak 62.85M) | Time:00:00.01 | Mem:0.00M, Peak:0.00M | Scene, ViewLayer | Synchronizing object | geometry_0_cylinder.020
Fra:6 Mem:24.96M (Peak 62.85M) | Time:00:00.01 | Mem:0.00M, Peak:0.00M | Scene, ViewLayer | Synchronizing object | geometry_0_cylinder.021
Fra:6 Mem:24.99M (Peak 62.85M) | Time:00:00.01 | Mem:0.00M, Peak:0.00M | Scene, ViewLayer | Synchronizing object | geometry_0_cylinder.022
Fra:6 Mem:25.00M (Peak 62.85M) | Time:00:00.01 | Mem:0.00M, Peak:0.00M | Scene, ViewLayer | Synchronizing object | geometry_0_cylinder.023
Fra:6 Mem:25.01M (Peak 62.85M) | Time:00:00.01 | Mem:0.00M, Peak:0.00M | Scene, ViewLayer | Synchronizing object | geometry_0_cylinder.024
Fra:6 Mem:25.02M (Peak 62.85M) | Time:00:00.01 | Mem:0.00M, Peak:0.00M | Scene, ViewLayer | Synchronizing object | geometry_0_cylinder.025
Fra:6 Mem:25.03M (Peak 62.85M) | Time:00:00.01 | Mem:0.00M, Peak:0.00M | Scene, ViewLayer | Synchronizing object | geometry_0_cylinder.038
Fra:6 Mem:25.04M (Peak 62.85M) | Time:00:00.01 | Mem:0.00M, Peak:0.00M | Scene, ViewLayer | Synchronizing object | geometry_0_cylinder.039
Fra:6 Mem:25.05M (Peak 62.85M) | Time:00:00.01 | Mem:0.00M, Peak:0.00M | Scene, ViewLayer | Synchronizing object | geometry_0_cylinder.040
Fra:6 Mem:25.06M (Peak 62.85M) | Time:00:00.01 | Mem:0.00M, Peak:0.00M | Scene, ViewLayer | Synchronizing object | geometry_0_cylinder.029
Fra:6 Mem:25.07M (Peak 62.85M) | Time:00:00.01 | Mem:0.00M, Peak:0.00M | Scene, ViewLayer | Synchronizing object | geometry_0_cylinder.030
Fra:6 Mem:25.08M (Peak 62.85M) | Time:00:00.01 | Mem:0.00M, Peak:0.00M | Scene, ViewLayer | Synchronizing object | geometry_0_cylinder.031
Fra:6 Mem:25.10M (Peak 62.85M) | Time:00:00.01 | Mem:0.00M, Peak:0.00M | Scene, ViewLayer | Synchronizing object | geometry_0_cylinder.032
Fra:6 Mem:25.11M (Peak 62.85M) | Time:00:00.01 | Mem:0.00M, Peak:0.00M | Scene, ViewLayer | Synchronizing object | geometry_0_cylinder.033
Fra:6 Mem:25.12M (Peak 62.85M) | Time:00:00.01 | Mem:0.00M, Peak:0.00M | Scene, ViewLayer | Synchronizing object | geometry_0_cylinder.034
Fra:6 Mem:25.13M (Peak 62.85M) | Time:00:00.01 | Mem:0.00M, Peak:0.00M | Scene, ViewLayer | Synchronizing object | geometry_0_cylinder.035
Fra:6 Mem:25.13M (Peak 62.85M) | Time:00:00.01 | Mem:0.00M, Peak:0.00M | Scene, ViewLayer | Synchronizing object | geometry_0_cylinder.036
Fra:6 Mem:25.15M (Peak 62.85M) | Time:00:00.01 | Mem:0.00M, Peak:0.00M | Scene, ViewLayer | Synchronizing object | geometry_0_cylinder.037
Fra:6 Mem:25.16M (Peak 62.85M) | Time:00:00.01 | Mem:0.00M, Peak:0.00M | Scene, ViewLayer | Synchronizing object | geometry_0_cylinder.041
Fra:6 Mem:25.17M (Peak 62.85M) | Time:00:00.01 | Mem:0.00M, Peak:0.00M | Scene, ViewLayer | Synchronizing object | geometry_0_cylinder.042
Fra:6 Mem:25.19M (Peak 62.85M) | Time:00:00.01 | Mem:0.00M, Peak:0.00M | Scene, ViewLayer | Synchronizing object | geometry_0_cylinder.044
Fra:6 Mem:25.20M (Peak 62.85M) | Time:00:00.01 | Mem:0.00M, Peak:0.00M | Scene, ViewLayer | Synchronizing object | geometry_0_cylinder.058
Fra:6 Mem:25.21M (Peak 62.85M) | Time:00:00.01 | Mem:0.00M, Peak:0.00M | Scene, ViewLayer | Synchronizing object | geometry_0_cylinder.046
Fra:6 Mem:25.23M (Peak 62.85M) | Time:00:00.01 | Mem:0.00M, Peak:0.00M | Scene, ViewLayer | Synchronizing object | geometry_0_cylinder.055
Fra:6 Mem:25.25M (Peak 62.85M) | Time:00:00.01 | Mem:0.00M, Peak:0.00M | Scene, ViewLayer | Synchronizing object | geometry_0_cylinder.056
Fra:6 Mem:25.27M (Peak 62.85M) | Time:00:00.01 | Mem:0.00M, Peak:0.00M | Scene, ViewLayer | Synchronizing object | geometry_0_cylinder.057
Fra:6 Mem:25.30M (Peak 62.85M) | Time:00:00.01 | Mem:0.00M, Peak:0.00M | Scene, ViewLayer | Synchronizing object | geometry_0_cylinder.047
Fra:6 Mem:25.30M (Peak 62.85M) | Time:00:00.01 | Mem:0.00M, Peak:0.00M | Scene, ViewLayer | Synchronizing object | geometry_0_cylinder.048
Fra:6 Mem:25.35M (Peak 62.85M) | Time:00:00.01 | Mem:0.00M, Peak:0.00M | Scene, ViewLayer | Synchronizing object | geometry_0_sphere
Fra:6 Mem:25.39M (Peak 62.85M) | Time:00:00.01 | Mem:0.00M, Peak:0.00M | Scene, ViewLayer | Synchronizing object | geometry_0_cylinder.050
Fra:6 Mem:25.50M (Peak 62.85M) | Time:00:00.01 | Mem:0.00M, Peak:0.00M | Scene, ViewLayer | Synchronizing object | geometry_0_cylinder.051
Fra:6 Mem:25.54M (Peak 62.85M) | Time:00:00.01 | Mem:0.00M, Peak:0.00M | Scene, ViewLayer | Synchronizing object | geometry_0_cylinder.052
Fra:6 Mem:25.53M (Peak 62.85M) | Time:00:00.01 | Mem:0.00M, Peak:0.00M | Scene, ViewLayer | Synchronizing object | geometry_0_cylinder
Fra:6 Mem:25.54M (Peak 62.85M) | Time:00:00.01 | Mem:0.00M, Peak:0.00M | Scene, ViewLayer | Synchronizing object | geometry_0_cylinder.053
Fra:6 Mem:25.56M (Peak 62.85M) | Time:00:00.01 | Mem:0.00M, Peak:0.00M | Scene, ViewLayer | Synchronizing object | geometry_0_cylinder.015
Fra:6 Mem:25.58M (Peak 62.85M) | Time:00:00.01 | Mem:0.00M, Peak:0.00M | Scene, ViewLayer | Synchronizing object | geometry_0_cylinder.060
Fra:6 Mem:25.61M (Peak 62.85M) | Time:00:00.01 | Mem:0.00M, Peak:0.00M | Scene, ViewLayer | Synchronizing object | geometry_0_cylinder.061
Fra:6 Mem:25.61M (Peak 62.85M) | Time:00:00.01 | Mem:0.00M, Peak:0.00M | Scene, ViewLayer | Synchronizing object | geometry_0_cylinder.014
Fra:6 Mem:25.63M (Peak 62.85M) | Time:00:00.01 | Mem:0.00M, Peak:0.00M | Scene, ViewLayer | Synchronizing object | geometry_0_cylinder.063
Fra:6 Mem:25.64M (Peak 62.85M) | Time:00:00.01 | Mem:0.00M, Peak:0.00M | Scene, ViewLayer | Synchronizing object | geometry_0_cylinder.013
Fra:6 Mem:25.65M (Peak 62.85M) | Time:00:00.01 | Mem:0.00M, Peak:0.00M | Scene, ViewLayer | Synchronizing object | geometry_0_cylinder.064
Fra:6 Mem:25.67M (Peak 62.85M) | Time:00:00.01 | Mem:0.00M, Peak:0.00M | Scene, ViewLayer | Synchronizing object | geometry_0_cylinder.009
Fra:6 Mem:25.67M (Peak 62.85M) | Time:00:00.01 | Mem:0.00M, Peak:0.00M | Scene, ViewLayer | Synchronizing object | geometry_0_cylinder.065
Fra:6 Mem:25.68M (Peak 62.85M) | Time:00:00.01 | Mem:0.00M, Peak:0.00M | Scene, ViewLayer | Synchronizing object | geometry_0_cylinder.012
Fra:6 Mem:25.71M (Peak 62.85M) | Time:00:00.01 | Mem:0.00M, Peak:0.00M | Scene, ViewLayer | Synchronizing object | geometry_0_cylinder.066
Fra:6 Mem:25.71M (Peak 62.85M) | Time:00:00.01 | Mem:0.00M, Peak:0.00M | Scene, ViewLayer | Synchronizing object | geometry_0_cylinder.067
Fra:6 Mem:25.73M (Peak 62.85M) | Time:00:00.01 | Mem:0.00M, Peak:0.00M | Scene, ViewLayer | Synchronizing object | geometry_0_cylinder.068
Fra:6 Mem:25.73M (Peak 62.85M) | Time:00:00.01 | Mem:0.00M, Peak:0.00M | Scene, ViewLayer | Synchronizing object | geometry_0_cylinder.069
Fra:6 Mem:25.75M (Peak 62.85M) | Time:00:00.01 | Mem:0.00M, Peak:0.00M | Scene, ViewLayer | Synchronizing object | geometry_0_cylinder.010
Fra:6 Mem:25.76M (Peak 62.85M) | Time:00:00.01 | Mem:0.00M, Peak:0.00M | Scene, ViewLayer | Synchronizing object | geometry_0_cylinder.070
Fra:6 Mem:25.77M (Peak 62.85M) | Time:00:00.01 | Mem:0.00M, Peak:0.00M | Scene, ViewLayer | Synchronizing object | geometry_0_cylinder.005
Fra:6 Mem:25.78M (Peak 62.85M) | Time:00:00.01 | Mem:0.00M, Peak:0.00M | Scene, ViewLayer | Synchronizing object | geometry_0_cylinder.071
Fra:6 Mem:25.79M (Peak 62.85M) | Time:00:00.01 | Mem:0.00M, Peak:0.00M | Scene, ViewLayer | Synchronizing object | geometry_0_cylinder.072
Fra:6 Mem:25.80M (Peak 62.85M) | Time:00:00.01 | Mem:0.00M, Peak:0.00M | Scene, ViewLayer | Synchronizing object | geometry_0_cylinder.008
Fra:6 Mem:25.81M (Peak 62.85M) | Time:00:00.01 | Mem:0.00M, Peak:0.00M | Scene, ViewLayer | Synchronizing object | geometry_0_cylinder.073
Fra:6 Mem:25.82M (Peak 62.85M) | Time:00:00.01 | Mem:0.00M, Peak:0.00M | Scene, ViewLayer | Synchronizing object | geometry_0_cylinder.007
Fra:6 Mem:25.84M (Peak 62.85M) | Time:00:00.01 | Mem:0.00M, Peak:0.00M | Scene, ViewLayer | Synchronizing object | geometry_0_cylinder.074
Fra:6 Mem:25.86M (Peak 62.85M) | Time:00:00.01 | Mem:0.00M, Peak:0.00M | Scene, ViewLayer | Synchronizing object | geometry_0_cylinder.075
Fra:6 Mem:25.86M (Peak 62.85M) | Time:00:00.01 | Mem:0.00M, Peak:0.00M | Scene, ViewLayer | Synchronizing object | geometry_0_cylinder.076
Fra:6 Mem:25.87M (Peak 62.85M) | Time:00:00.01 | Mem:0.00M, Peak:0.00M | Scene, ViewLayer | Synchronizing object | geometry_0_cylinder.001
Fra:6 Mem:25.90M (Peak 62.85M) | Time:00:00.01 | Mem:0.00M, Peak:0.00M | Scene, ViewLayer | Synchronizing object | geometry_0_cylinder.077
Fra:6 Mem:25.91M (Peak 62.85M) | Time:00:00.01 | Mem:0.00M, Peak:0.00M | Scene, ViewLayer | Synchronizing object | geometry_0_cylinder.078
Fra:6 Mem:25.92M (Peak 62.85M) | Time:00:00.01 | Mem:0.00M, Peak:0.00M | Scene, ViewLayer | Synchronizing object | geometry_0_cylinder.079
Fra:6 Mem:25.93M (Peak 62.85M) | Time:00:00.01 | Mem:0.00M, Peak:0.00M | Scene, ViewLayer | Synchronizing object | geometry_0_cylinder.080
Fra:6 Mem:25.94M (Peak 62.85M) | Time:00:00.01 | Mem:0.00M, Peak:0.00M | Scene, ViewLayer | Synchronizing object | geometry_0_cylinder.081
Fra:6 Mem:25.95M (Peak 62.85M) | Time:00:00.01 | Mem:0.00M, Peak:0.00M | Scene, ViewLayer | Synchronizing object | geometry_0_cylinder.082
Fra:6 Mem:25.98M (Peak 62.85M) | Time:00:00.01 | Mem:0.00M, Peak:0.00M | Scene, ViewLayer | Synchronizing object | geometry_0_cylinder.083
Fra:6 Mem:25.99M (Peak 62.85M) | Time:00:00.01 | Mem:0.00M, Peak:0.00M | Scene, ViewLayer | Synchronizing object | geometry_0_cylinder.003
Fra:6 Mem:25.99M (Peak 62.85M) | Time:00:00.01 | Mem:0.00M, Peak:0.00M | Scene, ViewLayer | Synchronizing object | geometry_0_cylinder.085
Fra:6 Mem:26.00M (Peak 62.85M) | Time:00:00.01 | Mem:0.00M, Peak:0.00M | Scene, ViewLayer | Synchronizing object | geometry_0_cylinder.086
Fra:6 Mem:26.04M (Peak 62.85M) | Time:00:00.01 | Mem:0.00M, Peak:0.00M | Scene, ViewLayer | Synchronizing object | geometry_0_cylinder.087
Fra:6 Mem:26.04M (Peak 62.85M) | Time:00:00.01 | Mem:0.00M, Peak:0.00M | Scene, ViewLayer | Synchronizing object | geometry_0_cylinder.002
Fra:6 Mem:26.04M (Peak 62.85M) | Time:00:00.01 | Mem:0.00M, Peak:0.00M | Scene, ViewLayer | Synchronizing object | geometry_0_cylinder.089
Fra:6 Mem:26.06M (Peak 62.85M) | Time:00:00.01 | Mem:0.00M, Peak:0.00M | Scene, ViewLayer | Synchronizing object | geometry_0_cylinder.090
Fra:6 Mem:26.09M (Peak 62.85M) | Time:00:00.01 | Mem:0.00M, Peak:0.00M | Scene, ViewLayer | Synchronizing object | geometry_0_cylinder.091
Fra:6 Mem:26.10M (Peak 62.85M) | Time:00:00.01 | Mem:0.00M, Peak:0.00M | Scene, ViewLayer | Synchronizing object | geometry_0_cylinder.045
Fra:6 Mem:26.10M (Peak 62.85M) | Time:00:00.01 | Mem:0.00M, Peak:0.00M | Scene, ViewLayer | Synchronizing object | geometry_0_cylinder.093
Fra:6 Mem:26.11M (Peak 62.85M) | Time:00:00.01 | Mem:0.00M, Peak:0.00M | Scene, ViewLayer | Synchronizing object | geometry_0_cylinder.094
Fra:6 Mem:26.14M (Peak 62.85M) | Time:00:00.01 | Mem:0.00M, Peak:0.00M | Scene, ViewLayer | Synchronizing object | geometry_0_cylinder.095
Fra:6 Mem:26.15M (Peak 62.85M) | Time:00:00.01 | Mem:0.00M, Peak:0.00M | Scene, ViewLayer | Synchronizing object | geometry_0_cylinder.059
Fra:6 Mem:26.15M (Peak 62.85M) | Time:00:00.01 | Mem:0.00M, Peak:0.00M | Scene, ViewLayer | Synchronizing object | geometry_0_cylinder.097
Fra:6 Mem:26.17M (Peak 62.85M) | Time:00:00.01 | Mem:0.00M, Peak:0.00M | Scene, ViewLayer | Synchronizing object | geometry_0_cylinder.098
Fra:6 Mem:26.18M (Peak 62.85M) | Time:00:00.01 | Mem:0.00M, Peak:0.00M | Scene, ViewLayer | Synchronizing object | geometry_0_cylinder.099
Fra:6 Mem:26.19M (Peak 62.85M) | Time:00:00.01 | Mem:0.00M, Peak:0.00M | Scene, ViewLayer | Synchronizing object | geometry_0_cylinder.100
Fra:6 Mem:26.21M (Peak 62.85M) | Time:00:00.01 | Mem:0.00M, Peak:0.00M | Scene, ViewLayer | Synchronizing object | geometry_0_cylinder.101
Fra:6 Mem:26.23M (Peak 62.85M) | Time:00:00.01 | Mem:0.00M, Peak:0.00M | Scene, ViewLayer | Synchronizing object | geometry_0_cylinder.107
Fra:6 Mem:26.23M (Peak 62.85M) | Time:00:00.01 | Mem:0.00M, Peak:0.00M | Scene, ViewLayer | Synchronizing object | geometry_0_cylinder.103
Fra:6 Mem:26.24M (Peak 62.85M) | Time:00:00.01 | Mem:0.00M, Peak:0.00M | Scene, ViewLayer | Synchronizing object | geometry_0_cylinder.104
Fra:6 Mem:26.27M (Peak 62.85M) | Time:00:00.01 | Mem:0.00M, Peak:0.00M | Scene, ViewLayer | Synchronizing object | geometry_0_cylinder.105
Fra:6 Mem:26.28M (Peak 62.85M) | Time:00:00.01 | Mem:0.00M, Peak:0.00M | Scene, ViewLayer | Synchronizing object | geometry_0_cylinder.106
Fra:6 Mem:26.29M (Peak 62.85M) | Time:00:00.01 | Mem:0.00M, Peak:0.00M | Scene, ViewLayer | Initializing
Fra:6 Mem:21.10M (Peak 62.85M) | Time:00:00.01 | Mem:0.00M, Peak:0.00M | Scene, ViewLayer | Waiting for render to start
Fra:6 Mem:21.11M (Peak 62.85M) | Time:00:00.01 | Mem:0.00M, Peak:0.00M | Scene, ViewLayer | Loading render kernels (may take a few minutes the first time)
Fra:6 Mem:21.11M (Peak 62.85M) | Time:00:00.01 | Mem:0.00M, Peak:0.00M | Scene, ViewLayer | Updating Scene
Fra:6 Mem:21.11M (Peak 62.85M) | Time:00:00.01 | Mem:0.00M, Peak:0.00M | Scene, ViewLayer | Updating Shaders
Fra:6 Mem:21.19M (Peak 62.85M) | Time:00:00.01 | Mem:0.00M, Peak:0.00M | Scene, ViewLayer | Updating Procedurals
Fra:6 Mem:21.19M (Peak 62.85M) | Time:00:00.01 | Mem:0.00M, Peak:0.00M | Scene, ViewLayer | Updating Background
Fra:6 Mem:21.19M (Peak 62.85M) | Time:00:00.01 | Mem:0.00M, Peak:0.00M | Scene, ViewLayer | Updating Camera
Fra:6 Mem:21.19M (Peak 62.85M) | Time:00:00.01 | Mem:0.00M, Peak:0.00M | Scene, ViewLayer | Updating Meshes Flags
Fra:6 Mem:21.19M (Peak 62.85M) | Time:00:00.01 | Mem:0.00M, Peak:0.00M | Scene, ViewLayer | Updating Objects
Fra:6 Mem:21.19M (Peak 62.85M) | Time:00:00.01 | Mem:0.00M, Peak:0.00M | Scene, ViewLayer | Updating Objects | Copying Transformations to device
Fra:6 Mem:21.21M (Peak 62.85M) | Time:00:00.01 | Mem:0.03M, Peak:0.03M | Scene, ViewLayer | Updating Objects | Applying Static Transformations
Fra:6 Mem:21.21M (Peak 62.85M) | Time:00:00.01 | Mem:0.03M, Peak:0.03M | Scene, ViewLayer | Updating Particle Systems
Fra:6 Mem:21.21M (Peak 62.85M) | Time:00:00.01 | Mem:0.03M, Peak:0.03M | Scene, ViewLayer | Updating Particle Systems | Copying Particles to device
Fra:6 Mem:21.21M (Peak 62.85M) | Time:00:00.01 | Mem:0.03M, Peak:0.03M | Scene, ViewLayer | Updating Meshes
Fra:6 Mem:21.46M (Peak 62.85M) | Time:00:00.01 | Mem:0.03M, Peak:0.03M | Scene, ViewLayer | Updating Mesh | Computing attributes
Fra:6 Mem:21.77M (Peak 62.85M) | Time:00:00.01 | Mem:0.03M, Peak:0.03M | Scene, ViewLayer | Updating Mesh | Copying Attributes to device
Fra:6 Mem:21.75M (Peak 62.85M) | Time:00:00.01 | Mem:0.32M, Peak:0.32M | Scene, ViewLayer | Updating Scene BVH | Building
Fra:6 Mem:21.75M (Peak 62.85M) | Time:00:00.01 | Mem:0.32M, Peak:0.32M | Scene, ViewLayer | Updating Scene BVH | Building BVH
Fra:6 Mem:21.75M (Peak 62.85M) | Time:00:00.01 | Mem:0.81M, Peak:0.81M | Scene, ViewLayer | Updating Scene BVH | Building BVH 0%
Fra:6 Mem:21.75M (Peak 62.85M) | Time:00:00.01 | Mem:1.34M, Peak:1.82M | Scene, ViewLayer | Updating Scene BVH | Copying BVH to device
Fra:6 Mem:21.75M (Peak 62.85M) | Time:00:00.01 | Mem:1.34M, Peak:1.82M | Scene, ViewLayer | Updating Mesh | Computing normals
Fra:6 Mem:22.82M (Peak 62.85M) | Time:00:00.01 | Mem:1.34M, Peak:1.82M | Scene, ViewLayer | Updating Mesh | Copying Mesh to device
Fra:6 Mem:22.82M (Peak 62.85M) | Time:00:00.01 | Mem:2.41M, Peak:2.41M | Scene, ViewLayer | Updating Objects Flags
Fra:6 Mem:22.82M (Peak 62.85M) | Time:00:00.01 | Mem:2.41M, Peak:2.41M | Scene, ViewLayer | Updating Primitive Offsets
Fra:6 Mem:22.82M (Peak 62.85M) | Time:00:00.01 | Mem:2.41M, Peak:2.41M | Scene, ViewLayer | Updating Images
Fra:6 Mem:22.82M (Peak 62.85M) | Time:00:00.01 | Mem:2.41M, Peak:2.41M | Scene, ViewLayer | Updating Camera Volume
Fra:6 Mem:22.82M (Peak 62.85M) | Time:00:00.01 | Mem:2.41M, Peak:2.41M | Scene, ViewLayer | Updating Lookup Tables
Fra:6 Mem:22.82M (Peak 62.85M) | Time:00:00.01 | Mem:2.49M, Peak:2.49M | Scene, ViewLayer | Updating Lights
Fra:6 Mem:22.82M (Peak 62.85M) | Time:00:00.01 | Mem:2.49M, Peak:2.49M | Scene, ViewLayer | Updating Lights | Computing distribution
Fra:6 Mem:22.82M (Peak 62.85M) | Time:00:00.01 | Mem:2.49M, Peak:2.49M | Scene, ViewLayer | Updating Lights | Computing tree
Fra:6 Mem:22.82M (Peak 62.85M) | Time:00:00.01 | Mem:2.49M, Peak:2.49M | Scene, ViewLayer | Updating Integrator
Fra:6 Mem:23.82M (Peak 62.85M) | Time:00:00.01 | Mem:3.49M, Peak:3.49M | Scene, ViewLayer | Updating Film
Fra:6 Mem:23.82M (Peak 62.85M) | Time:00:00.01 | Mem:3.41M, Peak:3.49M | Scene, ViewLayer | Updating Lookup Tables
Fra:6 Mem:23.82M (Peak 62.85M) | Time:00:00.01 | Mem:3.49M, Peak:3.49M | Scene, ViewLayer | Updating Baking
Fra:6 Mem:23.82M (Peak 62.85M) | Time:00:00.01 | Mem:3.49M, Peak:3.49M | Scene, ViewLayer | Updating Device | Writing constant memory
Fra:6 Mem:23.83M (Peak 62.85M) | Time:00:00.01 | Mem:3.49M, Peak:3.49M | Scene, ViewLayer | Sample 0/32
Fra:6 Mem:42.84M (Peak 62.85M) | Time:00:00.03 | Remaining:00:00.57 | Mem:22.49M, Peak:22.49M | Scene, ViewLayer | Sample 1/32
Fra:6 Mem:50.84M (Peak 62.85M) | Time:00:01.83 | Mem:22.49M, Peak:22.49M | Scene, ViewLayer | Sample 32/32
Fra:6 Mem:50.84M (Peak 62.85M) | Time:00:01.83 | Mem:22.49M, Peak:22.49M | Scene, ViewLayer | Finished
Fra:6 Mem:27.70M (Peak 62.85M) | Time:00:01.83 | Compositing
Fra:6 Mem:27.70M (Peak 62.85M) | Time:00:01.83 | Compositing | Determining resolution
Fra:6 Mem:27.70M (Peak 62.85M) | Time:00:01.83 | Compositing | Initializing execution
Fra:6 Mem:27.70M (Peak 62.85M) | Time:00:01.83 | Compositing | De-initializing execution
Saved: '/vepfs_default/chanxueyan/lhp/lms/aDSL/temp/geometry_expression_20260929/A/SF21/views/render_0006.png'
Time: 00:01.88 (Saving: 00:00.04)

Fra:7 Mem:24.87M (Peak 62.85M) | Time:00:00.01 | Mem:0.00M, Peak:0.00M | Scene, ViewLayer | Synchronizing object | geometry_0_cylinder.016
Fra:7 Mem:24.88M (Peak 62.85M) | Time:00:00.01 | Mem:0.00M, Peak:0.00M | Scene, ViewLayer | Synchronizing object | geometry_0_cylinder.043
Fra:7 Mem:24.89M (Peak 62.85M) | Time:00:00.01 | Mem:0.00M, Peak:0.00M | Scene, ViewLayer | Synchronizing object | geometry_0_cylinder.026
Fra:7 Mem:24.91M (Peak 62.85M) | Time:00:00.01 | Mem:0.00M, Peak:0.00M | Scene, ViewLayer | Synchronizing object | geometry_0_cylinder.027
Fra:7 Mem:24.92M (Peak 62.85M) | Time:00:00.01 | Mem:0.00M, Peak:0.00M | Scene, ViewLayer | Synchronizing object | geometry_0_cylinder.028
Fra:7 Mem:24.93M (Peak 62.85M) | Time:00:00.01 | Mem:0.00M, Peak:0.00M | Scene, ViewLayer | Synchronizing object | geometry_0_cylinder.017
Fra:7 Mem:24.94M (Peak 62.85M) | Time:00:00.01 | Mem:0.00M, Peak:0.00M | Scene, ViewLayer | Synchronizing object | geometry_0_cylinder.018
Fra:7 Mem:24.95M (Peak 62.85M) | Time:00:00.01 | Mem:0.00M, Peak:0.00M | Scene, ViewLayer | Synchronizing object | geometry_0_cylinder.019
Fra:7 Mem:24.96M (Peak 62.85M) | Time:00:00.01 | Mem:0.00M, Peak:0.00M | Scene, ViewLayer | Synchronizing object | geometry_0_cylinder.020
Fra:7 Mem:24.98M (Peak 62.85M) | Time:00:00.01 | Mem:0.00M, Peak:0.00M | Scene, ViewLayer | Synchronizing object | geometry_0_cylinder.021
Fra:7 Mem:24.98M (Peak 62.85M) | Time:00:00.01 | Mem:0.00M, Peak:0.00M | Scene, ViewLayer | Synchronizing object | geometry_0_cylinder.022
Fra:7 Mem:25.00M (Peak 62.85M) | Time:00:00.01 | Mem:0.00M, Peak:0.00M | Scene, ViewLayer | Synchronizing object | geometry_0_cylinder.023
Fra:7 Mem:25.01M (Peak 62.85M) | Time:00:00.01 | Mem:0.00M, Peak:0.00M | Scene, ViewLayer | Synchronizing object | geometry_0_cylinder.024
Fra:7 Mem:25.02M (Peak 62.85M) | Time:00:00.01 | Mem:0.00M, Peak:0.00M | Scene, ViewLayer | Synchronizing object | geometry_0_cylinder.025
Fra:7 Mem:25.03M (Peak 62.85M) | Time:00:00.01 | Mem:0.00M, Peak:0.00M | Scene, ViewLayer | Synchronizing object | geometry_0_cylinder.038
Fra:7 Mem:25.03M (Peak 62.85M) | Time:00:00.01 | Mem:0.00M, Peak:0.00M | Scene, ViewLayer | Synchronizing object | geometry_0_cylinder.039
Fra:7 Mem:25.05M (Peak 62.85M) | Time:00:00.01 | Mem:0.00M, Peak:0.00M | Scene, ViewLayer | Synchronizing object | geometry_0_cylinder.040
Fra:7 Mem:25.06M (Peak 62.85M) | Time:00:00.01 | Mem:0.00M, Peak:0.00M | Scene, ViewLayer | Synchronizing object | geometry_0_cylinder.029
Fra:7 Mem:25.07M (Peak 62.85M) | Time:00:00.01 | Mem:0.00M, Peak:0.00M | Scene, ViewLayer | Synchronizing object | geometry_0_cylinder.030
Fra:7 Mem:25.08M (Peak 62.85M) | Time:00:00.01 | Mem:0.00M, Peak:0.00M | Scene, ViewLayer | Synchronizing object | geometry_0_cylinder.031
Fra:7 Mem:25.10M (Peak 62.85M) | Time:00:00.01 | Mem:0.00M, Peak:0.00M | Scene, ViewLayer | Synchronizing object | geometry_0_cylinder.032
Fra:7 Mem:25.11M (Peak 62.85M) | Time:00:00.01 | Mem:0.00M, Peak:0.00M | Scene, ViewLayer | Synchronizing object | geometry_0_cylinder.033
Fra:7 Mem:25.12M (Peak 62.85M) | Time:00:00.01 | Mem:0.00M, Peak:0.00M | Scene, ViewLayer | Synchronizing object | geometry_0_cylinder.034
Fra:7 Mem:25.13M (Peak 62.85M) | Time:00:00.01 | Mem:0.00M, Peak:0.00M | Scene, ViewLayer | Synchronizing object | geometry_0_cylinder.035
Fra:7 Mem:25.14M (Peak 62.85M) | Time:00:00.01 | Mem:0.00M, Peak:0.00M | Scene, ViewLayer | Synchronizing object | geometry_0_cylinder.036
Fra:7 Mem:25.15M (Peak 62.85M) | Time:00:00.01 | Mem:0.00M, Peak:0.00M | Scene, ViewLayer | Synchronizing object | geometry_0_cylinder.037
Fra:7 Mem:25.17M (Peak 62.85M) | Time:00:00.01 | Mem:0.00M, Peak:0.00M | Scene, ViewLayer | Synchronizing object | geometry_0_cylinder.041
Fra:7 Mem:25.17M (Peak 62.85M) | Time:00:00.01 | Mem:0.00M, Peak:0.00M | Scene, ViewLayer | Synchronizing object | geometry_0_cylinder.042
Fra:7 Mem:25.18M (Peak 62.85M) | Time:00:00.01 | Mem:0.00M, Peak:0.00M | Scene, ViewLayer | Synchronizing object | geometry_0_cylinder.044
Fra:7 Mem:25.20M (Peak 62.85M) | Time:00:00.01 | Mem:0.00M, Peak:0.00M | Scene, ViewLayer | Synchronizing object | geometry_0_cylinder.058
Fra:7 Mem:25.21M (Peak 62.85M) | Time:00:00.01 | Mem:0.00M, Peak:0.00M | Scene, ViewLayer | Synchronizing object | geometry_0_cylinder.046
Fra:7 Mem:25.21M (Peak 62.85M) | Time:00:00.01 | Mem:0.00M, Peak:0.00M | Scene, ViewLayer | Synchronizing object | geometry_0_cylinder.055
Fra:7 Mem:25.25M (Peak 62.85M) | Time:00:00.01 | Mem:0.00M, Peak:0.00M | Scene, ViewLayer | Synchronizing object | geometry_0_cylinder.056
Fra:7 Mem:25.27M (Peak 62.85M) | Time:00:00.01 | Mem:0.00M, Peak:0.00M | Scene, ViewLayer | Synchronizing object | geometry_0_cylinder.057
Fra:7 Mem:25.30M (Peak 62.85M) | Time:00:00.01 | Mem:0.00M, Peak:0.00M | Scene, ViewLayer | Synchronizing object | geometry_0_cylinder.047
Fra:7 Mem:25.31M (Peak 62.85M) | Time:00:00.01 | Mem:0.00M, Peak:0.00M | Scene, ViewLayer | Synchronizing object | geometry_0_cylinder.048
Fra:7 Mem:25.34M (Peak 62.85M) | Time:00:00.01 | Mem:0.00M, Peak:0.00M | Scene, ViewLayer | Synchronizing object | geometry_0_cylinder.049
Fra:7 Mem:25.35M (Peak 62.85M) | Time:00:00.01 | Mem:0.00M, Peak:0.00M | Scene, ViewLayer | Synchronizing object | geometry_0_cylinder.050
Fra:7 Mem:25.39M (Peak 62.85M) | Time:00:00.01 | Mem:0.00M, Peak:0.00M | Scene, ViewLayer | Synchronizing object | geometry_0_cylinder.051
Fra:7 Mem:25.40M (Peak 62.85M) | Time:00:00.01 | Mem:0.00M, Peak:0.00M | Scene, ViewLayer | Synchronizing object | geometry_0_cylinder.052
Fra:7 Mem:25.42M (Peak 62.85M) | Time:00:00.01 | Mem:0.00M, Peak:0.00M | Scene, ViewLayer | Synchronizing object | geometry_0_cylinder.053
Fra:7 Mem:25.45M (Peak 62.85M) | Time:00:00.01 | Mem:0.00M, Peak:0.00M | Scene, ViewLayer | Synchronizing object | geometry_0_cylinder.054
Fra:7 Mem:25.47M (Peak 62.85M) | Time:00:00.01 | Mem:0.00M, Peak:0.00M | Scene, ViewLayer | Synchronizing object | geometry_0_sphere
Fra:7 Mem:25.52M (Peak 62.85M) | Time:00:00.01 | Mem:0.00M, Peak:0.00M | Scene, ViewLayer | Synchronizing object | geometry_0_cylinder.061
Fra:7 Mem:25.60M (Peak 62.85M) | Time:00:00.01 | Mem:0.00M, Peak:0.00M | Scene, ViewLayer | Synchronizing object | geometry_0_cylinder.062
Fra:7 Mem:25.64M (Peak 62.85M) | Time:00:00.01 | Mem:0.00M, Peak:0.00M | Scene, ViewLayer | Synchronizing object | geometry_0_cylinder.063
Fra:7 Mem:25.65M (Peak 62.85M) | Time:00:00.01 | Mem:0.00M, Peak:0.00M | Scene, ViewLayer | Synchronizing object | geometry_0_cylinder.064
Fra:7 Mem:25.63M (Peak 62.85M) | Time:00:00.01 | Mem:0.00M, Peak:0.00M | Scene, ViewLayer | Synchronizing object | geometry_0_cylinder.065
Fra:7 Mem:25.64M (Peak 62.85M) | Time:00:00.01 | Mem:0.00M, Peak:0.00M | Scene, ViewLayer | Synchronizing object | geometry_0_cylinder.066
Fra:7 Mem:25.65M (Peak 62.85M) | Time:00:00.01 | Mem:0.00M, Peak:0.00M | Scene, ViewLayer | Synchronizing object | geometry_0_cylinder.015
Fra:7 Mem:25.67M (Peak 62.85M) | Time:00:00.01 | Mem:0.00M, Peak:0.00M | Scene, ViewLayer | Synchronizing object | geometry_0_cylinder.067
Fra:7 Mem:25.67M (Peak 62.85M) | Time:00:00.01 | Mem:0.00M, Peak:0.00M | Scene, ViewLayer | Synchronizing object | geometry_0_cylinder.014
Fra:7 Mem:25.68M (Peak 62.85M) | Time:00:00.01 | Mem:0.00M, Peak:0.00M | Scene, ViewLayer | Synchronizing object | geometry_0_cylinder.068
Fra:7 Mem:25.69M (Peak 62.85M) | Time:00:00.01 | Mem:0.00M, Peak:0.00M | Scene, ViewLayer | Synchronizing object | geometry_0_cylinder.069
Fra:7 Mem:25.72M (Peak 62.85M) | Time:00:00.01 | Mem:0.00M, Peak:0.00M | Scene, ViewLayer | Synchronizing object | geometry_0_cylinder.070
Fra:7 Mem:25.72M (Peak 62.85M) | Time:00:00.01 | Mem:0.00M, Peak:0.00M | Scene, ViewLayer | Synchronizing object | geometry_0_cylinder.013
Fra:7 Mem:25.75M (Peak 62.85M) | Time:00:00.01 | Mem:0.00M, Peak:0.00M | Scene, ViewLayer | Synchronizing object | geometry_0_cylinder.072
Fra:7 Mem:25.75M (Peak 62.85M) | Time:00:00.01 | Mem:0.00M, Peak:0.00M | Scene, ViewLayer | Synchronizing object | geometry_0_cylinder.009
Fra:7 Mem:25.78M (Peak 62.85M) | Time:00:00.01 | Mem:0.00M, Peak:0.00M | Scene, ViewLayer | Synchronizing object | geometry_0_cylinder.074
Fra:7 Mem:25.79M (Peak 62.85M) | Time:00:00.01 | Mem:0.00M, Peak:0.00M | Scene, ViewLayer | Synchronizing object | geometry_0_cylinder.012
Fra:7 Mem:25.80M (Peak 62.85M) | Time:00:00.01 | Mem:0.00M, Peak:0.00M | Scene, ViewLayer | Synchronizing object | geometry_0_cylinder.076
Fra:7 Mem:25.82M (Peak 62.85M) | Time:00:00.01 | Mem:0.00M, Peak:0.00M | Scene, ViewLayer | Synchronizing object | geometry_0_cylinder.011
Fra:7 Mem:25.83M (Peak 62.85M) | Time:00:00.01 | Mem:0.00M, Peak:0.00M | Scene, ViewLayer | Synchronizing object | geometry_0_cylinder.077
Fra:7 Mem:25.84M (Peak 62.85M) | Time:00:00.01 | Mem:0.00M, Peak:0.00M | Scene, ViewLayer | Synchronizing object | geometry_0_cylinder.078
Fra:7 Mem:25.85M (Peak 62.85M) | Time:00:00.01 | Mem:0.00M, Peak:0.00M | Scene, ViewLayer | Synchronizing object | geometry_0_cylinder.010
Fra:7 Mem:25.85M (Peak 62.85M) | Time:00:00.01 | Mem:0.00M, Peak:0.00M | Scene, ViewLayer | Synchronizing object | geometry_0_cylinder.079
Fra:7 Mem:25.87M (Peak 62.85M) | Time:00:00.01 | Mem:0.00M, Peak:0.00M | Scene, ViewLayer | Synchronizing object | geometry_0_cylinder.080
Fra:7 Mem:25.88M (Peak 62.85M) | Time:00:00.01 | Mem:0.00M, Peak:0.00M | Scene, ViewLayer | Synchronizing object | geometry_0_cylinder.081
Fra:7 Mem:25.88M (Peak 62.85M) | Time:00:00.01 | Mem:0.00M, Peak:0.00M | Scene, ViewLayer | Synchronizing object | geometry_0_cylinder.082
Fra:7 Mem:25.91M (Peak 62.85M) | Time:00:00.01 | Mem:0.00M, Peak:0.00M | Scene, ViewLayer | Synchronizing object | geometry_0_cylinder.083
Fra:7 Mem:25.92M (Peak 62.85M) | Time:00:00.01 | Mem:0.00M, Peak:0.00M | Scene, ViewLayer | Synchronizing object | geometry_0_cylinder.005
Fra:7 Mem:25.93M (Peak 62.85M) | Time:00:00.01 | Mem:0.00M, Peak:0.00M | Scene, ViewLayer | Synchronizing object | geometry_0_cylinder.085
Fra:7 Mem:25.94M (Peak 62.85M) | Time:00:00.01 | Mem:0.00M, Peak:0.00M | Scene, ViewLayer | Synchronizing object | geometry_0_cylinder.008
Fra:7 Mem:25.96M (Peak 62.85M) | Time:00:00.01 | Mem:0.00M, Peak:0.00M | Scene, ViewLayer | Synchronizing object | geometry_0_cylinder.086
Fra:7 Mem:25.96M (Peak 62.85M) | Time:00:00.01 | Mem:0.00M, Peak:0.00M | Scene, ViewLayer | Synchronizing object | geometry_0_cylinder.007
Fra:7 Mem:25.98M (Peak 62.85M) | Time:00:00.01 | Mem:0.00M, Peak:0.00M | Scene, ViewLayer | Synchronizing object | geometry_0_cylinder.087
Fra:7 Mem:25.98M (Peak 62.85M) | Time:00:00.01 | Mem:0.00M, Peak:0.00M | Scene, ViewLayer | Synchronizing object | geometry_0_cylinder.006
Fra:7 Mem:26.00M (Peak 62.85M) | Time:00:00.01 | Mem:0.00M, Peak:0.00M | Scene, ViewLayer | Synchronizing object | geometry_0_cylinder.088
Fra:7 Mem:26.01M (Peak 62.85M) | Time:00:00.01 | Mem:0.00M, Peak:0.00M | Scene, ViewLayer | Synchronizing object | geometry_0_cylinder.001
Fra:7 Mem:26.02M (Peak 62.85M) | Time:00:00.01 | Mem:0.00M, Peak:0.00M | Scene, ViewLayer | Synchronizing object | geometry_0_cylinder.089
Fra:7 Mem:26.03M (Peak 62.85M) | Time:00:00.01 | Mem:0.00M, Peak:0.00M | Scene, ViewLayer | Synchronizing object | geometry_0_cylinder.004
Fra:7 Mem:26.04M (Peak 62.85M) | Time:00:00.01 | Mem:0.00M, Peak:0.00M | Scene, ViewLayer | Synchronizing object | geometry_0_cylinder.090
Fra:7 Mem:26.06M (Peak 62.85M) | Time:00:00.01 | Mem:0.00M, Peak:0.00M | Scene, ViewLayer | Synchronizing object | geometry_0_cylinder.091
Fra:7 Mem:26.06M (Peak 62.85M) | Time:00:00.01 | Mem:0.00M, Peak:0.00M | Scene, ViewLayer | Synchronizing object | geometry_0_cylinder.003
Fra:7 Mem:26.07M (Peak 62.85M) | Time:00:00.01 | Mem:0.00M, Peak:0.00M | Scene, ViewLayer | Synchronizing object | geometry_0_cylinder.092
Fra:7 Mem:26.08M (Peak 62.85M) | Time:00:00.01 | Mem:0.00M, Peak:0.00M | Scene, ViewLayer | Synchronizing object | geometry_0_cylinder.093
Fra:7 Mem:26.11M (Peak 62.85M) | Time:00:00.01 | Mem:0.00M, Peak:0.00M | Scene, ViewLayer | Synchronizing object | geometry_0_cylinder.094
Fra:7 Mem:26.12M (Peak 62.85M) | Time:00:00.01 | Mem:0.00M, Peak:0.00M | Scene, ViewLayer | Synchronizing object | geometry_0_cylinder.002
Fra:7 Mem:26.13M (Peak 62.85M) | Time:00:00.01 | Mem:0.00M, Peak:0.00M | Scene, ViewLayer | Synchronizing object | geometry_0_cylinder.096
Fra:7 Mem:26.13M (Peak 62.85M) | Time:00:00.01 | Mem:0.00M, Peak:0.00M | Scene, ViewLayer | Synchronizing object | geometry_0_cylinder.097
Fra:7 Mem:26.15M (Peak 62.85M) | Time:00:00.01 | Mem:0.00M, Peak:0.00M | Scene, ViewLayer | Synchronizing object | geometry_0_cylinder.098
Fra:7 Mem:26.17M (Peak 62.85M) | Time:00:00.01 | Mem:0.00M, Peak:0.00M | Scene, ViewLayer | Synchronizing object | geometry_0_cylinder.099
Fra:7 Mem:26.18M (Peak 62.85M) | Time:00:00.01 | Mem:0.00M, Peak:0.00M | Scene, ViewLayer | Synchronizing object | geometry_0_cylinder.100
Fra:7 Mem:26.20M (Peak 62.85M) | Time:00:00.01 | Mem:0.00M, Peak:0.00M | Scene, ViewLayer | Synchronizing object | geometry_0_cylinder.101
Fra:7 Mem:26.20M (Peak 62.85M) | Time:00:00.01 | Mem:0.00M, Peak:0.00M | Scene, ViewLayer | Synchronizing object | geometry_0_cylinder.059
Fra:7 Mem:26.21M (Peak 62.85M) | Time:00:00.01 | Mem:0.00M, Peak:0.00M | Scene, ViewLayer | Synchronizing object | geometry_0_cylinder.102
Fra:7 Mem:26.23M (Peak 62.85M) | Time:00:00.01 | Mem:0.00M, Peak:0.00M | Scene, ViewLayer | Synchronizing object | geometry_0_cylinder.103
Fra:7 Mem:26.24M (Peak 62.85M) | Time:00:00.01 | Mem:0.00M, Peak:0.00M | Scene, ViewLayer | Synchronizing object | geometry_0_cylinder.107
Fra:7 Mem:26.25M (Peak 62.85M) | Time:00:00.01 | Mem:0.00M, Peak:0.00M | Scene, ViewLayer | Synchronizing object | geometry_0_cylinder.104
Fra:7 Mem:26.26M (Peak 62.85M) | Time:00:00.01 | Mem:0.00M, Peak:0.00M | Scene, ViewLayer | Synchronizing object | geometry_0_cylinder.105
Fra:7 Mem:26.27M (Peak 62.85M) | Time:00:00.01 | Mem:0.00M, Peak:0.00M | Scene, ViewLayer | Synchronizing object | geometry_0_cylinder.106
Fra:7 Mem:26.29M (Peak 62.85M) | Time:00:00.01 | Mem:0.00M, Peak:0.00M | Scene, ViewLayer | Initializing
Fra:7 Mem:21.10M (Peak 62.85M) | Time:00:00.01 | Mem:0.00M, Peak:0.00M | Scene, ViewLayer | Waiting for render to start
Fra:7 Mem:21.11M (Peak 62.85M) | Time:00:00.01 | Mem:0.00M, Peak:0.00M | Scene, ViewLayer | Loading render kernels (may take a few minutes the first time)
Fra:7 Mem:21.11M (Peak 62.85M) | Time:00:00.01 | Mem:0.00M, Peak:0.00M | Scene, ViewLayer | Updating Scene
Fra:7 Mem:21.11M (Peak 62.85M) | Time:00:00.01 | Mem:0.00M, Peak:0.00M | Scene, ViewLayer | Updating Shaders
Fra:7 Mem:21.19M (Peak 62.85M) | Time:00:00.01 | Mem:0.00M, Peak:0.00M | Scene, ViewLayer | Updating Procedurals
Fra:7 Mem:21.19M (Peak 62.85M) | Time:00:00.01 | Mem:0.00M, Peak:0.00M | Scene, ViewLayer | Updating Background
Fra:7 Mem:21.19M (Peak 62.85M) | Time:00:00.01 | Mem:0.00M, Peak:0.00M | Scene, ViewLayer | Updating Camera
Fra:7 Mem:21.19M (Peak 62.85M) | Time:00:00.01 | Mem:0.00M, Peak:0.00M | Scene, ViewLayer | Updating Meshes Flags
Fra:7 Mem:21.19M (Peak 62.85M) | Time:00:00.01 | Mem:0.00M, Peak:0.00M | Scene, ViewLayer | Updating Objects
Fra:7 Mem:21.19M (Peak 62.85M) | Time:00:00.01 | Mem:0.00M, Peak:0.00M | Scene, ViewLayer | Updating Objects | Copying Transformations to device
Fra:7 Mem:21.21M (Peak 62.85M) | Time:00:00.01 | Mem:0.03M, Peak:0.03M | Scene, ViewLayer | Updating Objects | Applying Static Transformations
Fra:7 Mem:21.21M (Peak 62.85M) | Time:00:00.01 | Mem:0.03M, Peak:0.03M | Scene, ViewLayer | Updating Particle Systems
Fra:7 Mem:21.21M (Peak 62.85M) | Time:00:00.01 | Mem:0.03M, Peak:0.03M | Scene, ViewLayer | Updating Particle Systems | Copying Particles to device
Fra:7 Mem:21.21M (Peak 62.85M) | Time:00:00.01 | Mem:0.03M, Peak:0.03M | Scene, ViewLayer | Updating Meshes
Fra:7 Mem:21.46M (Peak 62.85M) | Time:00:00.01 | Mem:0.03M, Peak:0.03M | Scene, ViewLayer | Updating Mesh | Computing attributes
Fra:7 Mem:21.77M (Peak 62.85M) | Time:00:00.01 | Mem:0.03M, Peak:0.03M | Scene, ViewLayer | Updating Mesh | Copying Attributes to device
Fra:7 Mem:21.75M (Peak 62.85M) | Time:00:00.01 | Mem:0.32M, Peak:0.32M | Scene, ViewLayer | Updating Scene BVH | Building
Fra:7 Mem:21.75M (Peak 62.85M) | Time:00:00.01 | Mem:0.32M, Peak:0.32M | Scene, ViewLayer | Updating Scene BVH | Building BVH
Fra:7 Mem:21.75M (Peak 62.85M) | Time:00:00.01 | Mem:0.81M, Peak:0.81M | Scene, ViewLayer | Updating Scene BVH | Building BVH 0%
Fra:7 Mem:21.75M (Peak 62.85M) | Time:00:00.01 | Mem:1.34M, Peak:1.82M | Scene, ViewLayer | Updating Scene BVH | Copying BVH to device
Fra:7 Mem:21.75M (Peak 62.85M) | Time:00:00.01 | Mem:1.34M, Peak:1.82M | Scene, ViewLayer | Updating Mesh | Computing normals
Fra:7 Mem:22.82M (Peak 62.85M) | Time:00:00.01 | Mem:1.34M, Peak:1.82M | Scene, ViewLayer | Updating Mesh | Copying Mesh to device
Fra:7 Mem:22.82M (Peak 62.85M) | Time:00:00.01 | Mem:2.41M, Peak:2.41M | Scene, ViewLayer | Updating Objects Flags
Fra:7 Mem:22.82M (Peak 62.85M) | Time:00:00.01 | Mem:2.41M, Peak:2.41M | Scene, ViewLayer | Updating Primitive Offsets
Fra:7 Mem:22.82M (Peak 62.85M) | Time:00:00.01 | Mem:2.41M, Peak:2.41M | Scene, ViewLayer | Updating Images
Fra:7 Mem:22.82M (Peak 62.85M) | Time:00:00.01 | Mem:2.41M, Peak:2.41M | Scene, ViewLayer | Updating Camera Volume
Fra:7 Mem:22.82M (Peak 62.85M) | Time:00:00.01 | Mem:2.41M, Peak:2.41M | Scene, ViewLayer | Updating Lookup Tables
Fra:7 Mem:22.82M (Peak 62.85M) | Time:00:00.01 | Mem:2.49M, Peak:2.49M | Scene, ViewLayer | Updating Lights
Fra:7 Mem:22.82M (Peak 62.85M) | Time:00:00.01 | Mem:2.49M, Peak:2.49M | Scene, ViewLayer | Updating Lights | Computing distribution
Fra:7 Mem:22.82M (Peak 62.85M) | Time:00:00.01 | Mem:2.49M, Peak:2.49M | Scene, ViewLayer | Updating Lights | Computing tree
Fra:7 Mem:22.82M (Peak 62.85M) | Time:00:00.01 | Mem:2.49M, Peak:2.49M | Scene, ViewLayer | Updating Integrator
Fra:7 Mem:23.82M (Peak 62.85M) | Time:00:00.01 | Mem:3.49M, Peak:3.49M | Scene, ViewLayer | Updating Film
Fra:7 Mem:23.82M (Peak 62.85M) | Time:00:00.01 | Mem:3.41M, Peak:3.49M | Scene, ViewLayer | Updating Lookup Tables
Fra:7 Mem:23.82M (Peak 62.85M) | Time:00:00.01 | Mem:3.49M, Peak:3.49M | Scene, ViewLayer | Updating Baking
Fra:7 Mem:23.82M (Peak 62.85M) | Time:00:00.01 | Mem:3.49M, Peak:3.49M | Scene, ViewLayer | Updating Device | Writing constant memory
Fra:7 Mem:23.83M (Peak 62.85M) | Time:00:00.01 | Mem:3.49M, Peak:3.49M | Scene, ViewLayer | Sample 0/32
Fra:7 Mem:42.84M (Peak 62.85M) | Time:00:00.04 | Remaining:00:00.68 | Mem:22.49M, Peak:22.49M | Scene, ViewLayer | Sample 1/32
Fra:7 Mem:50.84M (Peak 62.85M) | Time:00:01.58 | Mem:22.49M, Peak:22.49M | Scene, ViewLayer | Sample 32/32
Fra:7 Mem:50.84M (Peak 62.85M) | Time:00:01.58 | Mem:22.49M, Peak:22.49M | Scene, ViewLayer | Finished
Fra:7 Mem:27.70M (Peak 62.85M) | Time:00:01.58 | Compositing
Fra:7 Mem:27.70M (Peak 62.85M) | Time:00:01.58 | Compositing | Determining resolution
Fra:7 Mem:27.70M (Peak 62.85M) | Time:00:01.58 | Compositing | Initializing execution
Fra:7 Mem:27.70M (Peak 62.85M) | Time:00:01.58 | Compositing | De-initializing execution
Saved: '/vepfs_default/chanxueyan/lhp/lms/aDSL/temp/geometry_expression_20260929/A/SF21/views/render_0007.png'
Time: 00:01.61 (Saving: 00:00.02)

Fra:8 Mem:24.87M (Peak 62.85M) | Time:00:00.01 | Mem:0.00M, Peak:0.00M | Scene, ViewLayer | Synchronizing object | geometry_0_cylinder.016
Fra:8 Mem:24.87M (Peak 62.85M) | Time:00:00.01 | Mem:0.00M, Peak:0.00M | Scene, ViewLayer | Synchronizing object | geometry_0_cylinder.043
Fra:8 Mem:24.89M (Peak 62.85M) | Time:00:00.01 | Mem:0.00M, Peak:0.00M | Scene, ViewLayer | Synchronizing object | geometry_0_cylinder.026
Fra:8 Mem:24.91M (Peak 62.85M) | Time:00:00.01 | Mem:0.00M, Peak:0.00M | Scene, ViewLayer | Synchronizing object | geometry_0_cylinder.027
Fra:8 Mem:24.92M (Peak 62.85M) | Time:00:00.01 | Mem:0.00M, Peak:0.00M | Scene, ViewLayer | Synchronizing object | geometry_0_cylinder.028
Fra:8 Mem:24.93M (Peak 62.85M) | Time:00:00.01 | Mem:0.00M, Peak:0.00M | Scene, ViewLayer | Synchronizing object | geometry_0_cylinder.017
Fra:8 Mem:24.94M (Peak 62.85M) | Time:00:00.01 | Mem:0.00M, Peak:0.00M | Scene, ViewLayer | Synchronizing object | geometry_0_cylinder.018
Fra:8 Mem:24.94M (Peak 62.85M) | Time:00:00.01 | Mem:0.00M, Peak:0.00M | Scene, ViewLayer | Synchronizing object | geometry_0_cylinder.019
Fra:8 Mem:24.96M (Peak 62.85M) | Time:00:00.01 | Mem:0.00M, Peak:0.00M | Scene, ViewLayer | Synchronizing object | geometry_0_cylinder.020
Fra:8 Mem:24.97M (Peak 62.85M) | Time:00:00.01 | Mem:0.00M, Peak:0.00M | Scene, ViewLayer | Synchronizing object | geometry_0_cylinder.021
Fra:8 Mem:24.98M (Peak 62.85M) | Time:00:00.01 | Mem:0.00M, Peak:0.00M | Scene, ViewLayer | Synchronizing object | geometry_0_cylinder.022
Fra:8 Mem:25.00M (Peak 62.85M) | Time:00:00.01 | Mem:0.00M, Peak:0.00M | Scene, ViewLayer | Synchronizing object | geometry_0_cylinder.023
Fra:8 Mem:25.01M (Peak 62.85M) | Time:00:00.01 | Mem:0.00M, Peak:0.00M | Scene, ViewLayer | Synchronizing object | geometry_0_cylinder.024
Fra:8 Mem:25.01M (Peak 62.85M) | Time:00:00.01 | Mem:0.00M, Peak:0.00M | Scene, ViewLayer | Synchronizing object | geometry_0_cylinder.025
Fra:8 Mem:25.03M (Peak 62.85M) | Time:00:00.01 | Mem:0.00M, Peak:0.00M | Scene, ViewLayer | Synchronizing object | geometry_0_cylinder.038
Fra:8 Mem:25.04M (Peak 62.85M) | Time:00:00.01 | Mem:0.00M, Peak:0.00M | Scene, ViewLayer | Synchronizing object | geometry_0_cylinder.039
Fra:8 Mem:25.05M (Peak 62.85M) | Time:00:00.01 | Mem:0.00M, Peak:0.00M | Scene, ViewLayer | Synchronizing object | geometry_0_cylinder.040
Fra:8 Mem:25.07M (Peak 62.85M) | Time:00:00.01 | Mem:0.00M, Peak:0.00M | Scene, ViewLayer | Synchronizing object | geometry_0_cylinder.029
Fra:8 Mem:25.08M (Peak 62.85M) | Time:00:00.01 | Mem:0.00M, Peak:0.00M | Scene, ViewLayer | Synchronizing object | geometry_0_cylinder.030
Fra:8 Mem:25.08M (Peak 62.85M) | Time:00:00.01 | Mem:0.00M, Peak:0.00M | Scene, ViewLayer | Synchronizing object | geometry_0_cylinder.031
Fra:8 Mem:25.10M (Peak 62.85M) | Time:00:00.01 | Mem:0.00M, Peak:0.00M | Scene, ViewLayer | Synchronizing object | geometry_0_cylinder.032
Fra:8 Mem:25.11M (Peak 62.85M) | Time:00:00.01 | Mem:0.00M, Peak:0.00M | Scene, ViewLayer | Synchronizing object | geometry_0_cylinder.033
Fra:8 Mem:25.11M (Peak 62.85M) | Time:00:00.01 | Mem:0.00M, Peak:0.00M | Scene, ViewLayer | Synchronizing object | geometry_0_cylinder.034
Fra:8 Mem:25.13M (Peak 62.85M) | Time:00:00.01 | Mem:0.00M, Peak:0.00M | Scene, ViewLayer | Synchronizing object | geometry_0_cylinder.035
Fra:8 Mem:25.14M (Peak 62.85M) | Time:00:00.01 | Mem:0.00M, Peak:0.00M | Scene, ViewLayer | Synchronizing object | geometry_0_cylinder.036
Fra:8 Mem:25.15M (Peak 62.85M) | Time:00:00.01 | Mem:0.00M, Peak:0.00M | Scene, ViewLayer | Synchronizing object | geometry_0_cylinder.037
Fra:8 Mem:25.16M (Peak 62.85M) | Time:00:00.01 | Mem:0.00M, Peak:0.00M | Scene, ViewLayer | Synchronizing object | geometry_0_cylinder.041
Fra:8 Mem:25.17M (Peak 62.85M) | Time:00:00.01 | Mem:0.00M, Peak:0.00M | Scene, ViewLayer | Synchronizing object | geometry_0_cylinder.042
Fra:8 Mem:25.19M (Peak 62.85M) | Time:00:00.01 | Mem:0.00M, Peak:0.00M | Scene, ViewLayer | Synchronizing object | geometry_0_cylinder.044
Fra:8 Mem:25.19M (Peak 62.85M) | Time:00:00.01 | Mem:0.00M, Peak:0.00M | Scene, ViewLayer | Synchronizing object | geometry_0_cylinder.058
Fra:8 Mem:25.21M (Peak 62.85M) | Time:00:00.01 | Mem:0.00M, Peak:0.00M | Scene, ViewLayer | Synchronizing object | geometry_0_cylinder.046
Fra:8 Mem:25.23M (Peak 62.85M) | Time:00:00.01 | Mem:0.00M, Peak:0.00M | Scene, ViewLayer | Synchronizing object | geometry_0_cylinder.055
Fra:8 Mem:25.25M (Peak 62.85M) | Time:00:00.01 | Mem:0.00M, Peak:0.00M | Scene, ViewLayer | Synchronizing object | geometry_0_cylinder.056
Fra:8 Mem:25.28M (Peak 62.85M) | Time:00:00.01 | Mem:0.00M, Peak:0.00M | Scene, ViewLayer | Synchronizing object | geometry_0_cylinder.057
Fra:8 Mem:25.29M (Peak 62.85M) | Time:00:00.01 | Mem:0.00M, Peak:0.00M | Scene, ViewLayer | Synchronizing object | geometry_0_cylinder.047
Fra:8 Mem:25.32M (Peak 62.85M) | Time:00:00.01 | Mem:0.00M, Peak:0.00M | Scene, ViewLayer | Synchronizing object | geometry_0_cylinder.048
Fra:8 Mem:25.34M (Peak 62.85M) | Time:00:00.01 | Mem:0.00M, Peak:0.00M | Scene, ViewLayer | Synchronizing object | geometry_0_cylinder.049
Fra:8 Mem:25.38M (Peak 62.85M) | Time:00:00.01 | Mem:0.00M, Peak:0.00M | Scene, ViewLayer | Synchronizing object | geometry_0_cylinder.050
Fra:8 Mem:25.49M (Peak 62.85M) | Time:00:00.01 | Mem:0.00M, Peak:0.00M | Scene, ViewLayer | Synchronizing object | geometry_0_cylinder.051
Fra:8 Mem:25.53M (Peak 62.85M) | Time:00:00.01 | Mem:0.00M, Peak:0.00M | Scene, ViewLayer | Synchronizing object | geometry_0_cylinder.052
Fra:8 Mem:25.56M (Peak 62.85M) | Time:00:00.01 | Mem:0.00M, Peak:0.00M | Scene, ViewLayer | Synchronizing object | geometry_0_cylinder.053
Fra:8 Mem:25.55M (Peak 62.85M) | Time:00:00.01 | Mem:0.00M, Peak:0.00M | Scene, ViewLayer | Synchronizing object | geometry_0_cylinder
Fra:8 Mem:25.57M (Peak 62.85M) | Time:00:00.01 | Mem:0.00M, Peak:0.00M | Scene, ViewLayer | Synchronizing object | geometry_0_cylinder.060
Fra:8 Mem:25.58M (Peak 62.85M) | Time:00:00.01 | Mem:0.00M, Peak:0.00M | Scene, ViewLayer | Synchronizing object | geometry_0_cylinder.015
Fra:8 Mem:25.58M (Peak 62.85M) | Time:00:00.01 | Mem:0.00M, Peak:0.00M | Scene, ViewLayer | Synchronizing object | geometry_0_cylinder.061
Fra:8 Mem:25.60M (Peak 62.85M) | Time:00:00.01 | Mem:0.00M, Peak:0.00M | Scene, ViewLayer | Synchronizing object | geometry_0_cylinder.014
Fra:8 Mem:25.60M (Peak 62.85M) | Time:00:00.01 | Mem:0.00M, Peak:0.00M | Scene, ViewLayer | Synchronizing object | geometry_0_cylinder.062
Fra:8 Mem:25.63M (Peak 62.85M) | Time:00:00.01 | Mem:0.00M, Peak:0.00M | Scene, ViewLayer | Synchronizing object | geometry_0_cylinder.013
Fra:8 Mem:25.65M (Peak 62.85M) | Time:00:00.01 | Mem:0.00M, Peak:0.00M | Scene, ViewLayer | Synchronizing object | geometry_0_cylinder.063
Fra:8 Mem:25.66M (Peak 62.85M) | Time:00:00.01 | Mem:0.00M, Peak:0.00M | Scene, ViewLayer | Synchronizing object | geometry_0_cylinder.009
Fra:8 Mem:25.67M (Peak 62.85M) | Time:00:00.01 | Mem:0.00M, Peak:0.00M | Scene, ViewLayer | Synchronizing object | geometry_0_cylinder.065
Fra:8 Mem:25.68M (Peak 62.85M) | Time:00:00.01 | Mem:0.00M, Peak:0.00M | Scene, ViewLayer | Synchronizing object | geometry_0_cylinder.012
Fra:8 Mem:25.71M (Peak 62.85M) | Time:00:00.01 | Mem:0.00M, Peak:0.00M | Scene, ViewLayer | Synchronizing object | geometry_0_cylinder.066
Fra:8 Mem:25.71M (Peak 62.85M) | Time:00:00.01 | Mem:0.00M, Peak:0.00M | Scene, ViewLayer | Synchronizing object | geometry_0_cylinder.067
Fra:8 Mem:25.72M (Peak 62.85M) | Time:00:00.01 | Mem:0.00M, Peak:0.00M | Scene, ViewLayer | Synchronizing object | geometry_0_cylinder.068
Fra:8 Mem:25.75M (Peak 62.85M) | Time:00:00.01 | Mem:0.00M, Peak:0.00M | Scene, ViewLayer | Synchronizing object | geometry_0_cylinder.069
Fra:8 Mem:25.76M (Peak 62.85M) | Time:00:00.01 | Mem:0.00M, Peak:0.00M | Scene, ViewLayer | Synchronizing object | geometry_0_cylinder.010
Fra:8 Mem:25.77M (Peak 62.85M) | Time:00:00.01 | Mem:0.00M, Peak:0.00M | Scene, ViewLayer | Synchronizing object | geometry_0_cylinder.071
Fra:8 Mem:25.77M (Peak 62.85M) | Time:00:00.01 | Mem:0.00M, Peak:0.00M | Scene, ViewLayer | Synchronizing object | geometry_0_cylinder.072
Fra:8 Mem:25.79M (Peak 62.85M) | Time:00:00.01 | Mem:0.00M, Peak:0.00M | Scene, ViewLayer | Synchronizing object | geometry_0_cylinder.005
Fra:8 Mem:25.80M (Peak 62.85M) | Time:00:00.01 | Mem:0.00M, Peak:0.00M | Scene, ViewLayer | Synchronizing object | geometry_0_cylinder.073
Fra:8 Mem:25.81M (Peak 62.85M) | Time:00:00.01 | Mem:0.00M, Peak:0.00M | Scene, ViewLayer | Synchronizing object | geometry_0_cylinder.008
Fra:8 Mem:25.82M (Peak 62.85M) | Time:00:00.01 | Mem:0.00M, Peak:0.00M | Scene, ViewLayer | Synchronizing object | geometry_0_cylinder.074
Fra:8 Mem:25.83M (Peak 62.85M) | Time:00:00.01 | Mem:0.00M, Peak:0.00M | Scene, ViewLayer | Synchronizing object | geometry_0_cylinder.007
Fra:8 Mem:25.85M (Peak 62.85M) | Time:00:00.01 | Mem:0.00M, Peak:0.00M | Scene, ViewLayer | Synchronizing object | geometry_0_cylinder.075
Fra:8 Mem:25.86M (Peak 62.85M) | Time:00:00.01 | Mem:0.00M, Peak:0.00M | Scene, ViewLayer | Synchronizing object | geometry_0_cylinder.006
Fra:8 Mem:25.87M (Peak 62.85M) | Time:00:00.01 | Mem:0.00M, Peak:0.00M | Scene, ViewLayer | Synchronizing object | geometry_0_cylinder.076
Fra:8 Mem:25.88M (Peak 62.85M) | Time:00:00.01 | Mem:0.00M, Peak:0.00M | Scene, ViewLayer | Synchronizing object | geometry_0_cylinder.001
Fra:8 Mem:25.89M (Peak 62.85M) | Time:00:00.01 | Mem:0.00M, Peak:0.00M | Scene, ViewLayer | Synchronizing object | geometry_0_cylinder.077
Fra:8 Mem:25.90M (Peak 62.85M) | Time:00:00.01 | Mem:0.00M, Peak:0.00M | Scene, ViewLayer | Synchronizing object | geometry_0_cylinder.078
Fra:8 Mem:25.91M (Peak 62.85M) | Time:00:00.01 | Mem:0.00M, Peak:0.00M | Scene, ViewLayer | Synchronizing object | geometry_0_cylinder.004
Fra:8 Mem:25.92M (Peak 62.85M) | Time:00:00.01 | Mem:0.00M, Peak:0.00M | Scene, ViewLayer | Synchronizing object | geometry_0_cylinder.079
Fra:8 Mem:25.93M (Peak 62.85M) | Time:00:00.01 | Mem:0.00M, Peak:0.00M | Scene, ViewLayer | Synchronizing object | geometry_0_cylinder.080
Fra:8 Mem:25.96M (Peak 62.85M) | Time:00:00.01 | Mem:0.00M, Peak:0.00M | Scene, ViewLayer | Synchronizing object | geometry_0_cylinder.081
Fra:8 Mem:25.97M (Peak 62.85M) | Time:00:00.01 | Mem:0.00M, Peak:0.00M | Scene, ViewLayer | Synchronizing object | geometry_0_cylinder.003
Fra:8 Mem:25.98M (Peak 62.85M) | Time:00:00.01 | Mem:0.00M, Peak:0.00M | Scene, ViewLayer | Synchronizing object | geometry_0_cylinder.083
Fra:8 Mem:25.99M (Peak 62.85M) | Time:00:00.01 | Mem:0.00M, Peak:0.00M | Scene, ViewLayer | Synchronizing object | geometry_0_cylinder.084
Fra:8 Mem:26.00M (Peak 62.85M) | Time:00:00.01 | Mem:0.00M, Peak:0.00M | Scene, ViewLayer | Synchronizing object | geometry_0_cylinder.002
Fra:8 Mem:26.00M (Peak 62.85M) | Time:00:00.01 | Mem:0.00M, Peak:0.00M | Scene, ViewLayer | Synchronizing object | geometry_0_cylinder.085
Fra:8 Mem:26.02M (Peak 62.85M) | Time:00:00.01 | Mem:0.00M, Peak:0.00M | Scene, ViewLayer | Synchronizing object | geometry_0_cylinder.086
Fra:8 Mem:26.04M (Peak 62.85M) | Time:00:00.01 | Mem:0.00M, Peak:0.00M | Scene, ViewLayer | Synchronizing object | geometry_0_cylinder.087
Fra:8 Mem:26.04M (Peak 62.85M) | Time:00:00.01 | Mem:0.00M, Peak:0.00M | Scene, ViewLayer | Synchronizing object | geometry_0_cylinder.045
Fra:8 Mem:26.07M (Peak 62.85M) | Time:00:00.01 | Mem:0.00M, Peak:0.00M | Scene, ViewLayer | Synchronizing object | geometry_0_cylinder.089
Fra:8 Mem:26.08M (Peak 62.85M) | Time:00:00.01 | Mem:0.00M, Peak:0.00M | Scene, ViewLayer | Synchronizing object | geometry_0_cylinder.090
Fra:8 Mem:26.11M (Peak 62.85M) | Time:00:00.01 | Mem:0.00M, Peak:0.00M | Scene, ViewLayer | Synchronizing object | geometry_0_cylinder.091
Fra:8 Mem:26.11M (Peak 62.85M) | Time:00:00.01 | Mem:0.00M, Peak:0.00M | Scene, ViewLayer | Synchronizing object | geometry_0_cylinder.107
Fra:8 Mem:26.12M (Peak 62.85M) | Time:00:00.01 | Mem:0.00M, Peak:0.00M | Scene, ViewLayer | Synchronizing object | geometry_0_cylinder.093
Fra:8 Mem:26.14M (Peak 62.85M) | Time:00:00.01 | Mem:0.00M, Peak:0.00M | Scene, ViewLayer | Synchronizing object | geometry_0_cylinder.106
Fra:8 Mem:26.15M (Peak 62.85M) | Time:00:00.01 | Mem:0.00M, Peak:0.00M | Scene, ViewLayer | Synchronizing object | geometry_0_cylinder.094
Fra:8 Mem:26.16M (Peak 62.85M) | Time:00:00.01 | Mem:0.00M, Peak:0.00M | Scene, ViewLayer | Synchronizing object | geometry_0_cylinder.105
Fra:8 Mem:26.16M (Peak 62.85M) | Time:00:00.01 | Mem:0.00M, Peak:0.00M | Scene, ViewLayer | Synchronizing object | geometry_0_cylinder.095
Fra:8 Mem:26.18M (Peak 62.85M) | Time:00:00.01 | Mem:0.00M, Peak:0.00M | Scene, ViewLayer | Synchronizing object | geometry_0_cylinder.104
Fra:8 Mem:26.19M (Peak 62.85M) | Time:00:00.01 | Mem:0.00M, Peak:0.00M | Scene, ViewLayer | Synchronizing object | geometry_0_cylinder.096
Fra:8 Mem:26.20M (Peak 62.85M) | Time:00:00.01 | Mem:0.00M, Peak:0.00M | Scene, ViewLayer | Synchronizing object | geometry_0_cylinder.103
Fra:8 Mem:26.22M (Peak 62.85M) | Time:00:00.01 | Mem:0.00M, Peak:0.00M | Scene, ViewLayer | Synchronizing object | geometry_0_cylinder.097
Fra:8 Mem:26.23M (Peak 62.85M) | Time:00:00.01 | Mem:0.00M, Peak:0.00M | Scene, ViewLayer | Synchronizing object | geometry_0_cylinder.098
Fra:8 Mem:26.24M (Peak 62.85M) | Time:00:00.01 | Mem:0.00M, Peak:0.00M | Scene, ViewLayer | Synchronizing object | geometry_0_cylinder.102
Fra:8 Mem:26.25M (Peak 62.85M) | Time:00:00.01 | Mem:0.00M, Peak:0.00M | Scene, ViewLayer | Synchronizing object | geometry_0_cylinder.099
Fra:8 Mem:26.26M (Peak 62.85M) | Time:00:00.01 | Mem:0.00M, Peak:0.00M | Scene, ViewLayer | Synchronizing object | geometry_0_cylinder.100
Fra:8 Mem:26.27M (Peak 62.85M) | Time:00:00.01 | Mem:0.00M, Peak:0.00M | Scene, ViewLayer | Synchronizing object | geometry_0_cylinder.101
Fra:8 Mem:26.29M (Peak 62.85M) | Time:00:00.01 | Mem:0.00M, Peak:0.00M | Scene, ViewLayer | Initializing
Fra:8 Mem:21.10M (Peak 62.85M) | Time:00:00.01 | Mem:0.00M, Peak:0.00M | Scene, ViewLayer | Waiting for render to start
Fra:8 Mem:21.11M (Peak 62.85M) | Time:00:00.01 | Mem:0.00M, Peak:0.00M | Scene, ViewLayer | Loading render kernels (may take a few minutes the first time)
Fra:8 Mem:21.11M (Peak 62.85M) | Time:00:00.01 | Mem:0.00M, Peak:0.00M | Scene, ViewLayer | Updating Scene
Fra:8 Mem:21.11M (Peak 62.85M) | Time:00:00.01 | Mem:0.00M, Peak:0.00M | Scene, ViewLayer | Updating Shaders
Fra:8 Mem:21.19M (Peak 62.85M) | Time:00:00.01 | Mem:0.00M, Peak:0.00M | Scene, ViewLayer | Updating Procedurals
Fra:8 Mem:21.19M (Peak 62.85M) | Time:00:00.01 | Mem:0.00M, Peak:0.00M | Scene, ViewLayer | Updating Background
Fra:8 Mem:21.19M (Peak 62.85M) | Time:00:00.01 | Mem:0.00M, Peak:0.00M | Scene, ViewLayer | Updating Camera
Fra:8 Mem:21.19M (Peak 62.85M) | Time:00:00.01 | Mem:0.00M, Peak:0.00M | Scene, ViewLayer | Updating Meshes Flags
Fra:8 Mem:21.19M (Peak 62.85M) | Time:00:00.01 | Mem:0.00M, Peak:0.00M | Scene, ViewLayer | Updating Objects
Fra:8 Mem:21.19M (Peak 62.85M) | Time:00:00.01 | Mem:0.00M, Peak:0.00M | Scene, ViewLayer | Updating Objects | Copying Transformations to device
Fra:8 Mem:21.21M (Peak 62.85M) | Time:00:00.01 | Mem:0.03M, Peak:0.03M | Scene, ViewLayer | Updating Objects | Applying Static Transformations
Fra:8 Mem:21.21M (Peak 62.85M) | Time:00:00.01 | Mem:0.03M, Peak:0.03M | Scene, ViewLayer | Updating Particle Systems
Fra:8 Mem:21.21M (Peak 62.85M) | Time:00:00.01 | Mem:0.03M, Peak:0.03M | Scene, ViewLayer | Updating Particle Systems | Copying Particles to device
Fra:8 Mem:21.21M (Peak 62.85M) | Time:00:00.01 | Mem:0.03M, Peak:0.03M | Scene, ViewLayer | Updating Meshes
Fra:8 Mem:21.46M (Peak 62.85M) | Time:00:00.01 | Mem:0.03M, Peak:0.03M | Scene, ViewLayer | Updating Mesh | Computing attributes
Fra:8 Mem:21.77M (Peak 62.85M) | Time:00:00.01 | Mem:0.03M, Peak:0.03M | Scene, ViewLayer | Updating Mesh | Copying Attributes to device
Fra:8 Mem:21.75M (Peak 62.85M) | Time:00:00.01 | Mem:0.32M, Peak:0.32M | Scene, ViewLayer | Updating Scene BVH | Building
Fra:8 Mem:21.75M (Peak 62.85M) | Time:00:00.01 | Mem:0.32M, Peak:0.32M | Scene, ViewLayer | Updating Scene BVH | Building BVH
Fra:8 Mem:21.75M (Peak 62.85M) | Time:00:00.01 | Mem:0.81M, Peak:0.81M | Scene, ViewLayer | Updating Scene BVH | Building BVH 0%
Fra:8 Mem:21.75M (Peak 62.85M) | Time:00:00.01 | Mem:1.34M, Peak:1.82M | Scene, ViewLayer | Updating Scene BVH | Copying BVH to device
Fra:8 Mem:21.75M (Peak 62.85M) | Time:00:00.01 | Mem:1.34M, Peak:1.82M | Scene, ViewLayer | Updating Mesh | Computing normals
Fra:8 Mem:22.82M (Peak 62.85M) | Time:00:00.01 | Mem:1.34M, Peak:1.82M | Scene, ViewLayer | Updating Mesh | Copying Mesh to device
Fra:8 Mem:22.82M (Peak 62.85M) | Time:00:00.01 | Mem:2.41M, Peak:2.41M | Scene, ViewLayer | Updating Objects Flags
Fra:8 Mem:22.82M (Peak 62.85M) | Time:00:00.01 | Mem:2.41M, Peak:2.41M | Scene, ViewLayer | Updating Primitive Offsets
Fra:8 Mem:22.82M (Peak 62.85M) | Time:00:00.01 | Mem:2.41M, Peak:2.41M | Scene, ViewLayer | Updating Images
Fra:8 Mem:22.82M (Peak 62.85M) | Time:00:00.01 | Mem:2.41M, Peak:2.41M | Scene, ViewLayer | Updating Camera Volume
Fra:8 Mem:22.82M (Peak 62.85M) | Time:00:00.01 | Mem:2.41M, Peak:2.41M | Scene, ViewLayer | Updating Lookup Tables
Fra:8 Mem:22.82M (Peak 62.85M) | Time:00:00.01 | Mem:2.49M, Peak:2.49M | Scene, ViewLayer | Updating Lights
Fra:8 Mem:22.82M (Peak 62.85M) | Time:00:00.01 | Mem:2.49M, Peak:2.49M | Scene, ViewLayer | Updating Lights | Computing distribution
Fra:8 Mem:22.82M (Peak 62.85M) | Time:00:00.01 | Mem:2.49M, Peak:2.49M | Scene, ViewLayer | Updating Lights | Computing tree
Fra:8 Mem:22.82M (Peak 62.85M) | Time:00:00.01 | Mem:2.49M, Peak:2.49M | Scene, ViewLayer | Updating Integrator
Fra:8 Mem:23.82M (Peak 62.85M) | Time:00:00.02 | Mem:3.49M, Peak:3.49M | Scene, ViewLayer | Updating Film
Fra:8 Mem:23.82M (Peak 62.85M) | Time:00:00.02 | Mem:3.41M, Peak:3.49M | Scene, ViewLayer | Updating Lookup Tables
Fra:8 Mem:23.82M (Peak 62.85M) | Time:00:00.02 | Mem:3.49M, Peak:3.49M | Scene, ViewLayer | Updating Baking
Fra:8 Mem:23.82M (Peak 62.85M) | Time:00:00.02 | Mem:3.49M, Peak:3.49M | Scene, ViewLayer | Updating Device | Writing constant memory
Fra:8 Mem:23.83M (Peak 62.85M) | Time:00:00.02 | Mem:3.49M, Peak:3.49M | Scene, ViewLayer | Sample 0/32
Fra:8 Mem:42.84M (Peak 62.85M) | Time:00:00.03 | Remaining:00:00.56 | Mem:22.49M, Peak:22.49M | Scene, ViewLayer | Sample 1/32
Fra:8 Mem:50.84M (Peak 62.85M) | Time:00:01.21 | Mem:22.49M, Peak:22.49M | Scene, ViewLayer | Sample 32/32
Fra:8 Mem:50.84M (Peak 62.85M) | Time:00:01.21 | Mem:22.49M, Peak:22.49M | Scene, ViewLayer | Finished
Fra:8 Mem:27.70M (Peak 62.85M) | Time:00:01.21 | Compositing
Fra:8 Mem:27.70M (Peak 62.85M) | Time:00:01.21 | Compositing | Determining resolution
Fra:8 Mem:27.70M (Peak 62.85M) | Time:00:01.21 | Compositing | Initializing execution
Fra:8 Mem:27.70M (Peak 62.85M) | Time:00:01.21 | Compositing | De-initializing execution
Saved: '/vepfs_default/chanxueyan/lhp/lms/aDSL/temp/geometry_expression_20260929/A/SF21/views/render_0008.png'
Time: 00:01.23 (Saving: 00:00.02)

Data are loaded, start creating Blender stuff
glTF import finished in 0.15s
