Warning: Falling back to the standard locale ("C")
Fra:1 Mem:48.86M (Peak 48.86M) | Time:00:00.01 | Mem:0.00M, Peak:0.00M | Scene, ViewLayer | Synchronizing object | geometry_0_mesh
Fra:1 Mem:48.87M (Peak 48.87M) | Time:00:00.01 | Mem:0.00M, Peak:0.00M | Scene, ViewLayer | Synchronizing object | geometry_0_cylinder.018
Fra:1 Mem:48.95M (Peak 48.95M) | Time:00:00.01 | Mem:0.00M, Peak:0.00M | Scene, ViewLayer | Synchronizing object | geometry_0_mesh.003
Fra:1 Mem:49.01M (Peak 49.01M) | Time:00:00.01 | Mem:0.00M, Peak:0.00M | Scene, ViewLayer | Synchronizing object | geometry_0_mesh.002
Fra:1 Mem:49.11M (Peak 49.11M) | Time:00:00.01 | Mem:0.00M, Peak:0.00M | Scene, ViewLayer | Synchronizing object | geometry_0_mesh.004
Fra:1 Mem:49.17M (Peak 49.17M) | Time:00:00.01 | Mem:0.00M, Peak:0.00M | Scene, ViewLayer | Synchronizing object | geometry_0_cylinder.088
Fra:1 Mem:49.22M (Peak 49.22M) | Time:00:00.01 | Mem:0.00M, Peak:0.00M | Scene, ViewLayer | Synchronizing object | geometry_0_cylinder.020
Fra:1 Mem:49.22M (Peak 49.22M) | Time:00:00.01 | Mem:0.00M, Peak:0.00M | Scene, ViewLayer | Synchronizing object | geometry_0_cylinder.021
Fra:1 Mem:49.23M (Peak 49.23M) | Time:00:00.01 | Mem:0.00M, Peak:0.00M | Scene, ViewLayer | Synchronizing object | geometry_0_cylinder.022
Fra:1 Mem:49.24M (Peak 49.24M) | Time:00:00.01 | Mem:0.00M, Peak:0.00M | Scene, ViewLayer | Synchronizing object | geometry_0_cylinder.023
Fra:1 Mem:49.26M (Peak 49.26M) | Time:00:00.01 | Mem:0.00M, Peak:0.00M | Scene, ViewLayer | Synchronizing object | geometry_0_cylinder.024
Fra:1 Mem:49.26M (Peak 49.26M) | Time:00:00.01 | Mem:0.00M, Peak:0.00M | Scene, ViewLayer | Synchronizing object | geometry_0_cylinder.025
Fra:1 Mem:49.28M (Peak 49.28M) | Time:00:00.01 | Mem:0.00M, Peak:0.00M | Scene, ViewLayer | Synchronizing object | geometry_0_cylinder.026
Fra:1 Mem:49.29M (Peak 49.29M) | Time:00:00.01 | Mem:0.00M, Peak:0.00M | Scene, ViewLayer | Synchronizing object | geometry_0_cylinder.027
Fra:1 Mem:49.31M (Peak 49.31M) | Time:00:00.01 | Mem:0.00M, Peak:0.00M | Scene, ViewLayer | Synchronizing object | geometry_0_cylinder.028
Fra:1 Mem:49.32M (Peak 49.32M) | Time:00:00.01 | Mem:0.00M, Peak:0.00M | Scene, ViewLayer | Synchronizing object | geometry_0_cylinder.029
Fra:1 Mem:49.33M (Peak 49.33M) | Time:00:00.01 | Mem:0.00M, Peak:0.00M | Scene, ViewLayer | Synchronizing object | geometry_0_cylinder.030
Fra:1 Mem:49.34M (Peak 49.34M) | Time:00:00.01 | Mem:0.00M, Peak:0.00M | Scene, ViewLayer | Synchronizing object | geometry_0_cylinder.031
Fra:1 Mem:49.36M (Peak 49.36M) | Time:00:00.01 | Mem:0.00M, Peak:0.00M | Scene, ViewLayer | Synchronizing object | geometry_0_cylinder.032
Fra:1 Mem:49.37M (Peak 49.37M) | Time:00:00.01 | Mem:0.00M, Peak:0.00M | Scene, ViewLayer | Synchronizing object | geometry_0_cylinder.033
Fra:1 Mem:49.39M (Peak 49.39M) | Time:00:00.01 | Mem:0.00M, Peak:0.00M | Scene, ViewLayer | Synchronizing object | geometry_0_cylinder.034
Fra:1 Mem:49.40M (Peak 49.40M) | Time:00:00.01 | Mem:0.00M, Peak:0.00M | Scene, ViewLayer | Synchronizing object | geometry_0_cylinder.035
Fra:1 Mem:49.42M (Peak 49.42M) | Time:00:00.01 | Mem:0.00M, Peak:0.00M | Scene, ViewLayer | Synchronizing object | geometry_0_cylinder.036
Fra:1 Mem:49.43M (Peak 49.43M) | Time:00:00.01 | Mem:0.00M, Peak:0.00M | Scene, ViewLayer | Synchronizing object | geometry_0_cylinder.037
Fra:1 Mem:49.44M (Peak 49.44M) | Time:00:00.01 | Mem:0.00M, Peak:0.00M | Scene, ViewLayer | Synchronizing object | geometry_0_cylinder.038
Fra:1 Mem:49.45M (Peak 49.45M) | Time:00:00.01 | Mem:0.00M, Peak:0.00M | Scene, ViewLayer | Synchronizing object | geometry_0_cylinder.039
Fra:1 Mem:49.47M (Peak 49.47M) | Time:00:00.01 | Mem:0.00M, Peak:0.00M | Scene, ViewLayer | Synchronizing object | geometry_0_cylinder.040
Fra:1 Mem:49.48M (Peak 49.48M) | Time:00:00.01 | Mem:0.00M, Peak:0.00M | Scene, ViewLayer | Synchronizing object | geometry_0_cylinder.041
Fra:1 Mem:49.49M (Peak 49.49M) | Time:00:00.01 | Mem:0.00M, Peak:0.00M | Scene, ViewLayer | Synchronizing object | geometry_0_cylinder.042
Fra:1 Mem:49.51M (Peak 49.51M) | Time:00:00.01 | Mem:0.00M, Peak:0.00M | Scene, ViewLayer | Synchronizing object | geometry_0_cylinder.043
Fra:1 Mem:49.52M (Peak 49.52M) | Time:00:00.01 | Mem:0.00M, Peak:0.00M | Scene, ViewLayer | Synchronizing object | geometry_0_cylinder.044
Fra:1 Mem:49.53M (Peak 49.53M) | Time:00:00.01 | Mem:0.00M, Peak:0.00M | Scene, ViewLayer | Synchronizing object | geometry_0_cylinder.045
Fra:1 Mem:49.55M (Peak 49.55M) | Time:00:00.01 | Mem:0.00M, Peak:0.00M | Scene, ViewLayer | Synchronizing object | geometry_0_cylinder.046
Fra:1 Mem:49.56M (Peak 49.56M) | Time:00:00.01 | Mem:0.00M, Peak:0.00M | Scene, ViewLayer | Synchronizing object | geometry_0_cylinder.047
Fra:1 Mem:49.57M (Peak 49.57M) | Time:00:00.01 | Mem:0.00M, Peak:0.00M | Scene, ViewLayer | Synchronizing object | geometry_0_cylinder.048
Fra:1 Mem:49.59M (Peak 49.59M) | Time:00:00.01 | Mem:0.00M, Peak:0.00M | Scene, ViewLayer | Synchronizing object | geometry_0_cylinder.049
Fra:1 Mem:49.60M (Peak 49.60M) | Time:00:00.01 | Mem:0.00M, Peak:0.00M | Scene, ViewLayer | Synchronizing object | geometry_0_cylinder.050
Fra:1 Mem:49.61M (Peak 49.61M) | Time:00:00.01 | Mem:0.00M, Peak:0.00M | Scene, ViewLayer | Synchronizing object | geometry_0_cylinder.051
Fra:1 Mem:49.62M (Peak 49.62M) | Time:00:00.01 | Mem:0.00M, Peak:0.00M | Scene, ViewLayer | Synchronizing object | geometry_0_cylinder.052
Fra:1 Mem:49.63M (Peak 49.63M) | Time:00:00.01 | Mem:0.00M, Peak:0.00M | Scene, ViewLayer | Synchronizing object | geometry_0_cylinder.053
Fra:1 Mem:49.66M (Peak 49.66M) | Time:00:00.01 | Mem:0.00M, Peak:0.00M | Scene, ViewLayer | Synchronizing object | geometry_0_sphere.019
Fra:1 Mem:49.71M (Peak 49.71M) | Time:00:00.01 | Mem:0.00M, Peak:0.00M | Scene, ViewLayer | Synchronizing object | geometry_0_sphere.020
Fra:1 Mem:49.86M (Peak 49.86M) | Time:00:00.01 | Mem:0.00M, Peak:0.00M | Scene, ViewLayer | Synchronizing object | geometry_0_sphere.006
Fra:1 Mem:49.90M (Peak 49.90M) | Time:00:00.01 | Mem:0.00M, Peak:0.00M | Scene, ViewLayer | Synchronizing object | geometry_0_sphere.021
Fra:1 Mem:50.10M (Peak 50.10M) | Time:00:00.01 | Mem:0.00M, Peak:0.00M | Scene, ViewLayer | Synchronizing object | geometry_0_sphere.022
Fra:1 Mem:50.26M (Peak 50.26M) | Time:00:00.01 | Mem:0.00M, Peak:0.00M | Scene, ViewLayer | Synchronizing object | geometry_0_sphere.023
Fra:1 Mem:50.35M (Peak 50.35M) | Time:00:00.01 | Mem:0.00M, Peak:0.00M | Scene, ViewLayer | Synchronizing object | geometry_0_sphere.005
Fra:1 Mem:50.50M (Peak 50.50M) | Time:00:00.01 | Mem:0.00M, Peak:0.00M | Scene, ViewLayer | Synchronizing object | geometry_0_sphere.024
Fra:1 Mem:50.56M (Peak 50.56M) | Time:00:00.01 | Mem:0.00M, Peak:0.00M | Scene, ViewLayer | Synchronizing object | geometry_0_sphere.025
Fra:1 Mem:50.74M (Peak 50.74M) | Time:00:00.01 | Mem:0.00M, Peak:0.00M | Scene, ViewLayer | Synchronizing object | geometry_0_sphere.004
Fra:1 Mem:50.83M (Peak 50.83M) | Time:00:00.01 | Mem:0.00M, Peak:0.00M | Scene, ViewLayer | Synchronizing object | geometry_0_sphere.026
Fra:1 Mem:50.92M (Peak 50.92M) | Time:00:00.01 | Mem:0.00M, Peak:0.00M | Scene, ViewLayer | Synchronizing object | geometry_0_sphere.027
Fra:1 Mem:51.14M (Peak 51.14M) | Time:00:00.01 | Mem:0.00M, Peak:0.00M | Scene, ViewLayer | Synchronizing object | geometry_0_sphere.003
Fra:1 Mem:51.12M (Peak 51.14M) | Time:00:00.01 | Mem:0.00M, Peak:0.00M | Scene, ViewLayer | Synchronizing object | geometry_0_sphere.028
Fra:1 Mem:51.34M (Peak 51.34M) | Time:00:00.01 | Mem:0.00M, Peak:0.00M | Scene, ViewLayer | Synchronizing object | geometry_0_sphere.029
Fra:1 Mem:51.47M (Peak 51.47M) | Time:00:00.01 | Mem:0.00M, Peak:0.00M | Scene, ViewLayer | Synchronizing object | geometry_0_sphere.002
Fra:1 Mem:51.53M (Peak 51.53M) | Time:00:00.01 | Mem:0.00M, Peak:0.00M | Scene, ViewLayer | Synchronizing object | geometry_0_sphere.030
Fra:1 Mem:51.68M (Peak 51.68M) | Time:00:00.01 | Mem:0.00M, Peak:0.00M | Scene, ViewLayer | Synchronizing object | geometry_0_sphere.031
Fra:1 Mem:51.80M (Peak 51.80M) | Time:00:00.01 | Mem:0.00M, Peak:0.00M | Scene, ViewLayer | Synchronizing object | geometry_0_sphere.001
Fra:1 Mem:51.95M (Peak 51.95M) | Time:00:00.01 | Mem:0.00M, Peak:0.00M | Scene, ViewLayer | Synchronizing object | geometry_0_sphere.032
Fra:1 Mem:51.96M (Peak 51.96M) | Time:00:00.01 | Mem:0.00M, Peak:0.00M | Scene, ViewLayer | Synchronizing object | geometry_0_sphere.033
Fra:1 Mem:52.13M (Peak 52.13M) | Time:00:00.01 | Mem:0.00M, Peak:0.00M | Scene, ViewLayer | Synchronizing object | geometry_0_cylinder.005
Fra:1 Mem:52.17M (Peak 52.17M) | Time:00:00.01 | Mem:0.00M, Peak:0.00M | Scene, ViewLayer | Synchronizing object | geometry_0_cylinder.004
Fra:1 Mem:52.25M (Peak 52.25M) | Time:00:00.01 | Mem:0.00M, Peak:0.00M | Scene, ViewLayer | Synchronizing object | geometry_0_cylinder.003
Fra:1 Mem:52.27M (Peak 52.27M) | Time:00:00.01 | Mem:0.00M, Peak:0.00M | Scene, ViewLayer | Synchronizing object | geometry_0_cylinder.002
Fra:1 Mem:52.28M (Peak 52.28M) | Time:00:00.01 | Mem:0.00M, Peak:0.00M | Scene, ViewLayer | Synchronizing object | geometry_0_sphere.034
Fra:1 Mem:52.26M (Peak 52.28M) | Time:00:00.01 | Mem:0.00M, Peak:0.00M | Scene, ViewLayer | Synchronizing object | geometry_0_sphere.035
Fra:1 Mem:52.41M (Peak 52.41M) | Time:00:00.01 | Mem:0.00M, Peak:0.00M | Scene, ViewLayer | Synchronizing object | geometry_0_cylinder
Fra:1 Mem:52.48M (Peak 52.48M) | Time:00:00.01 | Mem:0.00M, Peak:0.00M | Scene, ViewLayer | Synchronizing object | geometry_0_sphere.018
Fra:1 Mem:52.64M (Peak 52.64M) | Time:00:00.01 | Mem:0.00M, Peak:0.00M | Scene, ViewLayer | Synchronizing object | geometry_0_sphere.036
Fra:1 Mem:52.72M (Peak 52.72M) | Time:00:00.01 | Mem:0.00M, Peak:0.00M | Scene, ViewLayer | Synchronizing object | geometry_0_sphere.037
Fra:1 Mem:52.77M (Peak 52.77M) | Time:00:00.01 | Mem:0.00M, Peak:0.00M | Scene, ViewLayer | Synchronizing object | geometry_0_sphere.017
Fra:1 Mem:53.06M (Peak 53.06M) | Time:00:00.01 | Mem:0.00M, Peak:0.00M | Scene, ViewLayer | Synchronizing object | geometry_0_sphere.038
Fra:1 Mem:53.00M (Peak 53.06M) | Time:00:00.01 | Mem:0.00M, Peak:0.00M | Scene, ViewLayer | Synchronizing object | geometry_0_sphere.016
Fra:1 Mem:53.40M (Peak 53.40M) | Time:00:00.01 | Mem:0.00M, Peak:0.00M | Scene, ViewLayer | Synchronizing object | geometry_0_sphere.015
Fra:1 Mem:53.36M (Peak 53.40M) | Time:00:00.01 | Mem:0.00M, Peak:0.00M | Scene, ViewLayer | Synchronizing object | geometry_0_sphere.041
Fra:1 Mem:53.76M (Peak 53.76M) | Time:00:00.01 | Mem:0.00M, Peak:0.00M | Scene, ViewLayer | Synchronizing object | geometry_0_sphere.014
Fra:1 Mem:53.82M (Peak 53.82M) | Time:00:00.01 | Mem:0.00M, Peak:0.00M | Scene, ViewLayer | Synchronizing object | geometry_0_sphere.042
Fra:1 Mem:53.87M (Peak 53.87M) | Time:00:00.01 | Mem:0.00M, Peak:0.00M | Scene, ViewLayer | Synchronizing object | geometry_0_sphere.043
Fra:1 Mem:54.06M (Peak 54.06M) | Time:00:00.01 | Mem:0.00M, Peak:0.00M | Scene, ViewLayer | Synchronizing object | geometry_0_sphere.013
Fra:1 Mem:54.18M (Peak 54.18M) | Time:00:00.01 | Mem:0.00M, Peak:0.00M | Scene, ViewLayer | Synchronizing object | geometry_0_sphere.044
Fra:1 Mem:54.30M (Peak 54.30M) | Time:00:00.01 | Mem:0.00M, Peak:0.00M | Scene, ViewLayer | Synchronizing object | geometry_0_sphere.045
Fra:1 Mem:54.42M (Peak 54.42M) | Time:00:00.01 | Mem:0.00M, Peak:0.00M | Scene, ViewLayer | Synchronizing object | geometry_0_cylinder.017
Fra:1 Mem:54.46M (Peak 54.46M) | Time:00:00.01 | Mem:0.00M, Peak:0.00M | Scene, ViewLayer | Synchronizing object | geometry_0_cylinder.016
Fra:1 Mem:54.47M (Peak 54.47M) | Time:00:00.01 | Mem:0.00M, Peak:0.00M | Scene, ViewLayer | Synchronizing object | geometry_0_sphere.046
Fra:1 Mem:54.49M (Peak 54.49M) | Time:00:00.01 | Mem:0.00M, Peak:0.00M | Scene, ViewLayer | Synchronizing object | geometry_0_cylinder.015
Fra:1 Mem:54.61M (Peak 54.61M) | Time:00:00.01 | Mem:0.00M, Peak:0.00M | Scene, ViewLayer | Synchronizing object | geometry_0_cylinder.014
Fra:1 Mem:54.62M (Peak 54.62M) | Time:00:00.01 | Mem:0.00M, Peak:0.00M | Scene, ViewLayer | Synchronizing object | geometry_0_sphere.047
Fra:1 Mem:54.67M (Peak 54.67M) | Time:00:00.01 | Mem:0.00M, Peak:0.00M | Scene, ViewLayer | Synchronizing object | geometry_0_cylinder.013
Fra:1 Mem:54.73M (Peak 54.73M) | Time:00:00.01 | Mem:0.00M, Peak:0.00M | Scene, ViewLayer | Synchronizing object | geometry_0_cylinder.012
Fra:1 Mem:54.74M (Peak 54.74M) | Time:00:00.01 | Mem:0.00M, Peak:0.00M | Scene, ViewLayer | Synchronizing object | geometry_0_sphere.048
Fra:1 Mem:54.77M (Peak 54.77M) | Time:00:00.01 | Mem:0.00M, Peak:0.00M | Scene, ViewLayer | Synchronizing object | geometry_0_sphere.012
Fra:1 Mem:55.01M (Peak 55.01M) | Time:00:00.01 | Mem:0.00M, Peak:0.00M | Scene, ViewLayer | Synchronizing object | geometry_0_sphere.049
Fra:1 Mem:55.13M (Peak 55.13M) | Time:00:00.01 | Mem:0.00M, Peak:0.00M | Scene, ViewLayer | Synchronizing object | geometry_0_sphere.011
Fra:1 Mem:55.17M (Peak 55.17M) | Time:00:00.01 | Mem:0.00M, Peak:0.00M | Scene, ViewLayer | Synchronizing object | geometry_0_sphere.050
Fra:1 Mem:55.37M (Peak 55.37M) | Time:00:00.01 | Mem:0.00M, Peak:0.00M | Scene, ViewLayer | Synchronizing object | geometry_0_sphere.051
Fra:1 Mem:55.50M (Peak 55.50M) | Time:00:00.01 | Mem:0.00M, Peak:0.00M | Scene, ViewLayer | Synchronizing object | geometry_0_sphere.010
Fra:1 Mem:55.55M (Peak 55.55M) | Time:00:00.01 | Mem:0.00M, Peak:0.00M | Scene, ViewLayer | Synchronizing object | geometry_0_cylinder.054
Fra:1 Mem:55.59M (Peak 55.59M) | Time:00:00.01 | Mem:0.00M, Peak:0.00M | Scene, ViewLayer | Synchronizing object | geometry_0_cylinder.055
Fra:1 Mem:55.67M (Peak 55.67M) | Time:00:00.01 | Mem:0.00M, Peak:0.00M | Scene, ViewLayer | Synchronizing object | geometry_0_cylinder.056
Fra:1 Mem:55.72M (Peak 55.72M) | Time:00:00.01 | Mem:0.00M, Peak:0.00M | Scene, ViewLayer | Synchronizing object | geometry_0_cylinder.057
Fra:1 Mem:55.67M (Peak 55.72M) | Time:00:00.01 | Mem:0.00M, Peak:0.00M | Scene, ViewLayer | Synchronizing object | geometry_0_sphere.009
Fra:1 Mem:55.68M (Peak 55.72M) | Time:00:00.01 | Mem:0.00M, Peak:0.00M | Scene, ViewLayer | Synchronizing object | geometry_0_cylinder.059
Fra:1 Mem:55.78M (Peak 55.78M) | Time:00:00.01 | Mem:0.00M, Peak:0.00M | Scene, ViewLayer | Synchronizing object | geometry_0_cylinder.060
Fra:1 Mem:55.82M (Peak 55.82M) | Time:00:00.01 | Mem:0.00M, Peak:0.00M | Scene, ViewLayer | Synchronizing object | geometry_0_cylinder.061
Fra:1 Mem:55.83M (Peak 55.83M) | Time:00:00.01 | Mem:0.00M, Peak:0.00M | Scene, ViewLayer | Synchronizing object | geometry_0_cylinder.062
Fra:1 Mem:55.88M (Peak 55.88M) | Time:00:00.01 | Mem:0.00M, Peak:0.00M | Scene, ViewLayer | Synchronizing object | geometry_0_cylinder.063
Fra:1 Mem:55.85M (Peak 55.88M) | Time:00:00.01 | Mem:0.00M, Peak:0.00M | Scene, ViewLayer | Synchronizing object | geometry_0_sphere.008
Fra:1 Mem:55.94M (Peak 55.94M) | Time:00:00.01 | Mem:0.00M, Peak:0.00M | Scene, ViewLayer | Synchronizing object | geometry_0_cylinder.065
Fra:1 Mem:55.98M (Peak 55.98M) | Time:00:00.01 | Mem:0.00M, Peak:0.00M | Scene, ViewLayer | Synchronizing object | geometry_0_cylinder.066
Fra:1 Mem:56.02M (Peak 56.02M) | Time:00:00.01 | Mem:0.00M, Peak:0.00M | Scene, ViewLayer | Synchronizing object | geometry_0_cylinder.067
Fra:1 Mem:56.06M (Peak 56.06M) | Time:00:00.01 | Mem:0.00M, Peak:0.00M | Scene, ViewLayer | Synchronizing object | geometry_0_cylinder.068
Fra:1 Mem:56.05M (Peak 56.06M) | Time:00:00.01 | Mem:0.00M, Peak:0.00M | Scene, ViewLayer | Synchronizing object | geometry_0_cylinder.069
Fra:1 Mem:56.06M (Peak 56.06M) | Time:00:00.01 | Mem:0.00M, Peak:0.00M | Scene, ViewLayer | Synchronizing object | geometry_0_cylinder.070
Fra:1 Mem:56.13M (Peak 56.13M) | Time:00:00.01 | Mem:0.00M, Peak:0.00M | Scene, ViewLayer | Synchronizing object | geometry_0_cylinder.071
Fra:1 Mem:56.17M (Peak 56.17M) | Time:00:00.01 | Mem:0.00M, Peak:0.00M | Scene, ViewLayer | Synchronizing object | geometry_0_cylinder.072
Fra:1 Mem:56.22M (Peak 56.22M) | Time:00:00.01 | Mem:0.00M, Peak:0.00M | Scene, ViewLayer | Synchronizing object | geometry_0_cylinder.073
Fra:1 Mem:56.26M (Peak 56.26M) | Time:00:00.01 | Mem:0.00M, Peak:0.00M | Scene, ViewLayer | Synchronizing object | geometry_0_cylinder.074
Fra:1 Mem:56.24M (Peak 56.26M) | Time:00:00.01 | Mem:0.00M, Peak:0.00M | Scene, ViewLayer | Synchronizing object | geometry_0_cylinder.011
Fra:1 Mem:56.26M (Peak 56.26M) | Time:00:00.01 | Mem:0.00M, Peak:0.00M | Scene, ViewLayer | Synchronizing object | geometry_0_cylinder.075
Fra:1 Mem:56.27M (Peak 56.27M) | Time:00:00.01 | Mem:0.00M, Peak:0.00M | Scene, ViewLayer | Synchronizing object | geometry_0_cylinder.010
Fra:1 Mem:56.29M (Peak 56.29M) | Time:00:00.01 | Mem:0.00M, Peak:0.00M | Scene, ViewLayer | Synchronizing object | geometry_0_cylinder.077
Fra:1 Mem:56.30M (Peak 56.30M) | Time:00:00.01 | Mem:0.00M, Peak:0.00M | Scene, ViewLayer | Synchronizing object | geometry_0_cylinder.078
Fra:1 Mem:56.33M (Peak 56.33M) | Time:00:00.01 | Mem:0.00M, Peak:0.00M | Scene, ViewLayer | Synchronizing object | geometry_0_cylinder.079
Fra:1 Mem:56.34M (Peak 56.34M) | Time:00:00.01 | Mem:0.00M, Peak:0.00M | Scene, ViewLayer | Synchronizing object | geometry_0_cylinder.080
Fra:1 Mem:56.37M (Peak 56.37M) | Time:00:00.01 | Mem:0.00M, Peak:0.00M | Scene, ViewLayer | Synchronizing object | geometry_0_cylinder.081
Fra:1 Mem:56.38M (Peak 56.38M) | Time:00:00.01 | Mem:0.00M, Peak:0.00M | Scene, ViewLayer | Synchronizing object | geometry_0_cylinder.082
Fra:1 Mem:56.41M (Peak 56.41M) | Time:00:00.01 | Mem:0.00M, Peak:0.00M | Scene, ViewLayer | Synchronizing object | geometry_0_cylinder.083
Fra:1 Mem:56.42M (Peak 56.42M) | Time:00:00.01 | Mem:0.00M, Peak:0.00M | Scene, ViewLayer | Synchronizing object | geometry_0_cylinder.084
Fra:1 Mem:56.46M (Peak 56.46M) | Time:00:00.01 | Mem:0.00M, Peak:0.00M | Scene, ViewLayer | Synchronizing object | geometry_0_cylinder.085
Fra:1 Mem:56.46M (Peak 56.46M) | Time:00:00.01 | Mem:0.00M, Peak:0.00M | Scene, ViewLayer | Synchronizing object | geometry_0_cylinder.086
Fra:1 Mem:56.49M (Peak 56.49M) | Time:00:00.01 | Mem:0.00M, Peak:0.00M | Scene, ViewLayer | Synchronizing object | geometry_0_cylinder.087
Fra:1 Mem:56.49M (Peak 56.49M) | Time:00:00.01 | Mem:0.00M, Peak:0.00M | Scene, ViewLayer | Synchronizing object | geometry_0_sphere.052
Fra:1 Mem:56.53M (Peak 56.53M) | Time:00:00.01 | Mem:0.00M, Peak:0.00M | Scene, ViewLayer | Synchronizing object | geometry_0_sphere.053
Fra:1 Mem:56.61M (Peak 56.61M) | Time:00:00.01 | Mem:0.00M, Peak:0.00M | Scene, ViewLayer | Synchronizing object | geometry_0_cylinder.094
Fra:1 Mem:56.70M (Peak 56.70M) | Time:00:00.01 | Mem:0.00M, Peak:0.00M | Scene, ViewLayer | Synchronizing object | geometry_0_cylinder.092
Fra:1 Mem:56.75M (Peak 56.75M) | Time:00:00.01 | Mem:0.00M, Peak:0.00M | Scene, ViewLayer | Synchronizing object | geometry_0_cylinder.091
Fra:1 Mem:56.82M (Peak 56.82M) | Time:00:00.01 | Mem:0.00M, Peak:0.00M | Scene, ViewLayer | Synchronizing object | geometry_0_mesh.001
Fra:1 Mem:56.80M (Peak 56.82M) | Time:00:00.01 | Mem:0.00M, Peak:0.00M | Scene, ViewLayer | Synchronizing object | geometry_0_sphere.054
Fra:1 Mem:56.97M (Peak 56.97M) | Time:00:00.01 | Mem:0.00M, Peak:0.00M | Scene, ViewLayer | Synchronizing object | geometry_0_cylinder.090
Fra:1 Mem:56.98M (Peak 56.98M) | Time:00:00.01 | Mem:0.00M, Peak:0.00M | Scene, ViewLayer | Synchronizing object | geometry_0_sphere.055
Fra:1 Mem:57.02M (Peak 57.02M) | Time:00:00.01 | Mem:0.00M, Peak:0.00M | Scene, ViewLayer | Synchronizing object | geometry_0_cylinder.019
Fra:1 Mem:57.05M (Peak 57.05M) | Time:00:00.01 | Mem:0.00M, Peak:0.00M | Scene, ViewLayer | Synchronizing object | geometry_0_sphere.056
Fra:1 Mem:57.09M (Peak 57.09M) | Time:00:00.01 | Mem:0.00M, Peak:0.00M | Scene, ViewLayer | Synchronizing object | geometry_0_cylinder.089
Fra:1 Mem:57.21M (Peak 57.21M) | Time:00:00.01 | Mem:0.00M, Peak:0.00M | Scene, ViewLayer | Synchronizing object | geometry_0_sphere
Fra:1 Mem:57.40M (Peak 57.40M) | Time:00:00.01 | Mem:0.00M, Peak:0.00M | Scene, ViewLayer | Synchronizing object | geometry_0_sphere.057
Fra:1 Mem:57.41M (Peak 57.41M) | Time:00:00.01 | Mem:0.00M, Peak:0.00M | Scene, ViewLayer | Synchronizing object | geometry_0_sphere.058
Fra:1 Mem:57.51M (Peak 57.51M) | Time:00:00.01 | Mem:0.00M, Peak:0.00M | Scene, ViewLayer | Synchronizing object | geometry_0_sphere.083
Fra:1 Mem:57.76M (Peak 57.76M) | Time:00:00.01 | Mem:0.00M, Peak:0.00M | Scene, ViewLayer | Synchronizing object | geometry_0_sphere.059
Fra:1 Mem:57.74M (Peak 57.76M) | Time:00:00.01 | Mem:0.00M, Peak:0.00M | Scene, ViewLayer | Synchronizing object | geometry_0_sphere.082
Fra:1 Mem:58.16M (Peak 58.16M) | Time:00:00.01 | Mem:0.00M, Peak:0.00M | Scene, ViewLayer | Synchronizing object | geometry_0_sphere.081
Fra:1 Mem:58.10M (Peak 58.16M) | Time:00:00.01 | Mem:0.00M, Peak:0.00M | Scene, ViewLayer | Synchronizing object | geometry_0_sphere.061
Fra:1 Mem:58.19M (Peak 58.19M) | Time:00:00.01 | Mem:0.00M, Peak:0.00M | Scene, ViewLayer | Synchronizing object | geometry_0_sphere.062
Fra:1 Mem:58.46M (Peak 58.46M) | Time:00:00.01 | Mem:0.00M, Peak:0.00M | Scene, ViewLayer | Synchronizing object | geometry_0_sphere.080
Fra:1 Mem:58.58M (Peak 58.58M) | Time:00:00.01 | Mem:0.00M, Peak:0.00M | Scene, ViewLayer | Synchronizing object | geometry_0_sphere.063
Fra:1 Mem:58.59M (Peak 58.59M) | Time:00:00.01 | Mem:0.00M, Peak:0.00M | Scene, ViewLayer | Synchronizing object | geometry_0_sphere.064
Fra:1 Mem:58.76M (Peak 58.76M) | Time:00:00.01 | Mem:0.00M, Peak:0.00M | Scene, ViewLayer | Synchronizing object | geometry_0_sphere.079
Fra:1 Mem:58.97M (Peak 58.97M) | Time:00:00.01 | Mem:0.00M, Peak:0.00M | Scene, ViewLayer | Synchronizing object | geometry_0_sphere.065
Fra:1 Mem:58.99M (Peak 58.99M) | Time:00:00.01 | Mem:0.00M, Peak:0.00M | Scene, ViewLayer | Synchronizing object | geometry_0_sphere.066
Fra:1 Mem:59.08M (Peak 59.08M) | Time:00:00.01 | Mem:0.00M, Peak:0.00M | Scene, ViewLayer | Synchronizing object | geometry_0_sphere.078
Fra:1 Mem:59.37M (Peak 59.37M) | Time:00:00.01 | Mem:0.00M, Peak:0.00M | Scene, ViewLayer | Synchronizing object | geometry_0_sphere.067
Fra:1 Mem:59.31M (Peak 59.37M) | Time:00:00.01 | Mem:0.00M, Peak:0.00M | Scene, ViewLayer | Synchronizing object | geometry_0_sphere.077
Fra:1 Mem:59.73M (Peak 59.73M) | Time:00:00.01 | Mem:0.00M, Peak:0.00M | Scene, ViewLayer | Synchronizing object | geometry_0_sphere.069
Fra:1 Mem:59.68M (Peak 59.73M) | Time:00:00.01 | Mem:0.00M, Peak:0.00M | Scene, ViewLayer | Synchronizing object | geometry_0_sphere.070
Fra:1 Mem:60.03M (Peak 60.03M) | Time:00:00.01 | Mem:0.00M, Peak:0.00M | Scene, ViewLayer | Synchronizing object | geometry_0_sphere.075
Fra:1 Mem:60.12M (Peak 60.12M) | Time:00:00.01 | Mem:0.00M, Peak:0.00M | Scene, ViewLayer | Synchronizing object | geometry_0_sphere.071
Fra:1 Mem:60.13M (Peak 60.13M) | Time:00:00.01 | Mem:0.00M, Peak:0.00M | Scene, ViewLayer | Synchronizing object | geometry_0_sphere.072
Fra:1 Mem:60.39M (Peak 60.39M) | Time:00:00.01 | Mem:0.00M, Peak:0.00M | Scene, ViewLayer | Synchronizing object | geometry_0_sphere.074
Fra:1 Mem:60.54M (Peak 60.54M) | Time:00:00.01 | Mem:0.00M, Peak:0.00M | Scene, ViewLayer | Synchronizing object | geometry_0_sphere.073
Fra:1 Mem:60.64M (Peak 60.64M) | Time:00:00.01 | Mem:0.00M, Peak:0.00M | Scene, ViewLayer | Initializing
Fra:1 Mem:52.51M (Peak 60.64M) | Time:00:00.02 | Mem:0.00M, Peak:0.00M | Scene, ViewLayer | Waiting for render to start
Fra:1 Mem:52.51M (Peak 60.64M) | Time:00:00.02 | Mem:0.00M, Peak:0.00M | Scene, ViewLayer | Loading render kernels (may take a few minutes the first time)
Fra:1 Mem:52.51M (Peak 60.64M) | Time:00:00.02 | Mem:0.00M, Peak:0.00M | Scene, ViewLayer | Updating Scene
Fra:1 Mem:52.51M (Peak 60.64M) | Time:00:00.02 | Mem:0.00M, Peak:0.00M | Scene, ViewLayer | Updating Shaders
Fra:1 Mem:52.59M (Peak 60.64M) | Time:00:00.02 | Mem:0.00M, Peak:0.00M | Scene, ViewLayer | Updating Procedurals
Fra:1 Mem:52.59M (Peak 60.64M) | Time:00:00.02 | Mem:0.00M, Peak:0.00M | Scene, ViewLayer | Updating Background
Fra:1 Mem:52.59M (Peak 60.64M) | Time:00:00.02 | Mem:0.00M, Peak:0.00M | Scene, ViewLayer | Updating Camera
Fra:1 Mem:52.59M (Peak 60.64M) | Time:00:00.02 | Mem:0.00M, Peak:0.00M | Scene, ViewLayer | Updating Meshes Flags
Fra:1 Mem:52.59M (Peak 60.64M) | Time:00:00.02 | Mem:0.00M, Peak:0.00M | Scene, ViewLayer | Updating Objects
Fra:1 Mem:52.59M (Peak 60.64M) | Time:00:00.02 | Mem:0.00M, Peak:0.00M | Scene, ViewLayer | Updating Objects | Copying Transformations to device
Fra:1 Mem:52.64M (Peak 60.64M) | Time:00:00.02 | Mem:0.04M, Peak:0.04M | Scene, ViewLayer | Updating Objects | Applying Static Transformations
Fra:1 Mem:52.64M (Peak 60.64M) | Time:00:00.02 | Mem:0.04M, Peak:0.04M | Scene, ViewLayer | Updating Particle Systems
Fra:1 Mem:52.64M (Peak 60.64M) | Time:00:00.02 | Mem:0.04M, Peak:0.04M | Scene, ViewLayer | Updating Particle Systems | Copying Particles to device
Fra:1 Mem:52.64M (Peak 60.64M) | Time:00:00.02 | Mem:0.04M, Peak:0.04M | Scene, ViewLayer | Updating Meshes
Fra:1 Mem:54.10M (Peak 60.64M) | Time:00:00.02 | Mem:0.04M, Peak:0.04M | Scene, ViewLayer | Updating Mesh | Computing attributes
Fra:1 Mem:56.32M (Peak 60.64M) | Time:00:00.02 | Mem:0.06M, Peak:0.06M | Scene, ViewLayer | Updating Mesh | Copying Attributes to device
Fra:1 Mem:56.29M (Peak 60.64M) | Time:00:00.02 | Mem:2.24M, Peak:2.24M | Scene, ViewLayer | Updating Scene BVH | Building
Fra:1 Mem:56.30M (Peak 60.64M) | Time:00:00.02 | Mem:2.24M, Peak:2.24M | Scene, ViewLayer | Updating Scene BVH | Building BVH
Fra:1 Mem:56.30M (Peak 60.64M) | Time:00:00.02 | Mem:5.17M, Peak:5.17M | Scene, ViewLayer | Updating Scene BVH | Building BVH 0%
Fra:1 Mem:56.30M (Peak 60.64M) | Time:00:00.03 | Mem:8.66M, Peak:11.59M | Scene, ViewLayer | Updating Scene BVH | Copying BVH to device
Fra:1 Mem:56.30M (Peak 60.64M) | Time:00:00.03 | Mem:8.66M, Peak:11.59M | Scene, ViewLayer | Updating Mesh | Computing normals
Fra:1 Mem:63.94M (Peak 63.94M) | Time:00:00.04 | Mem:8.66M, Peak:11.59M | Scene, ViewLayer | Updating Mesh | Copying Mesh to device
Fra:1 Mem:63.94M (Peak 63.94M) | Time:00:00.04 | Mem:16.31M, Peak:16.31M | Scene, ViewLayer | Updating Objects Flags
Fra:1 Mem:63.94M (Peak 63.94M) | Time:00:00.04 | Mem:16.31M, Peak:16.31M | Scene, ViewLayer | Updating Primitive Offsets
Fra:1 Mem:63.94M (Peak 63.94M) | Time:00:00.04 | Mem:16.31M, Peak:16.31M | Scene, ViewLayer | Updating Images
Fra:1 Mem:63.94M (Peak 63.94M) | Time:00:00.04 | Mem:16.31M, Peak:16.31M | Scene, ViewLayer | Updating Camera Volume
Fra:1 Mem:63.94M (Peak 63.94M) | Time:00:00.04 | Mem:16.31M, Peak:16.31M | Scene, ViewLayer | Updating Lookup Tables
Fra:1 Mem:63.94M (Peak 63.94M) | Time:00:00.04 | Mem:16.39M, Peak:16.39M | Scene, ViewLayer | Updating Lights
Fra:1 Mem:63.94M (Peak 63.94M) | Time:00:00.04 | Mem:16.39M, Peak:16.39M | Scene, ViewLayer | Updating Lights | Computing distribution
Fra:1 Mem:63.94M (Peak 63.94M) | Time:00:00.04 | Mem:16.39M, Peak:16.39M | Scene, ViewLayer | Updating Lights | Computing tree
Fra:1 Mem:63.95M (Peak 63.95M) | Time:00:00.04 | Mem:16.39M, Peak:16.39M | Scene, ViewLayer | Updating Integrator
Fra:1 Mem:64.95M (Peak 64.95M) | Time:00:00.04 | Mem:17.39M, Peak:17.39M | Scene, ViewLayer | Updating Film
Fra:1 Mem:64.95M (Peak 64.95M) | Time:00:00.04 | Mem:17.31M, Peak:17.39M | Scene, ViewLayer | Updating Lookup Tables
Fra:1 Mem:64.95M (Peak 64.95M) | Time:00:00.04 | Mem:17.40M, Peak:17.40M | Scene, ViewLayer | Updating Baking
Fra:1 Mem:64.95M (Peak 64.95M) | Time:00:00.04 | Mem:17.40M, Peak:17.40M | Scene, ViewLayer | Updating Device | Writing constant memory
Fra:1 Mem:64.95M (Peak 64.95M) | Time:00:00.04 | Mem:17.40M, Peak:17.40M | Scene, ViewLayer | Sample 0/32
Fra:1 Mem:83.97M (Peak 83.97M) | Time:00:00.06 | Remaining:00:00.53 | Mem:36.40M, Peak:36.40M | Scene, ViewLayer | Sample 1/32
Fra:1 Mem:91.97M (Peak 103.97M) | Time:00:01.55 | Mem:36.40M, Peak:36.40M | Scene, ViewLayer | Sample 32/32
Fra:1 Mem:91.97M (Peak 103.97M) | Time:00:01.55 | Mem:36.40M, Peak:36.40M | Scene, ViewLayer | Finished
Fra:1 Mem:50.22M (Peak 103.97M) | Time:00:01.56 | Compositing
Fra:1 Mem:50.22M (Peak 103.97M) | Time:00:01.56 | Compositing | Determining resolution
Fra:1 Mem:50.22M (Peak 103.97M) | Time:00:01.56 | Compositing | Initializing execution
Fra:1 Mem:50.22M (Peak 103.97M) | Time:00:01.56 | Compositing | De-initializing execution
Saved: '/vepfs_default/chanxueyan/lhp/lms/aDSL/temp/geometry_expression_20260929/B/SF21/views/render_0001.png'
Time: 00:01.61 (Saving: 00:00.05)

Fra:2 Mem:50.33M (Peak 103.97M) | Time:00:00.01 | Mem:0.00M, Peak:0.00M | Scene, ViewLayer | Synchronizing object | geometry_0_mesh
Fra:2 Mem:50.33M (Peak 103.97M) | Time:00:00.01 | Mem:0.00M, Peak:0.00M | Scene, ViewLayer | Synchronizing object | geometry_0_cylinder.018
Fra:2 Mem:50.41M (Peak 103.97M) | Time:00:00.01 | Mem:0.00M, Peak:0.00M | Scene, ViewLayer | Synchronizing object | geometry_0_mesh.003
Fra:2 Mem:50.46M (Peak 103.97M) | Time:00:00.01 | Mem:0.00M, Peak:0.00M | Scene, ViewLayer | Synchronizing object | geometry_0_mesh.002
Fra:2 Mem:50.52M (Peak 103.97M) | Time:00:00.01 | Mem:0.00M, Peak:0.00M | Scene, ViewLayer | Synchronizing object | geometry_0_mesh.004
Fra:2 Mem:50.63M (Peak 103.97M) | Time:00:00.01 | Mem:0.00M, Peak:0.00M | Scene, ViewLayer | Synchronizing object | geometry_0_cylinder.088
Fra:2 Mem:50.62M (Peak 103.97M) | Time:00:00.01 | Mem:0.00M, Peak:0.00M | Scene, ViewLayer | Synchronizing object | geometry_0_cylinder.020
Fra:2 Mem:50.62M (Peak 103.97M) | Time:00:00.01 | Mem:0.00M, Peak:0.00M | Scene, ViewLayer | Synchronizing object | geometry_0_cylinder.021
Fra:2 Mem:50.64M (Peak 103.97M) | Time:00:00.01 | Mem:0.00M, Peak:0.00M | Scene, ViewLayer | Synchronizing object | geometry_0_cylinder.022
Fra:2 Mem:50.65M (Peak 103.97M) | Time:00:00.01 | Mem:0.00M, Peak:0.00M | Scene, ViewLayer | Synchronizing object | geometry_0_cylinder.023
Fra:2 Mem:50.66M (Peak 103.97M) | Time:00:00.01 | Mem:0.00M, Peak:0.00M | Scene, ViewLayer | Synchronizing object | geometry_0_cylinder.024
Fra:2 Mem:50.68M (Peak 103.97M) | Time:00:00.01 | Mem:0.00M, Peak:0.00M | Scene, ViewLayer | Synchronizing object | geometry_0_cylinder.025
Fra:2 Mem:50.69M (Peak 103.97M) | Time:00:00.01 | Mem:0.00M, Peak:0.00M | Scene, ViewLayer | Synchronizing object | geometry_0_cylinder.026
Fra:2 Mem:50.70M (Peak 103.97M) | Time:00:00.01 | Mem:0.00M, Peak:0.00M | Scene, ViewLayer | Synchronizing object | geometry_0_cylinder.027
Fra:2 Mem:50.71M (Peak 103.97M) | Time:00:00.01 | Mem:0.00M, Peak:0.00M | Scene, ViewLayer | Synchronizing object | geometry_0_cylinder.028
Fra:2 Mem:50.72M (Peak 103.97M) | Time:00:00.01 | Mem:0.00M, Peak:0.00M | Scene, ViewLayer | Synchronizing object | geometry_0_cylinder.029
Fra:2 Mem:50.74M (Peak 103.97M) | Time:00:00.01 | Mem:0.00M, Peak:0.00M | Scene, ViewLayer | Synchronizing object | geometry_0_cylinder.030
Fra:2 Mem:50.74M (Peak 103.97M) | Time:00:00.01 | Mem:0.00M, Peak:0.00M | Scene, ViewLayer | Synchronizing object | geometry_0_cylinder.031
Fra:2 Mem:50.75M (Peak 103.97M) | Time:00:00.01 | Mem:0.00M, Peak:0.00M | Scene, ViewLayer | Synchronizing object | geometry_0_cylinder.032
Fra:2 Mem:50.77M (Peak 103.97M) | Time:00:00.01 | Mem:0.00M, Peak:0.00M | Scene, ViewLayer | Synchronizing object | geometry_0_cylinder.033
Fra:2 Mem:50.77M (Peak 103.97M) | Time:00:00.01 | Mem:0.00M, Peak:0.00M | Scene, ViewLayer | Synchronizing object | geometry_0_cylinder.034
Fra:2 Mem:50.79M (Peak 103.97M) | Time:00:00.01 | Mem:0.00M, Peak:0.00M | Scene, ViewLayer | Synchronizing object | geometry_0_cylinder.035
Fra:2 Mem:50.80M (Peak 103.97M) | Time:00:00.01 | Mem:0.00M, Peak:0.00M | Scene, ViewLayer | Synchronizing object | geometry_0_cylinder.036
Fra:2 Mem:50.80M (Peak 103.97M) | Time:00:00.01 | Mem:0.00M, Peak:0.00M | Scene, ViewLayer | Synchronizing object | geometry_0_cylinder.037
Fra:2 Mem:50.82M (Peak 103.97M) | Time:00:00.01 | Mem:0.00M, Peak:0.00M | Scene, ViewLayer | Synchronizing object | geometry_0_cylinder.038
Fra:2 Mem:50.83M (Peak 103.97M) | Time:00:00.01 | Mem:0.00M, Peak:0.00M | Scene, ViewLayer | Synchronizing object | geometry_0_cylinder.039
Fra:2 Mem:50.84M (Peak 103.97M) | Time:00:00.01 | Mem:0.00M, Peak:0.00M | Scene, ViewLayer | Synchronizing object | geometry_0_cylinder.040
Fra:2 Mem:50.86M (Peak 103.97M) | Time:00:00.01 | Mem:0.00M, Peak:0.00M | Scene, ViewLayer | Synchronizing object | geometry_0_cylinder.041
Fra:2 Mem:50.86M (Peak 103.97M) | Time:00:00.01 | Mem:0.00M, Peak:0.00M | Scene, ViewLayer | Synchronizing object | geometry_0_cylinder.042
Fra:2 Mem:50.88M (Peak 103.97M) | Time:00:00.01 | Mem:0.00M, Peak:0.00M | Scene, ViewLayer | Synchronizing object | geometry_0_cylinder.043
Fra:2 Mem:50.89M (Peak 103.97M) | Time:00:00.01 | Mem:0.00M, Peak:0.00M | Scene, ViewLayer | Synchronizing object | geometry_0_cylinder.044
Fra:2 Mem:50.90M (Peak 103.97M) | Time:00:00.01 | Mem:0.00M, Peak:0.00M | Scene, ViewLayer | Synchronizing object | geometry_0_cylinder.045
Fra:2 Mem:50.91M (Peak 103.97M) | Time:00:00.01 | Mem:0.00M, Peak:0.00M | Scene, ViewLayer | Synchronizing object | geometry_0_cylinder.046
Fra:2 Mem:50.92M (Peak 103.97M) | Time:00:00.01 | Mem:0.00M, Peak:0.00M | Scene, ViewLayer | Synchronizing object | geometry_0_cylinder.047
Fra:2 Mem:50.93M (Peak 103.97M) | Time:00:00.01 | Mem:0.00M, Peak:0.00M | Scene, ViewLayer | Synchronizing object | geometry_0_cylinder.048
Fra:2 Mem:50.94M (Peak 103.97M) | Time:00:00.01 | Mem:0.00M, Peak:0.00M | Scene, ViewLayer | Synchronizing object | geometry_0_cylinder.049
Fra:2 Mem:50.95M (Peak 103.97M) | Time:00:00.01 | Mem:0.00M, Peak:0.00M | Scene, ViewLayer | Synchronizing object | geometry_0_cylinder.050
Fra:2 Mem:50.96M (Peak 103.97M) | Time:00:00.01 | Mem:0.00M, Peak:0.00M | Scene, ViewLayer | Synchronizing object | geometry_0_cylinder.051
Fra:2 Mem:50.97M (Peak 103.97M) | Time:00:00.01 | Mem:0.00M, Peak:0.00M | Scene, ViewLayer | Synchronizing object | geometry_0_cylinder.052
Fra:2 Mem:50.99M (Peak 103.97M) | Time:00:00.01 | Mem:0.00M, Peak:0.00M | Scene, ViewLayer | Synchronizing object | geometry_0_cylinder.053
Fra:2 Mem:51.00M (Peak 103.97M) | Time:00:00.01 | Mem:0.00M, Peak:0.00M | Scene, ViewLayer | Synchronizing object | geometry_0_sphere.019
Fra:2 Mem:51.05M (Peak 103.97M) | Time:00:00.01 | Mem:0.00M, Peak:0.00M | Scene, ViewLayer | Synchronizing object | geometry_0_sphere.020
Fra:2 Mem:51.22M (Peak 103.97M) | Time:00:00.01 | Mem:0.00M, Peak:0.00M | Scene, ViewLayer | Synchronizing object | geometry_0_sphere.021
Fra:2 Mem:51.36M (Peak 103.97M) | Time:00:00.01 | Mem:0.00M, Peak:0.00M | Scene, ViewLayer | Synchronizing object | geometry_0_sphere.022
Fra:2 Mem:51.37M (Peak 103.97M) | Time:00:00.01 | Mem:0.00M, Peak:0.00M | Scene, ViewLayer | Synchronizing object | geometry_0_sphere.023
Fra:2 Mem:51.57M (Peak 103.97M) | Time:00:00.01 | Mem:0.00M, Peak:0.00M | Scene, ViewLayer | Synchronizing object | geometry_0_sphere.024
Fra:2 Mem:51.59M (Peak 103.97M) | Time:00:00.01 | Mem:0.00M, Peak:0.00M | Scene, ViewLayer | Synchronizing object | geometry_0_sphere.025
Fra:2 Mem:51.75M (Peak 103.97M) | Time:00:00.01 | Mem:0.00M, Peak:0.00M | Scene, ViewLayer | Synchronizing object | geometry_0_sphere.026
Fra:2 Mem:51.86M (Peak 103.97M) | Time:00:00.01 | Mem:0.00M, Peak:0.00M | Scene, ViewLayer | Synchronizing object | geometry_0_sphere.027
Fra:2 Mem:51.94M (Peak 103.97M) | Time:00:00.01 | Mem:0.00M, Peak:0.00M | Scene, ViewLayer | Synchronizing object | geometry_0_sphere.006
Fra:2 Mem:52.24M (Peak 103.97M) | Time:00:00.01 | Mem:0.00M, Peak:0.00M | Scene, ViewLayer | Synchronizing object | geometry_0_sphere.029
Fra:2 Mem:52.29M (Peak 103.97M) | Time:00:00.01 | Mem:0.00M, Peak:0.00M | Scene, ViewLayer | Synchronizing object | geometry_0_sphere.030
Fra:2 Mem:52.33M (Peak 103.97M) | Time:00:00.01 | Mem:0.00M, Peak:0.00M | Scene, ViewLayer | Synchronizing object | geometry_0_sphere.005
Fra:2 Mem:52.47M (Peak 103.97M) | Time:00:00.01 | Mem:0.00M, Peak:0.00M | Scene, ViewLayer | Synchronizing object | geometry_0_sphere.031
Fra:2 Mem:52.64M (Peak 103.97M) | Time:00:00.01 | Mem:0.00M, Peak:0.00M | Scene, ViewLayer | Synchronizing object | geometry_0_sphere.032
Fra:2 Mem:52.68M (Peak 103.97M) | Time:00:00.01 | Mem:0.00M, Peak:0.00M | Scene, ViewLayer | Synchronizing object | geometry_0_sphere.004
Fra:2 Mem:52.76M (Peak 103.97M) | Time:00:00.01 | Mem:0.00M, Peak:0.00M | Scene, ViewLayer | Synchronizing object | geometry_0_sphere.033
Fra:2 Mem:52.99M (Peak 103.97M) | Time:00:00.01 | Mem:0.00M, Peak:0.00M | Scene, ViewLayer | Synchronizing object | geometry_0_sphere.003
Fra:2 Mem:53.00M (Peak 103.97M) | Time:00:00.01 | Mem:0.00M, Peak:0.00M | Scene, ViewLayer | Synchronizing object | geometry_0_sphere.035
Fra:2 Mem:53.25M (Peak 103.97M) | Time:00:00.01 | Mem:0.00M, Peak:0.00M | Scene, ViewLayer | Synchronizing object | geometry_0_sphere.002
Fra:2 Mem:53.38M (Peak 103.97M) | Time:00:00.01 | Mem:0.00M, Peak:0.00M | Scene, ViewLayer | Synchronizing object | geometry_0_sphere.036
Fra:2 Mem:53.40M (Peak 103.97M) | Time:00:00.01 | Mem:0.00M, Peak:0.00M | Scene, ViewLayer | Synchronizing object | geometry_0_sphere.037
Fra:2 Mem:53.47M (Peak 103.97M) | Time:00:00.01 | Mem:0.00M, Peak:0.00M | Scene, ViewLayer | Synchronizing object | geometry_0_sphere.001
Fra:2 Mem:53.67M (Peak 103.97M) | Time:00:00.01 | Mem:0.00M, Peak:0.00M | Scene, ViewLayer | Synchronizing object | geometry_0_sphere.038
Fra:2 Mem:53.78M (Peak 103.97M) | Time:00:00.01 | Mem:0.00M, Peak:0.00M | Scene, ViewLayer | Synchronizing object | geometry_0_cylinder.005
Fra:2 Mem:53.79M (Peak 103.97M) | Time:00:00.01 | Mem:0.00M, Peak:0.00M | Scene, ViewLayer | Synchronizing object | geometry_0_sphere.039
Fra:2 Mem:53.86M (Peak 103.97M) | Time:00:00.01 | Mem:0.00M, Peak:0.00M | Scene, ViewLayer | Synchronizing object | geometry_0_cylinder.004
Fra:2 Mem:53.88M (Peak 103.97M) | Time:00:00.01 | Mem:0.00M, Peak:0.00M | Scene, ViewLayer | Synchronizing object | geometry_0_sphere.040
Fra:2 Mem:53.95M (Peak 103.97M) | Time:00:00.01 | Mem:0.00M, Peak:0.00M | Scene, ViewLayer | Synchronizing object | geometry_0_cylinder.003
Fra:2 Mem:54.02M (Peak 103.97M) | Time:00:00.01 | Mem:0.00M, Peak:0.00M | Scene, ViewLayer | Synchronizing object | geometry_0_cylinder.002
Fra:2 Mem:54.09M (Peak 103.97M) | Time:00:00.01 | Mem:0.00M, Peak:0.00M | Scene, ViewLayer | Synchronizing object | geometry_0_cylinder.001
Fra:2 Mem:54.04M (Peak 103.97M) | Time:00:00.01 | Mem:0.00M, Peak:0.00M | Scene, ViewLayer | Synchronizing object | geometry_0_sphere.041
Fra:2 Mem:54.12M (Peak 103.97M) | Time:00:00.01 | Mem:0.00M, Peak:0.00M | Scene, ViewLayer | Synchronizing object | geometry_0_cylinder
Fra:2 Mem:54.24M (Peak 103.97M) | Time:00:00.01 | Mem:0.00M, Peak:0.00M | Scene, ViewLayer | Synchronizing object | geometry_0_sphere.018
Fra:2 Mem:54.34M (Peak 103.97M) | Time:00:00.01 | Mem:0.00M, Peak:0.00M | Scene, ViewLayer | Synchronizing object | geometry_0_sphere.043
Fra:2 Mem:54.51M (Peak 103.97M) | Time:00:00.01 | Mem:0.00M, Peak:0.00M | Scene, ViewLayer | Synchronizing object | geometry_0_sphere.017
Fra:2 Mem:54.59M (Peak 103.97M) | Time:00:00.01 | Mem:0.00M, Peak:0.00M | Scene, ViewLayer | Synchronizing object | geometry_0_sphere.044
Fra:2 Mem:54.59M (Peak 103.97M) | Time:00:00.01 | Mem:0.00M, Peak:0.00M | Scene, ViewLayer | Synchronizing object | geometry_0_sphere.045
Fra:2 Mem:54.80M (Peak 103.97M) | Time:00:00.01 | Mem:0.00M, Peak:0.00M | Scene, ViewLayer | Synchronizing object | geometry_0_sphere.016
Fra:2 Mem:54.94M (Peak 103.97M) | Time:00:00.01 | Mem:0.00M, Peak:0.00M | Scene, ViewLayer | Synchronizing object | geometry_0_sphere.046
Fra:2 Mem:55.01M (Peak 103.97M) | Time:00:00.01 | Mem:0.00M, Peak:0.00M | Scene, ViewLayer | Synchronizing object | geometry_0_sphere.047
Fra:2 Mem:55.06M (Peak 103.97M) | Time:00:00.01 | Mem:0.00M, Peak:0.00M | Scene, ViewLayer | Synchronizing object | geometry_0_sphere.015
Fra:2 Mem:55.23M (Peak 103.97M) | Time:00:00.01 | Mem:0.00M, Peak:0.00M | Scene, ViewLayer | Synchronizing object | geometry_0_sphere.048
Fra:2 Mem:55.36M (Peak 103.97M) | Time:00:00.01 | Mem:0.00M, Peak:0.00M | Scene, ViewLayer | Synchronizing object | geometry_0_sphere.014
Fra:2 Mem:55.44M (Peak 103.97M) | Time:00:00.01 | Mem:0.00M, Peak:0.00M | Scene, ViewLayer | Synchronizing object | geometry_0_sphere.049
Fra:2 Mem:55.51M (Peak 103.97M) | Time:00:00.01 | Mem:0.00M, Peak:0.00M | Scene, ViewLayer | Synchronizing object | geometry_0_sphere.050
Fra:2 Mem:55.65M (Peak 103.97M) | Time:00:00.01 | Mem:0.00M, Peak:0.00M | Scene, ViewLayer | Synchronizing object | geometry_0_sphere.013
Fra:2 Mem:55.79M (Peak 103.97M) | Time:00:00.01 | Mem:0.00M, Peak:0.00M | Scene, ViewLayer | Synchronizing object | geometry_0_sphere.051
Fra:2 Mem:55.80M (Peak 103.97M) | Time:00:00.01 | Mem:0.00M, Peak:0.00M | Scene, ViewLayer | Synchronizing object | geometry_0_cylinder.054
Fra:2 Mem:55.90M (Peak 103.97M) | Time:00:00.01 | Mem:0.00M, Peak:0.00M | Scene, ViewLayer | Synchronizing object | geometry_0_cylinder.055
Fra:2 Mem:55.91M (Peak 103.97M) | Time:00:00.01 | Mem:0.00M, Peak:0.00M | Scene, ViewLayer | Synchronizing object | geometry_0_cylinder.017
Fra:2 Mem:55.92M (Peak 103.97M) | Time:00:00.01 | Mem:0.00M, Peak:0.00M | Scene, ViewLayer | Synchronizing object | geometry_0_cylinder.056
Fra:2 Mem:55.90M (Peak 103.97M) | Time:00:00.01 | Mem:0.00M, Peak:0.00M | Scene, ViewLayer | Synchronizing object | geometry_0_cylinder.016
Fra:2 Mem:55.91M (Peak 103.97M) | Time:00:00.01 | Mem:0.00M, Peak:0.00M | Scene, ViewLayer | Synchronizing object | geometry_0_cylinder.058
Fra:2 Mem:55.92M (Peak 103.97M) | Time:00:00.01 | Mem:0.00M, Peak:0.00M | Scene, ViewLayer | Synchronizing object | geometry_0_cylinder.015
Fra:2 Mem:55.95M (Peak 103.97M) | Time:00:00.01 | Mem:0.00M, Peak:0.00M | Scene, ViewLayer | Synchronizing object | geometry_0_cylinder.059
Fra:2 Mem:55.95M (Peak 103.97M) | Time:00:00.01 | Mem:0.00M, Peak:0.00M | Scene, ViewLayer | Synchronizing object | geometry_0_cylinder.060
Fra:2 Mem:55.97M (Peak 103.97M) | Time:00:00.01 | Mem:0.00M, Peak:0.00M | Scene, ViewLayer | Synchronizing object | geometry_0_cylinder.061
Fra:2 Mem:55.98M (Peak 103.97M) | Time:00:00.01 | Mem:0.00M, Peak:0.00M | Scene, ViewLayer | Synchronizing object | geometry_0_cylinder.013
Fra:2 Mem:56.02M (Peak 103.97M) | Time:00:00.01 | Mem:0.00M, Peak:0.00M | Scene, ViewLayer | Synchronizing object | geometry_0_cylinder.063
Fra:2 Mem:56.01M (Peak 103.97M) | Time:00:00.01 | Mem:0.00M, Peak:0.00M | Scene, ViewLayer | Synchronizing object | geometry_0_cylinder.064
Fra:2 Mem:56.04M (Peak 103.97M) | Time:00:00.01 | Mem:0.00M, Peak:0.00M | Scene, ViewLayer | Synchronizing object | geometry_0_cylinder.065
Fra:2 Mem:56.06M (Peak 103.97M) | Time:00:00.01 | Mem:0.00M, Peak:0.00M | Scene, ViewLayer | Synchronizing object | geometry_0_sphere.012
Fra:2 Mem:56.11M (Peak 103.97M) | Time:00:00.01 | Mem:0.00M, Peak:0.00M | Scene, ViewLayer | Synchronizing object | geometry_0_cylinder.067
Fra:2 Mem:56.18M (Peak 103.97M) | Time:00:00.01 | Mem:0.00M, Peak:0.00M | Scene, ViewLayer | Synchronizing object | geometry_0_cylinder.068
Fra:2 Mem:56.19M (Peak 103.97M) | Time:00:00.01 | Mem:0.00M, Peak:0.00M | Scene, ViewLayer | Synchronizing object | geometry_0_cylinder.069
Fra:2 Mem:56.24M (Peak 103.97M) | Time:00:00.01 | Mem:0.00M, Peak:0.00M | Scene, ViewLayer | Synchronizing object | geometry_0_cylinder.070
Fra:2 Mem:56.25M (Peak 103.97M) | Time:00:00.01 | Mem:0.00M, Peak:0.00M | Scene, ViewLayer | Synchronizing object | geometry_0_cylinder.071
Fra:2 Mem:56.22M (Peak 103.97M) | Time:00:00.01 | Mem:0.00M, Peak:0.00M | Scene, ViewLayer | Synchronizing object | geometry_0_cylinder.072
Fra:2 Mem:56.28M (Peak 103.97M) | Time:00:00.01 | Mem:0.00M, Peak:0.00M | Scene, ViewLayer | Synchronizing object | geometry_0_cylinder.073
Fra:2 Mem:56.36M (Peak 103.97M) | Time:00:00.01 | Mem:0.00M, Peak:0.00M | Scene, ViewLayer | Synchronizing object | geometry_0_cylinder.074
Fra:2 Mem:56.40M (Peak 103.97M) | Time:00:00.01 | Mem:0.00M, Peak:0.00M | Scene, ViewLayer | Synchronizing object | geometry_0_cylinder.075
Fra:2 Mem:56.40M (Peak 103.97M) | Time:00:00.01 | Mem:0.00M, Peak:0.00M | Scene, ViewLayer | Synchronizing object | geometry_0_cylinder.076
Fra:2 Mem:56.38M (Peak 103.97M) | Time:00:00.01 | Mem:0.00M, Peak:0.00M | Scene, ViewLayer | Synchronizing object | geometry_0_cylinder.077
Fra:2 Mem:56.45M (Peak 103.97M) | Time:00:00.01 | Mem:0.00M, Peak:0.00M | Scene, ViewLayer | Synchronizing object | geometry_0_cylinder.078
Fra:2 Mem:56.51M (Peak 103.97M) | Time:00:00.01 | Mem:0.00M, Peak:0.00M | Scene, ViewLayer | Synchronizing object | geometry_0_cylinder.079
Fra:2 Mem:56.53M (Peak 103.97M) | Time:00:00.01 | Mem:0.00M, Peak:0.00M | Scene, ViewLayer | Synchronizing object | geometry_0_cylinder.080
Fra:2 Mem:56.54M (Peak 103.97M) | Time:00:00.01 | Mem:0.00M, Peak:0.00M | Scene, ViewLayer | Synchronizing object | geometry_0_cylinder.081
Fra:2 Mem:56.55M (Peak 103.97M) | Time:00:00.01 | Mem:0.00M, Peak:0.00M | Scene, ViewLayer | Synchronizing object | geometry_0_cylinder.082
Fra:2 Mem:56.56M (Peak 103.97M) | Time:00:00.01 | Mem:0.00M, Peak:0.00M | Scene, ViewLayer | Synchronizing object | geometry_0_cylinder.083
Fra:2 Mem:56.57M (Peak 103.97M) | Time:00:00.01 | Mem:0.00M, Peak:0.00M | Scene, ViewLayer | Synchronizing object | geometry_0_cylinder.084
Fra:2 Mem:56.62M (Peak 103.97M) | Time:00:00.01 | Mem:0.00M, Peak:0.00M | Scene, ViewLayer | Synchronizing object | geometry_0_cylinder.085
Fra:2 Mem:56.70M (Peak 103.97M) | Time:00:00.01 | Mem:0.00M, Peak:0.00M | Scene, ViewLayer | Synchronizing object | geometry_0_cylinder.086
Fra:2 Mem:56.74M (Peak 103.97M) | Time:00:00.01 | Mem:0.00M, Peak:0.00M | Scene, ViewLayer | Synchronizing object | geometry_0_cylinder.087
Fra:2 Mem:56.71M (Peak 103.97M) | Time:00:00.01 | Mem:0.00M, Peak:0.00M | Scene, ViewLayer | Synchronizing object | geometry_0_sphere.008
Fra:2 Mem:56.77M (Peak 103.97M) | Time:00:00.01 | Mem:0.00M, Peak:0.00M | Scene, ViewLayer | Synchronizing object | geometry_0_sphere.053
Fra:2 Mem:57.07M (Peak 103.97M) | Time:00:00.01 | Mem:0.00M, Peak:0.00M | Scene, ViewLayer | Synchronizing object | geometry_0_sphere.007
Fra:2 Mem:57.12M (Peak 103.97M) | Time:00:00.01 | Mem:0.00M, Peak:0.00M | Scene, ViewLayer | Synchronizing object | geometry_0_sphere.054
Fra:2 Mem:57.31M (Peak 103.97M) | Time:00:00.01 | Mem:0.00M, Peak:0.00M | Scene, ViewLayer | Synchronizing object | geometry_0_sphere.055
Fra:2 Mem:57.32M (Peak 103.97M) | Time:00:00.01 | Mem:0.00M, Peak:0.00M | Scene, ViewLayer | Synchronizing object | geometry_0_cylinder.011
Fra:2 Mem:57.34M (Peak 103.97M) | Time:00:00.01 | Mem:0.00M, Peak:0.00M | Scene, ViewLayer | Synchronizing object | geometry_0_sphere.056
Fra:2 Mem:57.42M (Peak 103.97M) | Time:00:00.01 | Mem:0.00M, Peak:0.00M | Scene, ViewLayer | Synchronizing object | geometry_0_cylinder.010
Fra:2 Mem:57.49M (Peak 103.97M) | Time:00:00.01 | Mem:0.00M, Peak:0.00M | Scene, ViewLayer | Synchronizing object | geometry_0_cylinder.009
Fra:2 Mem:57.56M (Peak 103.97M) | Time:00:00.01 | Mem:0.00M, Peak:0.00M | Scene, ViewLayer | Synchronizing object | geometry_0_cylinder.008
Fra:2 Mem:57.53M (Peak 103.97M) | Time:00:00.01 | Mem:0.00M, Peak:0.00M | Scene, ViewLayer | Synchronizing object | geometry_0_sphere.057
Fra:2 Mem:57.51M (Peak 103.97M) | Time:00:00.01 | Mem:0.00M, Peak:0.00M | Scene, ViewLayer | Synchronizing object | geometry_0_cylinder.007
Fra:2 Mem:57.67M (Peak 103.97M) | Time:00:00.01 | Mem:0.00M, Peak:0.00M | Scene, ViewLayer | Synchronizing object | geometry_0_cylinder.006
Fra:2 Mem:57.74M (Peak 103.97M) | Time:00:00.01 | Mem:0.00M, Peak:0.00M | Scene, ViewLayer | Synchronizing object | geometry_0_cylinder.093
Fra:2 Mem:57.81M (Peak 103.97M) | Time:00:00.01 | Mem:0.00M, Peak:0.00M | Scene, ViewLayer | Synchronizing object | geometry_0_cylinder.095
Fra:2 Mem:57.80M (Peak 103.97M) | Time:00:00.01 | Mem:0.00M, Peak:0.00M | Scene, ViewLayer | Synchronizing object | geometry_0_sphere.059
Fra:2 Mem:57.80M (Peak 103.97M) | Time:00:00.01 | Mem:0.00M, Peak:0.00M | Scene, ViewLayer | Synchronizing object | geometry_0_sphere.060
Fra:2 Mem:57.96M (Peak 103.97M) | Time:00:00.01 | Mem:0.00M, Peak:0.00M | Scene, ViewLayer | Synchronizing object | geometry_0_cylinder.092
Fra:2 Mem:58.03M (Peak 103.97M) | Time:00:00.01 | Mem:0.00M, Peak:0.00M | Scene, ViewLayer | Synchronizing object | geometry_0_cylinder.091
Fra:2 Mem:58.01M (Peak 103.97M) | Time:00:00.01 | Mem:0.00M, Peak:0.00M | Scene, ViewLayer | Synchronizing object | geometry_0_sphere.061
Fra:2 Mem:58.04M (Peak 103.97M) | Time:00:00.01 | Mem:0.00M, Peak:0.00M | Scene, ViewLayer | Synchronizing object | geometry_0_mesh.001
Fra:2 Mem:58.17M (Peak 103.97M) | Time:00:00.01 | Mem:0.00M, Peak:0.00M | Scene, ViewLayer | Synchronizing object | geometry_0_sphere.062
Fra:2 Mem:58.24M (Peak 103.97M) | Time:00:00.01 | Mem:0.00M, Peak:0.00M | Scene, ViewLayer | Synchronizing object | geometry_0_cylinder.090
Fra:2 Mem:58.25M (Peak 103.97M) | Time:00:00.01 | Mem:0.00M, Peak:0.00M | Scene, ViewLayer | Synchronizing object | geometry_0_sphere.063
Fra:2 Mem:58.32M (Peak 103.97M) | Time:00:00.01 | Mem:0.00M, Peak:0.00M | Scene, ViewLayer | Synchronizing object | geometry_0_cylinder.019
Fra:2 Mem:58.40M (Peak 103.97M) | Time:00:00.01 | Mem:0.00M, Peak:0.00M | Scene, ViewLayer | Synchronizing object | geometry_0_cylinder.089
Fra:2 Mem:58.47M (Peak 103.97M) | Time:00:00.01 | Mem:0.00M, Peak:0.00M | Scene, ViewLayer | Synchronizing object | geometry_0_sphere
Fra:2 Mem:58.45M (Peak 103.97M) | Time:00:00.01 | Mem:0.00M, Peak:0.00M | Scene, ViewLayer | Synchronizing object | geometry_0_sphere.064
Fra:2 Mem:58.53M (Peak 103.97M) | Time:00:00.01 | Mem:0.00M, Peak:0.00M | Scene, ViewLayer | Synchronizing object | geometry_0_sphere.065
Fra:2 Mem:58.73M (Peak 103.97M) | Time:00:00.01 | Mem:0.00M, Peak:0.00M | Scene, ViewLayer | Synchronizing object | geometry_0_sphere.083
Fra:2 Mem:58.86M (Peak 103.97M) | Time:00:00.01 | Mem:0.00M, Peak:0.00M | Scene, ViewLayer | Synchronizing object | geometry_0_sphere.066
Fra:2 Mem:58.91M (Peak 103.97M) | Time:00:00.01 | Mem:0.00M, Peak:0.00M | Scene, ViewLayer | Synchronizing object | geometry_0_sphere.067
Fra:2 Mem:59.01M (Peak 103.97M) | Time:00:00.01 | Mem:0.00M, Peak:0.00M | Scene, ViewLayer | Synchronizing object | geometry_0_sphere.082
Fra:2 Mem:59.15M (Peak 103.97M) | Time:00:00.01 | Mem:0.00M, Peak:0.00M | Scene, ViewLayer | Synchronizing object | geometry_0_sphere.068
Fra:2 Mem:59.29M (Peak 103.97M) | Time:00:00.01 | Mem:0.00M, Peak:0.00M | Scene, ViewLayer | Synchronizing object | geometry_0_sphere.081
Fra:2 Mem:59.36M (Peak 103.97M) | Time:00:00.01 | Mem:0.00M, Peak:0.00M | Scene, ViewLayer | Synchronizing object | geometry_0_sphere.069
Fra:2 Mem:59.44M (Peak 103.97M) | Time:00:00.01 | Mem:0.00M, Peak:0.00M | Scene, ViewLayer | Synchronizing object | geometry_0_sphere.070
Fra:2 Mem:59.58M (Peak 103.97M) | Time:00:00.01 | Mem:0.00M, Peak:0.00M | Scene, ViewLayer | Synchronizing object | geometry_0_sphere.080
Fra:2 Mem:59.71M (Peak 103.97M) | Time:00:00.01 | Mem:0.00M, Peak:0.00M | Scene, ViewLayer | Synchronizing object | geometry_0_sphere.071
Fra:2 Mem:59.76M (Peak 103.97M) | Time:00:00.01 | Mem:0.00M, Peak:0.00M | Scene, ViewLayer | Synchronizing object | geometry_0_sphere.072
Fra:2 Mem:59.87M (Peak 103.97M) | Time:00:00.01 | Mem:0.00M, Peak:0.00M | Scene, ViewLayer | Synchronizing object | geometry_0_sphere.079
Fra:2 Mem:60.03M (Peak 103.97M) | Time:00:00.01 | Mem:0.00M, Peak:0.00M | Scene, ViewLayer | Synchronizing object | geometry_0_sphere.073
Fra:2 Mem:60.11M (Peak 103.97M) | Time:00:00.01 | Mem:0.00M, Peak:0.00M | Scene, ViewLayer | Synchronizing object | geometry_0_sphere.078
Fra:2 Mem:60.15M (Peak 103.97M) | Time:00:00.01 | Mem:0.00M, Peak:0.00M | Scene, ViewLayer | Synchronizing object | geometry_0_sphere.074
Fra:2 Mem:60.32M (Peak 103.97M) | Time:00:00.01 | Mem:0.00M, Peak:0.00M | Scene, ViewLayer | Synchronizing object | geometry_0_sphere.075
Fra:2 Mem:60.37M (Peak 103.97M) | Time:00:00.01 | Mem:0.00M, Peak:0.00M | Scene, ViewLayer | Synchronizing object | geometry_0_sphere.077
Fra:2 Mem:60.53M (Peak 103.97M) | Time:00:00.01 | Mem:0.00M, Peak:0.00M | Scene, ViewLayer | Synchronizing object | geometry_0_sphere.076
Fra:2 Mem:60.64M (Peak 103.97M) | Time:00:00.01 | Mem:0.00M, Peak:0.00M | Scene, ViewLayer | Initializing
Fra:2 Mem:52.51M (Peak 103.97M) | Time:00:00.02 | Mem:0.00M, Peak:0.00M | Scene, ViewLayer | Waiting for render to start
Fra:2 Mem:52.51M (Peak 103.97M) | Time:00:00.02 | Mem:0.00M, Peak:0.00M | Scene, ViewLayer | Loading render kernels (may take a few minutes the first time)
Fra:2 Mem:52.51M (Peak 103.97M) | Time:00:00.02 | Mem:0.00M, Peak:0.00M | Scene, ViewLayer | Updating Scene
Fra:2 Mem:52.51M (Peak 103.97M) | Time:00:00.02 | Mem:0.00M, Peak:0.00M | Scene, ViewLayer | Updating Shaders
Fra:2 Mem:52.59M (Peak 103.97M) | Time:00:00.02 | Mem:0.00M, Peak:0.00M | Scene, ViewLayer | Updating Procedurals
Fra:2 Mem:52.59M (Peak 103.97M) | Time:00:00.02 | Mem:0.00M, Peak:0.00M | Scene, ViewLayer | Updating Background
Fra:2 Mem:52.59M (Peak 103.97M) | Time:00:00.02 | Mem:0.00M, Peak:0.00M | Scene, ViewLayer | Updating Camera
Fra:2 Mem:52.59M (Peak 103.97M) | Time:00:00.02 | Mem:0.00M, Peak:0.00M | Scene, ViewLayer | Updating Meshes Flags
Fra:2 Mem:52.59M (Peak 103.97M) | Time:00:00.02 | Mem:0.00M, Peak:0.00M | Scene, ViewLayer | Updating Objects
Fra:2 Mem:52.59M (Peak 103.97M) | Time:00:00.02 | Mem:0.00M, Peak:0.00M | Scene, ViewLayer | Updating Objects | Copying Transformations to device
Fra:2 Mem:52.64M (Peak 103.97M) | Time:00:00.02 | Mem:0.04M, Peak:0.04M | Scene, ViewLayer | Updating Objects | Applying Static Transformations
Fra:2 Mem:52.64M (Peak 103.97M) | Time:00:00.02 | Mem:0.04M, Peak:0.04M | Scene, ViewLayer | Updating Particle Systems
Fra:2 Mem:52.64M (Peak 103.97M) | Time:00:00.02 | Mem:0.04M, Peak:0.04M | Scene, ViewLayer | Updating Particle Systems | Copying Particles to device
Fra:2 Mem:52.64M (Peak 103.97M) | Time:00:00.02 | Mem:0.04M, Peak:0.04M | Scene, ViewLayer | Updating Meshes
Fra:2 Mem:54.10M (Peak 103.97M) | Time:00:00.02 | Mem:0.04M, Peak:0.04M | Scene, ViewLayer | Updating Mesh | Computing attributes
Fra:2 Mem:56.32M (Peak 103.97M) | Time:00:00.02 | Mem:0.06M, Peak:0.06M | Scene, ViewLayer | Updating Mesh | Copying Attributes to device
Fra:2 Mem:56.29M (Peak 103.97M) | Time:00:00.02 | Mem:2.24M, Peak:2.24M | Scene, ViewLayer | Updating Scene BVH | Building
Fra:2 Mem:56.30M (Peak 103.97M) | Time:00:00.02 | Mem:2.24M, Peak:2.24M | Scene, ViewLayer | Updating Scene BVH | Building BVH
Fra:2 Mem:56.30M (Peak 103.97M) | Time:00:00.02 | Mem:5.17M, Peak:5.17M | Scene, ViewLayer | Updating Scene BVH | Building BVH 0%
Fra:2 Mem:56.30M (Peak 103.97M) | Time:00:00.03 | Mem:8.66M, Peak:11.59M | Scene, ViewLayer | Updating Scene BVH | Copying BVH to device
Fra:2 Mem:56.30M (Peak 103.97M) | Time:00:00.03 | Mem:8.66M, Peak:11.59M | Scene, ViewLayer | Updating Mesh | Computing normals
Fra:2 Mem:63.95M (Peak 103.97M) | Time:00:00.03 | Mem:8.66M, Peak:11.59M | Scene, ViewLayer | Updating Mesh | Copying Mesh to device
Fra:2 Mem:63.95M (Peak 103.97M) | Time:00:00.03 | Mem:16.31M, Peak:16.31M | Scene, ViewLayer | Updating Objects Flags
Fra:2 Mem:63.95M (Peak 103.97M) | Time:00:00.03 | Mem:16.31M, Peak:16.31M | Scene, ViewLayer | Updating Primitive Offsets
Fra:2 Mem:63.95M (Peak 103.97M) | Time:00:00.03 | Mem:16.31M, Peak:16.31M | Scene, ViewLayer | Updating Images
Fra:2 Mem:63.95M (Peak 103.97M) | Time:00:00.03 | Mem:16.31M, Peak:16.31M | Scene, ViewLayer | Updating Camera Volume
Fra:2 Mem:63.95M (Peak 103.97M) | Time:00:00.03 | Mem:16.31M, Peak:16.31M | Scene, ViewLayer | Updating Lookup Tables
Fra:2 Mem:63.95M (Peak 103.97M) | Time:00:00.03 | Mem:16.39M, Peak:16.39M | Scene, ViewLayer | Updating Lights
Fra:2 Mem:63.95M (Peak 103.97M) | Time:00:00.03 | Mem:16.39M, Peak:16.39M | Scene, ViewLayer | Updating Lights | Computing distribution
Fra:2 Mem:63.95M (Peak 103.97M) | Time:00:00.03 | Mem:16.39M, Peak:16.39M | Scene, ViewLayer | Updating Lights | Computing tree
Fra:2 Mem:63.95M (Peak 103.97M) | Time:00:00.03 | Mem:16.39M, Peak:16.39M | Scene, ViewLayer | Updating Integrator
Fra:2 Mem:64.95M (Peak 103.97M) | Time:00:00.03 | Mem:17.39M, Peak:17.39M | Scene, ViewLayer | Updating Film
Fra:2 Mem:64.95M (Peak 103.97M) | Time:00:00.03 | Mem:17.31M, Peak:17.39M | Scene, ViewLayer | Updating Lookup Tables
Fra:2 Mem:64.95M (Peak 103.97M) | Time:00:00.03 | Mem:17.40M, Peak:17.40M | Scene, ViewLayer | Updating Baking
Fra:2 Mem:64.95M (Peak 103.97M) | Time:00:00.03 | Mem:17.40M, Peak:17.40M | Scene, ViewLayer | Updating Device | Writing constant memory
Fra:2 Mem:64.96M (Peak 103.97M) | Time:00:00.03 | Mem:17.40M, Peak:17.40M | Scene, ViewLayer | Sample 0/32
Fra:2 Mem:83.97M (Peak 103.97M) | Time:00:00.05 | Remaining:00:00.53 | Mem:36.40M, Peak:36.40M | Scene, ViewLayer | Sample 1/32
Fra:2 Mem:91.97M (Peak 103.98M) | Time:00:01.72 | Mem:36.40M, Peak:36.40M | Scene, ViewLayer | Sample 32/32
Fra:2 Mem:91.97M (Peak 103.98M) | Time:00:01.72 | Mem:36.40M, Peak:36.40M | Scene, ViewLayer | Finished
Fra:2 Mem:50.22M (Peak 103.98M) | Time:00:01.72 | Compositing
Fra:2 Mem:50.22M (Peak 103.98M) | Time:00:01.72 | Compositing | Determining resolution
Fra:2 Mem:50.22M (Peak 103.98M) | Time:00:01.72 | Compositing | Initializing execution
Fra:2 Mem:50.22M (Peak 103.98M) | Time:00:01.72 | Compositing | De-initializing execution
Saved: '/vepfs_default/chanxueyan/lhp/lms/aDSL/temp/geometry_expression_20260929/B/SF21/views/render_0002.png'
Time: 00:01.75 (Saving: 00:00.02)

Fra:3 Mem:50.33M (Peak 103.98M) | Time:00:00.02 | Mem:0.00M, Peak:0.00M | Scene, ViewLayer | Synchronizing object | geometry_0_mesh
Fra:3 Mem:50.38M (Peak 103.98M) | Time:00:00.02 | Mem:0.00M, Peak:0.00M | Scene, ViewLayer | Synchronizing object | geometry_0_cylinder.018
Fra:3 Mem:50.40M (Peak 103.98M) | Time:00:00.02 | Mem:0.00M, Peak:0.00M | Scene, ViewLayer | Synchronizing object | geometry_0_mesh.003
Fra:3 Mem:50.48M (Peak 103.98M) | Time:00:00.02 | Mem:0.00M, Peak:0.00M | Scene, ViewLayer | Synchronizing object | geometry_0_mesh.002
Fra:3 Mem:50.52M (Peak 103.98M) | Time:00:00.02 | Mem:0.00M, Peak:0.00M | Scene, ViewLayer | Synchronizing object | geometry_0_mesh.004
Fra:3 Mem:50.59M (Peak 103.98M) | Time:00:00.02 | Mem:0.00M, Peak:0.00M | Scene, ViewLayer | Synchronizing object | geometry_0_cylinder.088
Fra:3 Mem:50.64M (Peak 103.98M) | Time:00:00.02 | Mem:0.00M, Peak:0.00M | Scene, ViewLayer | Synchronizing object | geometry_0_cylinder.020
Fra:3 Mem:50.64M (Peak 103.98M) | Time:00:00.02 | Mem:0.00M, Peak:0.00M | Scene, ViewLayer | Synchronizing object | geometry_0_cylinder.021
Fra:3 Mem:50.64M (Peak 103.98M) | Time:00:00.02 | Mem:0.00M, Peak:0.00M | Scene, ViewLayer | Synchronizing object | geometry_0_cylinder.022
Fra:3 Mem:50.65M (Peak 103.98M) | Time:00:00.02 | Mem:0.00M, Peak:0.00M | Scene, ViewLayer | Synchronizing object | geometry_0_cylinder.023
Fra:3 Mem:50.66M (Peak 103.98M) | Time:00:00.02 | Mem:0.00M, Peak:0.00M | Scene, ViewLayer | Synchronizing object | geometry_0_cylinder.024
Fra:3 Mem:50.68M (Peak 103.98M) | Time:00:00.02 | Mem:0.00M, Peak:0.00M | Scene, ViewLayer | Synchronizing object | geometry_0_cylinder.025
Fra:3 Mem:50.69M (Peak 103.98M) | Time:00:00.02 | Mem:0.00M, Peak:0.00M | Scene, ViewLayer | Synchronizing object | geometry_0_cylinder.026
Fra:3 Mem:50.70M (Peak 103.98M) | Time:00:00.02 | Mem:0.00M, Peak:0.00M | Scene, ViewLayer | Synchronizing object | geometry_0_cylinder.027
Fra:3 Mem:50.71M (Peak 103.98M) | Time:00:00.02 | Mem:0.00M, Peak:0.00M | Scene, ViewLayer | Synchronizing object | geometry_0_cylinder.028
Fra:3 Mem:50.72M (Peak 103.98M) | Time:00:00.02 | Mem:0.00M, Peak:0.00M | Scene, ViewLayer | Synchronizing object | geometry_0_cylinder.029
Fra:3 Mem:50.73M (Peak 103.98M) | Time:00:00.02 | Mem:0.00M, Peak:0.00M | Scene, ViewLayer | Synchronizing object | geometry_0_cylinder.030
Fra:3 Mem:50.74M (Peak 103.98M) | Time:00:00.02 | Mem:0.00M, Peak:0.00M | Scene, ViewLayer | Synchronizing object | geometry_0_cylinder.031
Fra:3 Mem:50.75M (Peak 103.98M) | Time:00:00.02 | Mem:0.00M, Peak:0.00M | Scene, ViewLayer | Synchronizing object | geometry_0_cylinder.032
Fra:3 Mem:50.77M (Peak 103.98M) | Time:00:00.02 | Mem:0.00M, Peak:0.00M | Scene, ViewLayer | Synchronizing object | geometry_0_cylinder.033
Fra:3 Mem:50.78M (Peak 103.98M) | Time:00:00.02 | Mem:0.00M, Peak:0.00M | Scene, ViewLayer | Synchronizing object | geometry_0_cylinder.034
Fra:3 Mem:50.79M (Peak 103.98M) | Time:00:00.02 | Mem:0.00M, Peak:0.00M | Scene, ViewLayer | Synchronizing object | geometry_0_cylinder.035
Fra:3 Mem:50.80M (Peak 103.98M) | Time:00:00.02 | Mem:0.00M, Peak:0.00M | Scene, ViewLayer | Synchronizing object | geometry_0_cylinder.036
Fra:3 Mem:50.80M (Peak 103.98M) | Time:00:00.02 | Mem:0.00M, Peak:0.00M | Scene, ViewLayer | Synchronizing object | geometry_0_cylinder.037
Fra:3 Mem:50.82M (Peak 103.98M) | Time:00:00.02 | Mem:0.00M, Peak:0.00M | Scene, ViewLayer | Synchronizing object | geometry_0_cylinder.038
Fra:3 Mem:50.83M (Peak 103.98M) | Time:00:00.02 | Mem:0.00M, Peak:0.00M | Scene, ViewLayer | Synchronizing object | geometry_0_cylinder.039
Fra:3 Mem:50.84M (Peak 103.98M) | Time:00:00.02 | Mem:0.00M, Peak:0.00M | Scene, ViewLayer | Synchronizing object | geometry_0_cylinder.040
Fra:3 Mem:50.86M (Peak 103.98M) | Time:00:00.02 | Mem:0.00M, Peak:0.00M | Scene, ViewLayer | Synchronizing object | geometry_0_cylinder.041
Fra:3 Mem:50.87M (Peak 103.98M) | Time:00:00.02 | Mem:0.00M, Peak:0.00M | Scene, ViewLayer | Synchronizing object | geometry_0_cylinder.042
Fra:3 Mem:50.87M (Peak 103.98M) | Time:00:00.02 | Mem:0.00M, Peak:0.00M | Scene, ViewLayer | Synchronizing object | geometry_0_cylinder.043
Fra:3 Mem:50.88M (Peak 103.98M) | Time:00:00.02 | Mem:0.00M, Peak:0.00M | Scene, ViewLayer | Synchronizing object | geometry_0_cylinder.044
Fra:3 Mem:50.90M (Peak 103.98M) | Time:00:00.02 | Mem:0.00M, Peak:0.00M | Scene, ViewLayer | Synchronizing object | geometry_0_cylinder.045
Fra:3 Mem:50.91M (Peak 103.98M) | Time:00:00.02 | Mem:0.00M, Peak:0.00M | Scene, ViewLayer | Synchronizing object | geometry_0_cylinder.046
Fra:3 Mem:50.92M (Peak 103.98M) | Time:00:00.02 | Mem:0.00M, Peak:0.00M | Scene, ViewLayer | Synchronizing object | geometry_0_cylinder.047
Fra:3 Mem:50.93M (Peak 103.98M) | Time:00:00.02 | Mem:0.00M, Peak:0.00M | Scene, ViewLayer | Synchronizing object | geometry_0_cylinder.048
Fra:3 Mem:50.94M (Peak 103.98M) | Time:00:00.02 | Mem:0.00M, Peak:0.00M | Scene, ViewLayer | Synchronizing object | geometry_0_cylinder.049
Fra:3 Mem:50.96M (Peak 103.98M) | Time:00:00.02 | Mem:0.00M, Peak:0.00M | Scene, ViewLayer | Synchronizing object | geometry_0_cylinder.050
Fra:3 Mem:50.97M (Peak 103.98M) | Time:00:00.02 | Mem:0.00M, Peak:0.00M | Scene, ViewLayer | Synchronizing object | geometry_0_cylinder.051
Fra:3 Mem:50.98M (Peak 103.98M) | Time:00:00.02 | Mem:0.00M, Peak:0.00M | Scene, ViewLayer | Synchronizing object | geometry_0_cylinder.052
Fra:3 Mem:50.99M (Peak 103.98M) | Time:00:00.02 | Mem:0.00M, Peak:0.00M | Scene, ViewLayer | Synchronizing object | geometry_0_cylinder.053
Fra:3 Mem:51.00M (Peak 103.98M) | Time:00:00.02 | Mem:0.00M, Peak:0.00M | Scene, ViewLayer | Synchronizing object | geometry_0_sphere.019
Fra:3 Mem:51.01M (Peak 103.98M) | Time:00:00.02 | Mem:0.00M, Peak:0.00M | Scene, ViewLayer | Synchronizing object | geometry_0_sphere.020
Fra:3 Mem:51.25M (Peak 103.98M) | Time:00:00.02 | Mem:0.00M, Peak:0.00M | Scene, ViewLayer | Synchronizing object | geometry_0_sphere.021
Fra:3 Mem:51.27M (Peak 103.98M) | Time:00:00.02 | Mem:0.00M, Peak:0.00M | Scene, ViewLayer | Synchronizing object | geometry_0_sphere.022
Fra:3 Mem:51.46M (Peak 103.98M) | Time:00:00.02 | Mem:0.00M, Peak:0.00M | Scene, ViewLayer | Synchronizing object | geometry_0_sphere.023
Fra:3 Mem:51.51M (Peak 103.98M) | Time:00:00.02 | Mem:0.00M, Peak:0.00M | Scene, ViewLayer | Synchronizing object | geometry_0_sphere.024
Fra:3 Mem:51.68M (Peak 103.98M) | Time:00:00.02 | Mem:0.00M, Peak:0.00M | Scene, ViewLayer | Synchronizing object | geometry_0_sphere.025
Fra:3 Mem:51.73M (Peak 103.98M) | Time:00:00.02 | Mem:0.00M, Peak:0.00M | Scene, ViewLayer | Synchronizing object | geometry_0_sphere.026
Fra:3 Mem:51.89M (Peak 103.98M) | Time:00:00.02 | Mem:0.00M, Peak:0.00M | Scene, ViewLayer | Synchronizing object | geometry_0_sphere.006
Fra:3 Mem:51.86M (Peak 103.98M) | Time:00:00.02 | Mem:0.00M, Peak:0.00M | Scene, ViewLayer | Synchronizing object | geometry_0_sphere.028
Fra:3 Mem:52.24M (Peak 103.98M) | Time:00:00.02 | Mem:0.00M, Peak:0.00M | Scene, ViewLayer | Synchronizing object | geometry_0_sphere.005
Fra:3 Mem:52.23M (Peak 103.98M) | Time:00:00.02 | Mem:0.00M, Peak:0.00M | Scene, ViewLayer | Synchronizing object | geometry_0_sphere.030
Fra:3 Mem:52.53M (Peak 103.98M) | Time:00:00.02 | Mem:0.00M, Peak:0.00M | Scene, ViewLayer | Synchronizing object | geometry_0_sphere.004
Fra:3 Mem:52.61M (Peak 103.98M) | Time:00:00.02 | Mem:0.00M, Peak:0.00M | Scene, ViewLayer | Synchronizing object | geometry_0_sphere.031
Fra:3 Mem:52.65M (Peak 103.98M) | Time:00:00.02 | Mem:0.00M, Peak:0.00M | Scene, ViewLayer | Synchronizing object | geometry_0_sphere.032
Fra:3 Mem:52.79M (Peak 103.98M) | Time:00:00.02 | Mem:0.00M, Peak:0.00M | Scene, ViewLayer | Synchronizing object | geometry_0_sphere.003
Fra:3 Mem:52.93M (Peak 103.98M) | Time:00:00.02 | Mem:0.00M, Peak:0.00M | Scene, ViewLayer | Synchronizing object | geometry_0_sphere.033
Fra:3 Mem:53.03M (Peak 103.98M) | Time:00:00.02 | Mem:0.00M, Peak:0.00M | Scene, ViewLayer | Synchronizing object | geometry_0_sphere.034
Fra:3 Mem:53.11M (Peak 103.98M) | Time:00:00.02 | Mem:0.00M, Peak:0.00M | Scene, ViewLayer | Synchronizing object | geometry_0_sphere.002
Fra:3 Mem:53.28M (Peak 103.98M) | Time:00:00.02 | Mem:0.00M, Peak:0.00M | Scene, ViewLayer | Synchronizing object | geometry_0_sphere.035
Fra:3 Mem:53.35M (Peak 103.98M) | Time:00:00.02 | Mem:0.00M, Peak:0.00M | Scene, ViewLayer | Synchronizing object | geometry_0_sphere.036
Fra:3 Mem:53.40M (Peak 103.98M) | Time:00:00.02 | Mem:0.00M, Peak:0.00M | Scene, ViewLayer | Synchronizing object | geometry_0_sphere.001
Fra:3 Mem:53.60M (Peak 103.98M) | Time:00:00.02 | Mem:0.00M, Peak:0.00M | Scene, ViewLayer | Synchronizing object | geometry_0_sphere.037
Fra:3 Mem:53.64M (Peak 103.98M) | Time:00:00.02 | Mem:0.00M, Peak:0.00M | Scene, ViewLayer | Synchronizing object | geometry_0_cylinder.005
Fra:3 Mem:53.68M (Peak 103.98M) | Time:00:00.02 | Mem:0.00M, Peak:0.00M | Scene, ViewLayer | Synchronizing object | geometry_0_sphere.038
Fra:3 Mem:53.76M (Peak 103.98M) | Time:00:00.02 | Mem:0.00M, Peak:0.00M | Scene, ViewLayer | Synchronizing object | geometry_0_cylinder.004
Fra:3 Mem:53.80M (Peak 103.98M) | Time:00:00.02 | Mem:0.00M, Peak:0.00M | Scene, ViewLayer | Synchronizing object | geometry_0_sphere.039
Fra:3 Mem:53.88M (Peak 103.98M) | Time:00:00.02 | Mem:0.00M, Peak:0.00M | Scene, ViewLayer | Synchronizing object | geometry_0_cylinder.003
Fra:3 Mem:53.92M (Peak 103.98M) | Time:00:00.02 | Mem:0.00M, Peak:0.00M | Scene, ViewLayer | Synchronizing object | geometry_0_sphere.040
Fra:3 Mem:53.96M (Peak 103.98M) | Time:00:00.02 | Mem:0.00M, Peak:0.00M | Scene, ViewLayer | Synchronizing object | geometry_0_cylinder.002
Fra:3 Mem:54.06M (Peak 103.98M) | Time:00:00.02 | Mem:0.00M, Peak:0.00M | Scene, ViewLayer | Synchronizing object | geometry_0_cylinder.001
Fra:3 Mem:54.07M (Peak 103.98M) | Time:00:00.02 | Mem:0.00M, Peak:0.00M | Scene, ViewLayer | Synchronizing object | geometry_0_sphere.041
Fra:3 Mem:54.07M (Peak 103.98M) | Time:00:00.02 | Mem:0.00M, Peak:0.00M | Scene, ViewLayer | Synchronizing object | geometry_0_sphere.042
Fra:3 Mem:54.24M (Peak 103.98M) | Time:00:00.02 | Mem:0.00M, Peak:0.00M | Scene, ViewLayer | Synchronizing object | geometry_0_sphere.018
Fra:3 Mem:54.40M (Peak 103.98M) | Time:00:00.02 | Mem:0.00M, Peak:0.00M | Scene, ViewLayer | Synchronizing object | geometry_0_sphere.043
Fra:3 Mem:54.48M (Peak 103.98M) | Time:00:00.02 | Mem:0.00M, Peak:0.00M | Scene, ViewLayer | Synchronizing object | geometry_0_sphere.044
Fra:3 Mem:54.53M (Peak 103.98M) | Time:00:00.02 | Mem:0.00M, Peak:0.00M | Scene, ViewLayer | Synchronizing object | geometry_0_sphere.017
Fra:3 Mem:54.69M (Peak 103.98M) | Time:00:00.02 | Mem:0.00M, Peak:0.00M | Scene, ViewLayer | Synchronizing object | geometry_0_sphere.045
Fra:3 Mem:54.80M (Peak 103.98M) | Time:00:00.02 | Mem:0.00M, Peak:0.00M | Scene, ViewLayer | Synchronizing object | geometry_0_sphere.046
Fra:3 Mem:54.85M (Peak 103.98M) | Time:00:00.02 | Mem:0.00M, Peak:0.00M | Scene, ViewLayer | Synchronizing object | geometry_0_sphere.016
Fra:3 Mem:55.01M (Peak 103.98M) | Time:00:00.02 | Mem:0.00M, Peak:0.00M | Scene, ViewLayer | Synchronizing object | geometry_0_sphere.047
Fra:3 Mem:55.12M (Peak 103.98M) | Time:00:00.02 | Mem:0.00M, Peak:0.00M | Scene, ViewLayer | Synchronizing object | geometry_0_sphere.048
Fra:3 Mem:55.16M (Peak 103.98M) | Time:00:00.02 | Mem:0.00M, Peak:0.00M | Scene, ViewLayer | Synchronizing object | geometry_0_sphere.015
Fra:3 Mem:55.30M (Peak 103.98M) | Time:00:00.02 | Mem:0.00M, Peak:0.00M | Scene, ViewLayer | Synchronizing object | geometry_0_sphere.049
Fra:3 Mem:55.44M (Peak 103.98M) | Time:00:00.02 | Mem:0.00M, Peak:0.00M | Scene, ViewLayer | Synchronizing object | geometry_0_sphere.050
Fra:3 Mem:55.48M (Peak 103.98M) | Time:00:00.02 | Mem:0.00M, Peak:0.00M | Scene, ViewLayer | Synchronizing object | geometry_0_sphere.014
Fra:3 Mem:55.65M (Peak 103.98M) | Time:00:00.02 | Mem:0.00M, Peak:0.00M | Scene, ViewLayer | Synchronizing object | geometry_0_sphere.051
Fra:3 Mem:55.76M (Peak 103.98M) | Time:00:00.02 | Mem:0.00M, Peak:0.00M | Scene, ViewLayer | Synchronizing object | geometry_0_cylinder.054
Fra:3 Mem:55.77M (Peak 103.98M) | Time:00:00.02 | Mem:0.00M, Peak:0.00M | Scene, ViewLayer | Synchronizing object | geometry_0_sphere.013
Fra:3 Mem:55.87M (Peak 103.98M) | Time:00:00.02 | Mem:0.00M, Peak:0.00M | Scene, ViewLayer | Synchronizing object | geometry_0_cylinder.055
Fra:3 Mem:55.89M (Peak 103.98M) | Time:00:00.02 | Mem:0.00M, Peak:0.00M | Scene, ViewLayer | Synchronizing object | geometry_0_cylinder.056
Fra:3 Mem:55.92M (Peak 103.98M) | Time:00:00.02 | Mem:0.00M, Peak:0.00M | Scene, ViewLayer | Synchronizing object | geometry_0_cylinder.057
Fra:3 Mem:55.93M (Peak 103.98M) | Time:00:00.02 | Mem:0.00M, Peak:0.00M | Scene, ViewLayer | Synchronizing object | geometry_0_cylinder.058
Fra:3 Mem:55.91M (Peak 103.98M) | Time:00:00.02 | Mem:0.00M, Peak:0.00M | Scene, ViewLayer | Synchronizing object | geometry_0_cylinder.059
Fra:3 Mem:55.94M (Peak 103.98M) | Time:00:00.02 | Mem:0.00M, Peak:0.00M | Scene, ViewLayer | Synchronizing object | geometry_0_cylinder.060
Fra:3 Mem:55.95M (Peak 103.98M) | Time:00:00.02 | Mem:0.00M, Peak:0.00M | Scene, ViewLayer | Synchronizing object | geometry_0_cylinder.061
Fra:3 Mem:55.96M (Peak 103.98M) | Time:00:00.02 | Mem:0.00M, Peak:0.00M | Scene, ViewLayer | Synchronizing object | geometry_0_cylinder.062
Fra:3 Mem:55.96M (Peak 103.98M) | Time:00:00.02 | Mem:0.00M, Peak:0.00M | Scene, ViewLayer | Synchronizing object | geometry_0_cylinder.015
Fra:3 Mem:56.00M (Peak 103.98M) | Time:00:00.02 | Mem:0.00M, Peak:0.00M | Scene, ViewLayer | Synchronizing object | geometry_0_cylinder.063
Fra:3 Mem:56.00M (Peak 103.98M) | Time:00:00.02 | Mem:0.00M, Peak:0.00M | Scene, ViewLayer | Synchronizing object | geometry_0_cylinder.064
Fra:3 Mem:56.01M (Peak 103.98M) | Time:00:00.02 | Mem:0.00M, Peak:0.00M | Scene, ViewLayer | Synchronizing object | geometry_0_cylinder.065
Fra:3 Mem:56.01M (Peak 103.98M) | Time:00:00.02 | Mem:0.00M, Peak:0.00M | Scene, ViewLayer | Synchronizing object | geometry_0_cylinder.013
Fra:3 Mem:56.03M (Peak 103.98M) | Time:00:00.02 | Mem:0.00M, Peak:0.00M | Scene, ViewLayer | Synchronizing object | geometry_0_cylinder.066
Fra:3 Mem:56.04M (Peak 103.98M) | Time:00:00.02 | Mem:0.00M, Peak:0.00M | Scene, ViewLayer | Synchronizing object | geometry_0_cylinder.012
Fra:3 Mem:56.07M (Peak 103.98M) | Time:00:00.02 | Mem:0.00M, Peak:0.00M | Scene, ViewLayer | Synchronizing object | geometry_0_sphere.012
Fra:3 Mem:56.15M (Peak 103.98M) | Time:00:00.02 | Mem:0.00M, Peak:0.00M | Scene, ViewLayer | Synchronizing object | geometry_0_cylinder.068
Fra:3 Mem:56.19M (Peak 103.98M) | Time:00:00.02 | Mem:0.00M, Peak:0.00M | Scene, ViewLayer | Synchronizing object | geometry_0_cylinder.069
Fra:3 Mem:56.21M (Peak 103.98M) | Time:00:00.02 | Mem:0.00M, Peak:0.00M | Scene, ViewLayer | Synchronizing object | geometry_0_cylinder.070
Fra:3 Mem:56.25M (Peak 103.98M) | Time:00:00.02 | Mem:0.00M, Peak:0.00M | Scene, ViewLayer | Synchronizing object | geometry_0_cylinder.071
Fra:3 Mem:56.22M (Peak 103.98M) | Time:00:00.02 | Mem:0.00M, Peak:0.00M | Scene, ViewLayer | Synchronizing object | geometry_0_cylinder.072
Fra:3 Mem:56.23M (Peak 103.98M) | Time:00:00.02 | Mem:0.00M, Peak:0.00M | Scene, ViewLayer | Synchronizing object | geometry_0_cylinder.073
Fra:3 Mem:56.30M (Peak 103.98M) | Time:00:00.02 | Mem:0.00M, Peak:0.00M | Scene, ViewLayer | Synchronizing object | geometry_0_cylinder.074
Fra:3 Mem:56.37M (Peak 103.98M) | Time:00:00.02 | Mem:0.00M, Peak:0.00M | Scene, ViewLayer | Synchronizing object | geometry_0_cylinder.075
Fra:3 Mem:56.37M (Peak 103.98M) | Time:00:00.02 | Mem:0.00M, Peak:0.00M | Scene, ViewLayer | Synchronizing object | geometry_0_cylinder.076
Fra:3 Mem:56.42M (Peak 103.98M) | Time:00:00.02 | Mem:0.00M, Peak:0.00M | Scene, ViewLayer | Synchronizing object | geometry_0_cylinder.077
Fra:3 Mem:56.39M (Peak 103.98M) | Time:00:00.02 | Mem:0.00M, Peak:0.00M | Scene, ViewLayer | Synchronizing object | geometry_0_cylinder.078
Fra:3 Mem:56.41M (Peak 103.98M) | Time:00:00.02 | Mem:0.00M, Peak:0.00M | Scene, ViewLayer | Synchronizing object | geometry_0_cylinder.079
Fra:3 Mem:56.42M (Peak 103.98M) | Time:00:00.02 | Mem:0.00M, Peak:0.00M | Scene, ViewLayer | Synchronizing object | geometry_0_cylinder.080
Fra:3 Mem:56.51M (Peak 103.98M) | Time:00:00.02 | Mem:0.00M, Peak:0.00M | Scene, ViewLayer | Synchronizing object | geometry_0_cylinder.081
Fra:3 Mem:56.55M (Peak 103.98M) | Time:00:00.02 | Mem:0.00M, Peak:0.00M | Scene, ViewLayer | Synchronizing object | geometry_0_cylinder.082
Fra:3 Mem:56.59M (Peak 103.98M) | Time:00:00.02 | Mem:0.00M, Peak:0.00M | Scene, ViewLayer | Synchronizing object | geometry_0_cylinder.083
Fra:3 Mem:56.56M (Peak 103.98M) | Time:00:00.03 | Mem:0.00M, Peak:0.00M | Scene, ViewLayer | Synchronizing object | geometry_0_cylinder.084
Fra:3 Mem:56.58M (Peak 103.98M) | Time:00:00.03 | Mem:0.00M, Peak:0.00M | Scene, ViewLayer | Synchronizing object | geometry_0_cylinder.085
Fra:3 Mem:56.59M (Peak 103.98M) | Time:00:00.03 | Mem:0.00M, Peak:0.00M | Scene, ViewLayer | Synchronizing object | geometry_0_cylinder.086
Fra:3 Mem:56.71M (Peak 103.98M) | Time:00:00.03 | Mem:0.00M, Peak:0.00M | Scene, ViewLayer | Synchronizing object | geometry_0_cylinder.087
Fra:3 Mem:56.71M (Peak 103.98M) | Time:00:00.03 | Mem:0.00M, Peak:0.00M | Scene, ViewLayer | Synchronizing object | geometry_0_sphere.052
Fra:3 Mem:56.80M (Peak 103.98M) | Time:00:00.03 | Mem:0.00M, Peak:0.00M | Scene, ViewLayer | Synchronizing object | geometry_0_sphere.053
Fra:3 Mem:56.84M (Peak 103.98M) | Time:00:00.03 | Mem:0.00M, Peak:0.00M | Scene, ViewLayer | Synchronizing object | geometry_0_sphere.008
Fra:3 Mem:57.07M (Peak 103.98M) | Time:00:00.03 | Mem:0.00M, Peak:0.00M | Scene, ViewLayer | Synchronizing object | geometry_0_sphere.054
Fra:3 Mem:57.15M (Peak 103.98M) | Time:00:00.03 | Mem:0.00M, Peak:0.00M | Scene, ViewLayer | Synchronizing object | geometry_0_sphere.055
Fra:3 Mem:57.19M (Peak 103.98M) | Time:00:00.03 | Mem:0.00M, Peak:0.00M | Scene, ViewLayer | Synchronizing object | geometry_0_sphere.007
Fra:3 Mem:57.39M (Peak 103.98M) | Time:00:00.03 | Mem:0.00M, Peak:0.00M | Scene, ViewLayer | Synchronizing object | geometry_0_sphere.056
Fra:3 Mem:57.47M (Peak 103.98M) | Time:00:00.03 | Mem:0.00M, Peak:0.00M | Scene, ViewLayer | Synchronizing object | geometry_0_sphere.057
Fra:3 Mem:57.51M (Peak 103.98M) | Time:00:00.03 | Mem:0.00M, Peak:0.00M | Scene, ViewLayer | Synchronizing object | geometry_0_cylinder.011
Fra:3 Mem:57.61M (Peak 103.98M) | Time:00:00.03 | Mem:0.00M, Peak:0.00M | Scene, ViewLayer | Synchronizing object | geometry_0_cylinder.010
Fra:3 Mem:57.62M (Peak 103.98M) | Time:00:00.03 | Mem:0.00M, Peak:0.00M | Scene, ViewLayer | Synchronizing object | geometry_0_sphere.058
Fra:3 Mem:57.64M (Peak 103.98M) | Time:00:00.03 | Mem:0.00M, Peak:0.00M | Scene, ViewLayer | Synchronizing object | geometry_0_sphere.059
Fra:3 Mem:57.79M (Peak 103.98M) | Time:00:00.03 | Mem:0.00M, Peak:0.00M | Scene, ViewLayer | Synchronizing object | geometry_0_cylinder.008
Fra:3 Mem:57.86M (Peak 103.98M) | Time:00:00.03 | Mem:0.00M, Peak:0.00M | Scene, ViewLayer | Synchronizing object | geometry_0_cylinder.007
Fra:3 Mem:57.87M (Peak 103.98M) | Time:00:00.03 | Mem:0.00M, Peak:0.00M | Scene, ViewLayer | Synchronizing object | geometry_0_sphere.060
Fra:3 Mem:57.88M (Peak 103.98M) | Time:00:00.03 | Mem:0.00M, Peak:0.00M | Scene, ViewLayer | Synchronizing object | geometry_0_sphere.061
Fra:3 Mem:58.03M (Peak 103.98M) | Time:00:00.03 | Mem:0.00M, Peak:0.00M | Scene, ViewLayer | Synchronizing object | geometry_0_cylinder.093
Fra:3 Mem:58.10M (Peak 103.98M) | Time:00:00.03 | Mem:0.00M, Peak:0.00M | Scene, ViewLayer | Synchronizing object | geometry_0_cylinder.095
Fra:3 Mem:58.11M (Peak 103.98M) | Time:00:00.03 | Mem:0.00M, Peak:0.00M | Scene, ViewLayer | Synchronizing object | geometry_0_sphere.062
Fra:3 Mem:58.16M (Peak 103.98M) | Time:00:00.03 | Mem:0.00M, Peak:0.00M | Scene, ViewLayer | Synchronizing object | geometry_0_cylinder.094
Fra:3 Mem:58.20M (Peak 103.98M) | Time:00:00.03 | Mem:0.00M, Peak:0.00M | Scene, ViewLayer | Synchronizing object | geometry_0_sphere.063
Fra:3 Mem:58.25M (Peak 103.98M) | Time:00:00.03 | Mem:0.00M, Peak:0.00M | Scene, ViewLayer | Synchronizing object | geometry_0_cylinder.092
Fra:3 Mem:58.29M (Peak 103.98M) | Time:00:00.03 | Mem:0.00M, Peak:0.00M | Scene, ViewLayer | Synchronizing object | geometry_0_cylinder.091
Fra:3 Mem:58.33M (Peak 103.98M) | Time:00:00.03 | Mem:0.00M, Peak:0.00M | Scene, ViewLayer | Synchronizing object | geometry_0_sphere.064
Fra:3 Mem:58.41M (Peak 103.98M) | Time:00:00.03 | Mem:0.00M, Peak:0.00M | Scene, ViewLayer | Synchronizing object | geometry_0_mesh.001
Fra:3 Mem:58.48M (Peak 103.98M) | Time:00:00.03 | Mem:0.00M, Peak:0.00M | Scene, ViewLayer | Synchronizing object | geometry_0_sphere.065
Fra:3 Mem:58.51M (Peak 103.98M) | Time:00:00.03 | Mem:0.00M, Peak:0.00M | Scene, ViewLayer | Synchronizing object | geometry_0_cylinder.090
Fra:3 Mem:58.57M (Peak 103.98M) | Time:00:00.03 | Mem:0.00M, Peak:0.00M | Scene, ViewLayer | Synchronizing object | geometry_0_sphere.066
Fra:3 Mem:58.64M (Peak 103.98M) | Time:00:00.03 | Mem:0.00M, Peak:0.00M | Scene, ViewLayer | Synchronizing object | geometry_0_cylinder.019
Fra:3 Mem:58.75M (Peak 103.98M) | Time:00:00.03 | Mem:0.00M, Peak:0.00M | Scene, ViewLayer | Synchronizing object | geometry_0_cylinder.089
Fra:3 Mem:58.76M (Peak 103.98M) | Time:00:00.03 | Mem:0.00M, Peak:0.00M | Scene, ViewLayer | Synchronizing object | geometry_0_sphere
Fra:3 Mem:58.73M (Peak 103.98M) | Time:00:00.03 | Mem:0.00M, Peak:0.00M | Scene, ViewLayer | Synchronizing object | geometry_0_sphere.068
Fra:3 Mem:59.08M (Peak 103.98M) | Time:00:00.03 | Mem:0.00M, Peak:0.00M | Scene, ViewLayer | Synchronizing object | geometry_0_sphere.083
Fra:3 Mem:59.15M (Peak 103.98M) | Time:00:00.03 | Mem:0.00M, Peak:0.00M | Scene, ViewLayer | Synchronizing object | geometry_0_sphere.069
Fra:3 Mem:59.23M (Peak 103.98M) | Time:00:00.03 | Mem:0.00M, Peak:0.00M | Scene, ViewLayer | Synchronizing object | geometry_0_sphere.070
Fra:3 Mem:59.33M (Peak 103.98M) | Time:00:00.03 | Mem:0.00M, Peak:0.00M | Scene, ViewLayer | Synchronizing object | geometry_0_sphere.082
Fra:3 Mem:59.44M (Peak 103.98M) | Time:00:00.03 | Mem:0.00M, Peak:0.00M | Scene, ViewLayer | Synchronizing object | geometry_0_sphere.071
Fra:3 Mem:59.58M (Peak 103.98M) | Time:00:00.03 | Mem:0.00M, Peak:0.00M | Scene, ViewLayer | Synchronizing object | geometry_0_sphere.072
Fra:3 Mem:59.65M (Peak 103.98M) | Time:00:00.03 | Mem:0.00M, Peak:0.00M | Scene, ViewLayer | Synchronizing object | geometry_0_sphere.081
Fra:3 Mem:59.79M (Peak 103.98M) | Time:00:00.03 | Mem:0.00M, Peak:0.00M | Scene, ViewLayer | Synchronizing object | geometry_0_sphere.073
Fra:3 Mem:59.90M (Peak 103.98M) | Time:00:00.03 | Mem:0.00M, Peak:0.00M | Scene, ViewLayer | Synchronizing object | geometry_0_sphere.074
Fra:3 Mem:59.93M (Peak 103.98M) | Time:00:00.03 | Mem:0.00M, Peak:0.00M | Scene, ViewLayer | Synchronizing object | geometry_0_sphere.080
Fra:3 Mem:60.14M (Peak 103.98M) | Time:00:00.03 | Mem:0.00M, Peak:0.00M | Scene, ViewLayer | Synchronizing object | geometry_0_sphere.075
Fra:3 Mem:60.21M (Peak 103.98M) | Time:00:00.03 | Mem:0.00M, Peak:0.00M | Scene, ViewLayer | Synchronizing object | geometry_0_sphere.076
Fra:3 Mem:60.26M (Peak 103.98M) | Time:00:00.03 | Mem:0.00M, Peak:0.00M | Scene, ViewLayer | Synchronizing object | geometry_0_sphere.079
Fra:3 Mem:60.46M (Peak 103.98M) | Time:00:00.03 | Mem:0.00M, Peak:0.00M | Scene, ViewLayer | Synchronizing object | geometry_0_sphere.077
Fra:3 Mem:60.53M (Peak 103.98M) | Time:00:00.03 | Mem:0.00M, Peak:0.00M | Scene, ViewLayer | Synchronizing object | geometry_0_sphere.078
Fra:3 Mem:60.64M (Peak 103.98M) | Time:00:00.03 | Mem:0.00M, Peak:0.00M | Scene, ViewLayer | Initializing
Fra:3 Mem:52.51M (Peak 103.98M) | Time:00:00.03 | Mem:0.00M, Peak:0.00M | Scene, ViewLayer | Waiting for render to start
Fra:3 Mem:52.51M (Peak 103.98M) | Time:00:00.03 | Mem:0.00M, Peak:0.00M | Scene, ViewLayer | Loading render kernels (may take a few minutes the first time)
Fra:3 Mem:52.51M (Peak 103.98M) | Time:00:00.03 | Mem:0.00M, Peak:0.00M | Scene, ViewLayer | Updating Scene
Fra:3 Mem:52.51M (Peak 103.98M) | Time:00:00.03 | Mem:0.00M, Peak:0.00M | Scene, ViewLayer | Updating Shaders
Fra:3 Mem:52.59M (Peak 103.98M) | Time:00:00.03 | Mem:0.00M, Peak:0.00M | Scene, ViewLayer | Updating Procedurals
Fra:3 Mem:52.59M (Peak 103.98M) | Time:00:00.03 | Mem:0.00M, Peak:0.00M | Scene, ViewLayer | Updating Background
Fra:3 Mem:52.59M (Peak 103.98M) | Time:00:00.03 | Mem:0.00M, Peak:0.00M | Scene, ViewLayer | Updating Camera
Fra:3 Mem:52.59M (Peak 103.98M) | Time:00:00.03 | Mem:0.00M, Peak:0.00M | Scene, ViewLayer | Updating Meshes Flags
Fra:3 Mem:52.59M (Peak 103.98M) | Time:00:00.03 | Mem:0.00M, Peak:0.00M | Scene, ViewLayer | Updating Objects
Fra:3 Mem:52.59M (Peak 103.98M) | Time:00:00.03 | Mem:0.00M, Peak:0.00M | Scene, ViewLayer | Updating Objects | Copying Transformations to device
Fra:3 Mem:52.64M (Peak 103.98M) | Time:00:00.03 | Mem:0.04M, Peak:0.04M | Scene, ViewLayer | Updating Objects | Applying Static Transformations
Fra:3 Mem:52.64M (Peak 103.98M) | Time:00:00.03 | Mem:0.04M, Peak:0.04M | Scene, ViewLayer | Updating Particle Systems
Fra:3 Mem:52.64M (Peak 103.98M) | Time:00:00.03 | Mem:0.04M, Peak:0.04M | Scene, ViewLayer | Updating Particle Systems | Copying Particles to device
Fra:3 Mem:52.64M (Peak 103.98M) | Time:00:00.03 | Mem:0.04M, Peak:0.04M | Scene, ViewLayer | Updating Meshes
Fra:3 Mem:54.10M (Peak 103.98M) | Time:00:00.03 | Mem:0.04M, Peak:0.04M | Scene, ViewLayer | Updating Mesh | Computing attributes
Fra:3 Mem:56.32M (Peak 103.98M) | Time:00:00.03 | Mem:0.06M, Peak:0.06M | Scene, ViewLayer | Updating Mesh | Copying Attributes to device
Fra:3 Mem:56.29M (Peak 103.98M) | Time:00:00.04 | Mem:2.24M, Peak:2.24M | Scene, ViewLayer | Updating Scene BVH | Building
Fra:3 Mem:56.30M (Peak 103.98M) | Time:00:00.04 | Mem:2.24M, Peak:2.24M | Scene, ViewLayer | Updating Scene BVH | Building BVH
Fra:3 Mem:56.30M (Peak 103.98M) | Time:00:00.04 | Mem:5.17M, Peak:5.17M | Scene, ViewLayer | Updating Scene BVH | Building BVH 0%
Fra:3 Mem:56.30M (Peak 103.98M) | Time:00:00.05 | Mem:8.66M, Peak:11.59M | Scene, ViewLayer | Updating Scene BVH | Copying BVH to device
Fra:3 Mem:56.30M (Peak 103.98M) | Time:00:00.05 | Mem:8.66M, Peak:11.59M | Scene, ViewLayer | Updating Mesh | Computing normals
Fra:3 Mem:63.95M (Peak 103.98M) | Time:00:00.05 | Mem:8.66M, Peak:11.59M | Scene, ViewLayer | Updating Mesh | Copying Mesh to device
Fra:3 Mem:63.95M (Peak 103.98M) | Time:00:00.05 | Mem:16.31M, Peak:16.31M | Scene, ViewLayer | Updating Objects Flags
Fra:3 Mem:63.95M (Peak 103.98M) | Time:00:00.05 | Mem:16.31M, Peak:16.31M | Scene, ViewLayer | Updating Primitive Offsets
Fra:3 Mem:63.95M (Peak 103.98M) | Time:00:00.05 | Mem:16.31M, Peak:16.31M | Scene, ViewLayer | Updating Images
Fra:3 Mem:63.95M (Peak 103.98M) | Time:00:00.05 | Mem:16.31M, Peak:16.31M | Scene, ViewLayer | Updating Camera Volume
Fra:3 Mem:63.95M (Peak 103.98M) | Time:00:00.05 | Mem:16.31M, Peak:16.31M | Scene, ViewLayer | Updating Lookup Tables
Fra:3 Mem:63.95M (Peak 103.98M) | Time:00:00.05 | Mem:16.39M, Peak:16.39M | Scene, ViewLayer | Updating Lights
Fra:3 Mem:63.95M (Peak 103.98M) | Time:00:00.05 | Mem:16.39M, Peak:16.39M | Scene, ViewLayer | Updating Lights | Computing distribution
Fra:3 Mem:63.95M (Peak 103.98M) | Time:00:00.05 | Mem:16.39M, Peak:16.39M | Scene, ViewLayer | Updating Lights | Computing tree
Fra:3 Mem:63.95M (Peak 103.98M) | Time:00:00.05 | Mem:16.39M, Peak:16.39M | Scene, ViewLayer | Updating Integrator
Fra:3 Mem:64.95M (Peak 103.98M) | Time:00:00.05 | Mem:17.39M, Peak:17.39M | Scene, ViewLayer | Updating Film
Fra:3 Mem:64.95M (Peak 103.98M) | Time:00:00.05 | Mem:17.31M, Peak:17.39M | Scene, ViewLayer | Updating Lookup Tables
Fra:3 Mem:64.95M (Peak 103.98M) | Time:00:00.05 | Mem:17.40M, Peak:17.40M | Scene, ViewLayer | Updating Baking
Fra:3 Mem:64.95M (Peak 103.98M) | Time:00:00.05 | Mem:17.40M, Peak:17.40M | Scene, ViewLayer | Updating Device | Writing constant memory
Fra:3 Mem:64.96M (Peak 103.98M) | Time:00:00.05 | Mem:17.40M, Peak:17.40M | Scene, ViewLayer | Sample 0/32
Fra:3 Mem:83.97M (Peak 103.98M) | Time:00:00.07 | Remaining:00:00.54 | Mem:36.40M, Peak:36.40M | Scene, ViewLayer | Sample 1/32
Fra:3 Mem:91.97M (Peak 103.98M) | Time:00:01.58 | Mem:36.40M, Peak:36.40M | Scene, ViewLayer | Sample 32/32
Fra:3 Mem:91.97M (Peak 103.98M) | Time:00:01.58 | Mem:36.40M, Peak:36.40M | Scene, ViewLayer | Finished
Fra:3 Mem:50.22M (Peak 103.98M) | Time:00:01.58 | Compositing
Fra:3 Mem:50.22M (Peak 103.98M) | Time:00:01.58 | Compositing | Determining resolution
Fra:3 Mem:50.22M (Peak 103.98M) | Time:00:01.58 | Compositing | Initializing execution
Fra:3 Mem:50.22M (Peak 103.98M) | Time:00:01.58 | Compositing | De-initializing execution
Saved: '/vepfs_default/chanxueyan/lhp/lms/aDSL/temp/geometry_expression_20260929/B/SF21/views/render_0003.png'
Time: 00:01.61 (Saving: 00:00.02)

Fra:4 Mem:50.33M (Peak 103.98M) | Time:00:00.01 | Mem:0.00M, Peak:0.00M | Scene, ViewLayer | Synchronizing object | geometry_0_mesh
Fra:4 Mem:50.33M (Peak 103.98M) | Time:00:00.01 | Mem:0.00M, Peak:0.00M | Scene, ViewLayer | Synchronizing object | geometry_0_cylinder.018
Fra:4 Mem:50.41M (Peak 103.98M) | Time:00:00.01 | Mem:0.00M, Peak:0.00M | Scene, ViewLayer | Synchronizing object | geometry_0_mesh.003
Fra:4 Mem:50.46M (Peak 103.98M) | Time:00:00.01 | Mem:0.00M, Peak:0.00M | Scene, ViewLayer | Synchronizing object | geometry_0_mesh.002
Fra:4 Mem:50.54M (Peak 103.98M) | Time:00:00.01 | Mem:0.00M, Peak:0.00M | Scene, ViewLayer | Synchronizing object | geometry_0_mesh.004
Fra:4 Mem:50.57M (Peak 103.98M) | Time:00:00.01 | Mem:0.00M, Peak:0.00M | Scene, ViewLayer | Synchronizing object | geometry_0_cylinder.088
Fra:4 Mem:50.64M (Peak 103.98M) | Time:00:00.01 | Mem:0.00M, Peak:0.00M | Scene, ViewLayer | Synchronizing object | geometry_0_cylinder.020
Fra:4 Mem:50.63M (Peak 103.98M) | Time:00:00.01 | Mem:0.00M, Peak:0.00M | Scene, ViewLayer | Synchronizing object | geometry_0_cylinder.021
Fra:4 Mem:50.64M (Peak 103.98M) | Time:00:00.01 | Mem:0.00M, Peak:0.00M | Scene, ViewLayer | Synchronizing object | geometry_0_cylinder.022
Fra:4 Mem:50.66M (Peak 103.98M) | Time:00:00.01 | Mem:0.00M, Peak:0.00M | Scene, ViewLayer | Synchronizing object | geometry_0_cylinder.023
Fra:4 Mem:50.66M (Peak 103.98M) | Time:00:00.01 | Mem:0.00M, Peak:0.00M | Scene, ViewLayer | Synchronizing object | geometry_0_cylinder.024
Fra:4 Mem:50.67M (Peak 103.98M) | Time:00:00.01 | Mem:0.00M, Peak:0.00M | Scene, ViewLayer | Synchronizing object | geometry_0_cylinder.025
Fra:4 Mem:50.68M (Peak 103.98M) | Time:00:00.01 | Mem:0.00M, Peak:0.00M | Scene, ViewLayer | Synchronizing object | geometry_0_cylinder.026
Fra:4 Mem:50.70M (Peak 103.98M) | Time:00:00.01 | Mem:0.00M, Peak:0.00M | Scene, ViewLayer | Synchronizing object | geometry_0_cylinder.027
Fra:4 Mem:50.71M (Peak 103.98M) | Time:00:00.01 | Mem:0.00M, Peak:0.00M | Scene, ViewLayer | Synchronizing object | geometry_0_cylinder.028
Fra:4 Mem:50.72M (Peak 103.98M) | Time:00:00.01 | Mem:0.00M, Peak:0.00M | Scene, ViewLayer | Synchronizing object | geometry_0_cylinder.029
Fra:4 Mem:50.73M (Peak 103.98M) | Time:00:00.01 | Mem:0.00M, Peak:0.00M | Scene, ViewLayer | Synchronizing object | geometry_0_cylinder.030
Fra:4 Mem:50.74M (Peak 103.98M) | Time:00:00.01 | Mem:0.00M, Peak:0.00M | Scene, ViewLayer | Synchronizing object | geometry_0_cylinder.031
Fra:4 Mem:50.75M (Peak 103.98M) | Time:00:00.01 | Mem:0.00M, Peak:0.00M | Scene, ViewLayer | Synchronizing object | geometry_0_cylinder.032
Fra:4 Mem:50.76M (Peak 103.98M) | Time:00:00.01 | Mem:0.00M, Peak:0.00M | Scene, ViewLayer | Synchronizing object | geometry_0_cylinder.033
Fra:4 Mem:50.78M (Peak 103.98M) | Time:00:00.01 | Mem:0.00M, Peak:0.00M | Scene, ViewLayer | Synchronizing object | geometry_0_cylinder.034
Fra:4 Mem:50.79M (Peak 103.98M) | Time:00:00.01 | Mem:0.00M, Peak:0.00M | Scene, ViewLayer | Synchronizing object | geometry_0_cylinder.035
Fra:4 Mem:50.80M (Peak 103.98M) | Time:00:00.01 | Mem:0.00M, Peak:0.00M | Scene, ViewLayer | Synchronizing object | geometry_0_cylinder.036
Fra:4 Mem:50.81M (Peak 103.98M) | Time:00:00.01 | Mem:0.00M, Peak:0.00M | Scene, ViewLayer | Synchronizing object | geometry_0_cylinder.037
Fra:4 Mem:50.82M (Peak 103.98M) | Time:00:00.01 | Mem:0.00M, Peak:0.00M | Scene, ViewLayer | Synchronizing object | geometry_0_cylinder.038
Fra:4 Mem:50.83M (Peak 103.98M) | Time:00:00.01 | Mem:0.00M, Peak:0.00M | Scene, ViewLayer | Synchronizing object | geometry_0_cylinder.039
Fra:4 Mem:50.84M (Peak 103.98M) | Time:00:00.01 | Mem:0.00M, Peak:0.00M | Scene, ViewLayer | Synchronizing object | geometry_0_cylinder.040
Fra:4 Mem:50.85M (Peak 103.98M) | Time:00:00.01 | Mem:0.00M, Peak:0.00M | Scene, ViewLayer | Synchronizing object | geometry_0_cylinder.041
Fra:4 Mem:50.87M (Peak 103.98M) | Time:00:00.01 | Mem:0.00M, Peak:0.00M | Scene, ViewLayer | Synchronizing object | geometry_0_cylinder.042
Fra:4 Mem:50.88M (Peak 103.98M) | Time:00:00.01 | Mem:0.00M, Peak:0.00M | Scene, ViewLayer | Synchronizing object | geometry_0_cylinder.043
Fra:4 Mem:50.89M (Peak 103.98M) | Time:00:00.01 | Mem:0.00M, Peak:0.00M | Scene, ViewLayer | Synchronizing object | geometry_0_cylinder.044
Fra:4 Mem:50.90M (Peak 103.98M) | Time:00:00.01 | Mem:0.00M, Peak:0.00M | Scene, ViewLayer | Synchronizing object | geometry_0_cylinder.045
Fra:4 Mem:50.91M (Peak 103.98M) | Time:00:00.01 | Mem:0.00M, Peak:0.00M | Scene, ViewLayer | Synchronizing object | geometry_0_cylinder.046
Fra:4 Mem:50.92M (Peak 103.98M) | Time:00:00.01 | Mem:0.00M, Peak:0.00M | Scene, ViewLayer | Synchronizing object | geometry_0_cylinder.047
Fra:4 Mem:50.93M (Peak 103.98M) | Time:00:00.01 | Mem:0.00M, Peak:0.00M | Scene, ViewLayer | Synchronizing object | geometry_0_cylinder.048
Fra:4 Mem:50.94M (Peak 103.98M) | Time:00:00.01 | Mem:0.00M, Peak:0.00M | Scene, ViewLayer | Synchronizing object | geometry_0_cylinder.049
Fra:4 Mem:50.96M (Peak 103.98M) | Time:00:00.01 | Mem:0.00M, Peak:0.00M | Scene, ViewLayer | Synchronizing object | geometry_0_cylinder.050
Fra:4 Mem:50.97M (Peak 103.98M) | Time:00:00.01 | Mem:0.00M, Peak:0.00M | Scene, ViewLayer | Synchronizing object | geometry_0_cylinder.051
Fra:4 Mem:50.98M (Peak 103.98M) | Time:00:00.01 | Mem:0.00M, Peak:0.00M | Scene, ViewLayer | Synchronizing object | geometry_0_cylinder.052
Fra:4 Mem:50.99M (Peak 103.98M) | Time:00:00.01 | Mem:0.00M, Peak:0.00M | Scene, ViewLayer | Synchronizing object | geometry_0_cylinder.053
Fra:4 Mem:51.00M (Peak 103.98M) | Time:00:00.01 | Mem:0.00M, Peak:0.00M | Scene, ViewLayer | Synchronizing object | geometry_0_sphere.019
Fra:4 Mem:51.05M (Peak 103.98M) | Time:00:00.01 | Mem:0.00M, Peak:0.00M | Scene, ViewLayer | Synchronizing object | geometry_0_sphere.020
Fra:4 Mem:51.25M (Peak 103.98M) | Time:00:00.01 | Mem:0.00M, Peak:0.00M | Scene, ViewLayer | Synchronizing object | geometry_0_sphere.021
Fra:4 Mem:51.30M (Peak 103.98M) | Time:00:00.01 | Mem:0.00M, Peak:0.00M | Scene, ViewLayer | Synchronizing object | geometry_0_sphere.022
Fra:4 Mem:51.46M (Peak 103.98M) | Time:00:00.01 | Mem:0.00M, Peak:0.00M | Scene, ViewLayer | Synchronizing object | geometry_0_sphere.023
Fra:4 Mem:51.51M (Peak 103.98M) | Time:00:00.01 | Mem:0.00M, Peak:0.00M | Scene, ViewLayer | Synchronizing object | geometry_0_sphere.024
Fra:4 Mem:51.68M (Peak 103.98M) | Time:00:00.01 | Mem:0.00M, Peak:0.00M | Scene, ViewLayer | Synchronizing object | geometry_0_sphere.025
Fra:4 Mem:51.73M (Peak 103.98M) | Time:00:00.01 | Mem:0.00M, Peak:0.00M | Scene, ViewLayer | Synchronizing object | geometry_0_sphere.026
Fra:4 Mem:51.86M (Peak 103.98M) | Time:00:00.01 | Mem:0.00M, Peak:0.00M | Scene, ViewLayer | Synchronizing object | geometry_0_sphere.006
Fra:4 Mem:51.86M (Peak 103.98M) | Time:00:00.01 | Mem:0.00M, Peak:0.00M | Scene, ViewLayer | Synchronizing object | geometry_0_sphere.028
Fra:4 Mem:52.24M (Peak 103.98M) | Time:00:00.01 | Mem:0.00M, Peak:0.00M | Scene, ViewLayer | Synchronizing object | geometry_0_sphere.005
Fra:4 Mem:52.23M (Peak 103.98M) | Time:00:00.01 | Mem:0.00M, Peak:0.00M | Scene, ViewLayer | Synchronizing object | geometry_0_sphere.030
Fra:4 Mem:52.53M (Peak 103.98M) | Time:00:00.01 | Mem:0.00M, Peak:0.00M | Scene, ViewLayer | Synchronizing object | geometry_0_sphere.004
Fra:4 Mem:52.61M (Peak 103.98M) | Time:00:00.01 | Mem:0.00M, Peak:0.00M | Scene, ViewLayer | Synchronizing object | geometry_0_sphere.031
Fra:4 Mem:52.68M (Peak 103.98M) | Time:00:00.01 | Mem:0.00M, Peak:0.00M | Scene, ViewLayer | Synchronizing object | geometry_0_sphere.032
Fra:4 Mem:52.79M (Peak 103.98M) | Time:00:00.01 | Mem:0.00M, Peak:0.00M | Scene, ViewLayer | Synchronizing object | geometry_0_sphere.003
Fra:4 Mem:52.96M (Peak 103.98M) | Time:00:00.01 | Mem:0.00M, Peak:0.00M | Scene, ViewLayer | Synchronizing object | geometry_0_sphere.033
Fra:4 Mem:53.03M (Peak 103.98M) | Time:00:00.01 | Mem:0.00M, Peak:0.00M | Scene, ViewLayer | Synchronizing object | geometry_0_sphere.034
Fra:4 Mem:53.11M (Peak 103.98M) | Time:00:00.01 | Mem:0.00M, Peak:0.00M | Scene, ViewLayer | Synchronizing object | geometry_0_sphere.002
Fra:4 Mem:53.28M (Peak 103.98M) | Time:00:00.01 | Mem:0.00M, Peak:0.00M | Scene, ViewLayer | Synchronizing object | geometry_0_sphere.035
Fra:4 Mem:53.32M (Peak 103.98M) | Time:00:00.01 | Mem:0.00M, Peak:0.00M | Scene, ViewLayer | Synchronizing object | geometry_0_sphere.036
Fra:4 Mem:53.37M (Peak 103.98M) | Time:00:00.01 | Mem:0.00M, Peak:0.00M | Scene, ViewLayer | Synchronizing object | geometry_0_sphere.001
Fra:4 Mem:53.63M (Peak 103.98M) | Time:00:00.01 | Mem:0.00M, Peak:0.00M | Scene, ViewLayer | Synchronizing object | geometry_0_sphere.037
Fra:4 Mem:53.56M (Peak 103.98M) | Time:00:00.01 | Mem:0.00M, Peak:0.00M | Scene, ViewLayer | Synchronizing object | geometry_0_cylinder.005
Fra:4 Mem:53.76M (Peak 103.98M) | Time:00:00.01 | Mem:0.00M, Peak:0.00M | Scene, ViewLayer | Synchronizing object | geometry_0_cylinder.004
Fra:4 Mem:53.83M (Peak 103.98M) | Time:00:00.01 | Mem:0.00M, Peak:0.00M | Scene, ViewLayer | Synchronizing object | geometry_0_cylinder.003
Fra:4 Mem:53.84M (Peak 103.98M) | Time:00:00.01 | Mem:0.00M, Peak:0.00M | Scene, ViewLayer | Synchronizing object | geometry_0_sphere.039
Fra:4 Mem:53.81M (Peak 103.98M) | Time:00:00.01 | Mem:0.00M, Peak:0.00M | Scene, ViewLayer | Synchronizing object | geometry_0_sphere.040
Fra:4 Mem:54.00M (Peak 103.98M) | Time:00:00.01 | Mem:0.00M, Peak:0.00M | Scene, ViewLayer | Synchronizing object | geometry_0_cylinder.001
Fra:4 Mem:54.11M (Peak 103.98M) | Time:00:00.01 | Mem:0.00M, Peak:0.00M | Scene, ViewLayer | Synchronizing object | geometry_0_cylinder
Fra:4 Mem:54.08M (Peak 103.98M) | Time:00:00.01 | Mem:0.00M, Peak:0.00M | Scene, ViewLayer | Synchronizing object | geometry_0_sphere.041
Fra:4 Mem:54.13M (Peak 103.98M) | Time:00:00.01 | Mem:0.00M, Peak:0.00M | Scene, ViewLayer | Synchronizing object | geometry_0_sphere.018
Fra:4 Mem:54.43M (Peak 103.98M) | Time:00:00.01 | Mem:0.00M, Peak:0.00M | Scene, ViewLayer | Synchronizing object | geometry_0_sphere.043
Fra:4 Mem:54.42M (Peak 103.98M) | Time:00:00.01 | Mem:0.00M, Peak:0.00M | Scene, ViewLayer | Synchronizing object | geometry_0_sphere.044
Fra:4 Mem:54.50M (Peak 103.98M) | Time:00:00.01 | Mem:0.00M, Peak:0.00M | Scene, ViewLayer | Synchronizing object | geometry_0_sphere.017
Fra:4 Mem:54.72M (Peak 103.98M) | Time:00:00.01 | Mem:0.00M, Peak:0.00M | Scene, ViewLayer | Synchronizing object | geometry_0_sphere.045
Fra:4 Mem:54.74M (Peak 103.98M) | Time:00:00.01 | Mem:0.00M, Peak:0.00M | Scene, ViewLayer | Synchronizing object | geometry_0_sphere.016
Fra:4 Mem:55.07M (Peak 103.98M) | Time:00:00.01 | Mem:0.00M, Peak:0.00M | Scene, ViewLayer | Synchronizing object | geometry_0_sphere.015
Fra:4 Mem:55.06M (Peak 103.98M) | Time:00:00.01 | Mem:0.00M, Peak:0.00M | Scene, ViewLayer | Synchronizing object | geometry_0_sphere.047
Fra:4 Mem:55.20M (Peak 103.98M) | Time:00:00.01 | Mem:0.00M, Peak:0.00M | Scene, ViewLayer | Synchronizing object | geometry_0_sphere.048
Fra:4 Mem:55.30M (Peak 103.98M) | Time:00:00.01 | Mem:0.00M, Peak:0.00M | Scene, ViewLayer | Synchronizing object | geometry_0_sphere.014
Fra:4 Mem:55.41M (Peak 103.98M) | Time:00:00.01 | Mem:0.00M, Peak:0.00M | Scene, ViewLayer | Synchronizing object | geometry_0_sphere.049
Fra:4 Mem:55.54M (Peak 103.98M) | Time:00:00.01 | Mem:0.00M, Peak:0.00M | Scene, ViewLayer | Synchronizing object | geometry_0_sphere.050
Fra:4 Mem:55.59M (Peak 103.98M) | Time:00:00.01 | Mem:0.00M, Peak:0.00M | Scene, ViewLayer | Synchronizing object | geometry_0_sphere.013
Fra:4 Mem:55.76M (Peak 103.98M) | Time:00:00.01 | Mem:0.00M, Peak:0.00M | Scene, ViewLayer | Synchronizing object | geometry_0_sphere.051
Fra:4 Mem:55.86M (Peak 103.98M) | Time:00:00.01 | Mem:0.00M, Peak:0.00M | Scene, ViewLayer | Synchronizing object | geometry_0_cylinder.054
Fra:4 Mem:55.87M (Peak 103.98M) | Time:00:00.01 | Mem:0.00M, Peak:0.00M | Scene, ViewLayer | Synchronizing object | geometry_0_cylinder.017
Fra:4 Mem:55.91M (Peak 103.98M) | Time:00:00.01 | Mem:0.00M, Peak:0.00M | Scene, ViewLayer | Synchronizing object | geometry_0_cylinder.055
Fra:4 Mem:55.92M (Peak 103.98M) | Time:00:00.01 | Mem:0.00M, Peak:0.00M | Scene, ViewLayer | Synchronizing object | geometry_0_cylinder.016
Fra:4 Mem:55.93M (Peak 103.98M) | Time:00:00.01 | Mem:0.00M, Peak:0.00M | Scene, ViewLayer | Synchronizing object | geometry_0_cylinder.056
Fra:4 Mem:55.94M (Peak 103.98M) | Time:00:00.01 | Mem:0.00M, Peak:0.00M | Scene, ViewLayer | Synchronizing object | geometry_0_cylinder.015
Fra:4 Mem:55.92M (Peak 103.98M) | Time:00:00.01 | Mem:0.00M, Peak:0.00M | Scene, ViewLayer | Synchronizing object | geometry_0_cylinder.058
Fra:4 Mem:55.93M (Peak 103.98M) | Time:00:00.01 | Mem:0.00M, Peak:0.00M | Scene, ViewLayer | Synchronizing object | geometry_0_cylinder.014
Fra:4 Mem:55.95M (Peak 103.98M) | Time:00:00.01 | Mem:0.00M, Peak:0.00M | Scene, ViewLayer | Synchronizing object | geometry_0_cylinder.059
Fra:4 Mem:55.96M (Peak 103.98M) | Time:00:00.01 | Mem:0.00M, Peak:0.00M | Scene, ViewLayer | Synchronizing object | geometry_0_cylinder.013
Fra:4 Mem:55.97M (Peak 103.98M) | Time:00:00.01 | Mem:0.00M, Peak:0.00M | Scene, ViewLayer | Synchronizing object | geometry_0_cylinder.060
Fra:4 Mem:55.98M (Peak 103.98M) | Time:00:00.01 | Mem:0.00M, Peak:0.00M | Scene, ViewLayer | Synchronizing object | geometry_0_cylinder.012
Fra:4 Mem:55.98M (Peak 103.98M) | Time:00:00.01 | Mem:0.00M, Peak:0.00M | Scene, ViewLayer | Synchronizing object | geometry_0_cylinder.061
Fra:4 Mem:56.00M (Peak 103.98M) | Time:00:00.01 | Mem:0.00M, Peak:0.00M | Scene, ViewLayer | Synchronizing object | geometry_0_sphere.012
Fra:4 Mem:56.00M (Peak 103.98M) | Time:00:00.01 | Mem:0.00M, Peak:0.00M | Scene, ViewLayer | Synchronizing object | geometry_0_cylinder.062
Fra:4 Mem:56.13M (Peak 103.98M) | Time:00:00.01 | Mem:0.00M, Peak:0.00M | Scene, ViewLayer | Synchronizing object | geometry_0_cylinder.063
Fra:4 Mem:56.14M (Peak 103.98M) | Time:00:00.01 | Mem:0.00M, Peak:0.00M | Scene, ViewLayer | Synchronizing object | geometry_0_cylinder.064
Fra:4 Mem:56.18M (Peak 103.98M) | Time:00:00.01 | Mem:0.00M, Peak:0.00M | Scene, ViewLayer | Synchronizing object | geometry_0_cylinder.065
Fra:4 Mem:56.16M (Peak 103.98M) | Time:00:00.01 | Mem:0.00M, Peak:0.00M | Scene, ViewLayer | Synchronizing object | geometry_0_cylinder.066
Fra:4 Mem:56.21M (Peak 103.98M) | Time:00:00.01 | Mem:0.00M, Peak:0.00M | Scene, ViewLayer | Synchronizing object | geometry_0_cylinder.067
Fra:4 Mem:56.29M (Peak 103.98M) | Time:00:00.01 | Mem:0.00M, Peak:0.00M | Scene, ViewLayer | Synchronizing object | geometry_0_cylinder.068
Fra:4 Mem:56.33M (Peak 103.98M) | Time:00:00.01 | Mem:0.00M, Peak:0.00M | Scene, ViewLayer | Synchronizing object | geometry_0_cylinder.069
Fra:4 Mem:56.31M (Peak 103.98M) | Time:00:00.01 | Mem:0.00M, Peak:0.00M | Scene, ViewLayer | Synchronizing object | geometry_0_sphere.010
Fra:4 Mem:56.31M (Peak 103.98M) | Time:00:00.01 | Mem:0.00M, Peak:0.00M | Scene, ViewLayer | Synchronizing object | geometry_0_cylinder.071
Fra:4 Mem:56.44M (Peak 103.98M) | Time:00:00.01 | Mem:0.00M, Peak:0.00M | Scene, ViewLayer | Synchronizing object | geometry_0_cylinder.072
Fra:4 Mem:56.48M (Peak 103.98M) | Time:00:00.01 | Mem:0.00M, Peak:0.00M | Scene, ViewLayer | Synchronizing object | geometry_0_cylinder.073
Fra:4 Mem:56.49M (Peak 103.98M) | Time:00:00.01 | Mem:0.00M, Peak:0.00M | Scene, ViewLayer | Synchronizing object | geometry_0_cylinder.074
Fra:4 Mem:56.47M (Peak 103.98M) | Time:00:00.01 | Mem:0.00M, Peak:0.00M | Scene, ViewLayer | Synchronizing object | geometry_0_cylinder.075
Fra:4 Mem:56.55M (Peak 103.98M) | Time:00:00.01 | Mem:0.00M, Peak:0.00M | Scene, ViewLayer | Synchronizing object | geometry_0_cylinder.076
Fra:4 Mem:56.60M (Peak 103.98M) | Time:00:00.01 | Mem:0.00M, Peak:0.00M | Scene, ViewLayer | Synchronizing object | geometry_0_cylinder.077
Fra:4 Mem:56.64M (Peak 103.98M) | Time:00:00.01 | Mem:0.00M, Peak:0.00M | Scene, ViewLayer | Synchronizing object | geometry_0_cylinder.078
Fra:4 Mem:56.62M (Peak 103.98M) | Time:00:00.01 | Mem:0.00M, Peak:0.00M | Scene, ViewLayer | Synchronizing object | geometry_0_sphere.008
Fra:4 Mem:56.62M (Peak 103.98M) | Time:00:00.01 | Mem:0.00M, Peak:0.00M | Scene, ViewLayer | Synchronizing object | geometry_0_cylinder.080
Fra:4 Mem:56.75M (Peak 103.98M) | Time:00:00.01 | Mem:0.00M, Peak:0.00M | Scene, ViewLayer | Synchronizing object | geometry_0_cylinder.081
Fra:4 Mem:56.79M (Peak 103.98M) | Time:00:00.01 | Mem:0.00M, Peak:0.00M | Scene, ViewLayer | Synchronizing object | geometry_0_cylinder.082
Fra:4 Mem:56.76M (Peak 103.98M) | Time:00:00.01 | Mem:0.00M, Peak:0.00M | Scene, ViewLayer | Synchronizing object | geometry_0_sphere.007
Fra:4 Mem:56.85M (Peak 103.98M) | Time:00:00.01 | Mem:0.00M, Peak:0.00M | Scene, ViewLayer | Synchronizing object | geometry_0_cylinder.084
Fra:4 Mem:56.90M (Peak 103.98M) | Time:00:00.01 | Mem:0.00M, Peak:0.00M | Scene, ViewLayer | Synchronizing object | geometry_0_cylinder.085
Fra:4 Mem:56.94M (Peak 103.98M) | Time:00:00.01 | Mem:0.00M, Peak:0.00M | Scene, ViewLayer | Synchronizing object | geometry_0_cylinder.086
Fra:4 Mem:56.92M (Peak 103.98M) | Time:00:00.01 | Mem:0.00M, Peak:0.00M | Scene, ViewLayer | Synchronizing object | geometry_0_cylinder.011
Fra:4 Mem:56.93M (Peak 103.98M) | Time:00:00.01 | Mem:0.00M, Peak:0.00M | Scene, ViewLayer | Synchronizing object | geometry_0_sphere.052
Fra:4 Mem:56.94M (Peak 103.98M) | Time:00:00.01 | Mem:0.00M, Peak:0.00M | Scene, ViewLayer | Synchronizing object | geometry_0_cylinder.010
Fra:4 Mem:56.99M (Peak 103.98M) | Time:00:00.01 | Mem:0.00M, Peak:0.00M | Scene, ViewLayer | Synchronizing object | geometry_0_sphere.053
Fra:4 Mem:57.14M (Peak 103.98M) | Time:00:00.01 | Mem:0.00M, Peak:0.00M | Scene, ViewLayer | Synchronizing object | geometry_0_cylinder.009
Fra:4 Mem:57.21M (Peak 103.98M) | Time:00:00.01 | Mem:0.00M, Peak:0.00M | Scene, ViewLayer | Synchronizing object | geometry_0_cylinder.008
Fra:4 Mem:57.21M (Peak 103.98M) | Time:00:00.01 | Mem:0.00M, Peak:0.00M | Scene, ViewLayer | Synchronizing object | geometry_0_sphere.054
Fra:4 Mem:57.22M (Peak 103.98M) | Time:00:00.01 | Mem:0.00M, Peak:0.00M | Scene, ViewLayer | Synchronizing object | geometry_0_cylinder.007
Fra:4 Mem:57.27M (Peak 103.98M) | Time:00:00.01 | Mem:0.00M, Peak:0.00M | Scene, ViewLayer | Synchronizing object | geometry_0_sphere.055
Fra:4 Mem:57.38M (Peak 103.98M) | Time:00:00.01 | Mem:0.00M, Peak:0.00M | Scene, ViewLayer | Synchronizing object | geometry_0_cylinder.006
Fra:4 Mem:57.45M (Peak 103.98M) | Time:00:00.01 | Mem:0.00M, Peak:0.00M | Scene, ViewLayer | Synchronizing object | geometry_0_cylinder.093
Fra:4 Mem:57.46M (Peak 103.98M) | Time:00:00.01 | Mem:0.00M, Peak:0.00M | Scene, ViewLayer | Synchronizing object | geometry_0_sphere.056
Fra:4 Mem:57.48M (Peak 103.98M) | Time:00:00.01 | Mem:0.00M, Peak:0.00M | Scene, ViewLayer | Synchronizing object | geometry_0_sphere.057
Fra:4 Mem:57.63M (Peak 103.98M) | Time:00:00.01 | Mem:0.00M, Peak:0.00M | Scene, ViewLayer | Synchronizing object | geometry_0_cylinder.094
Fra:4 Mem:57.70M (Peak 103.98M) | Time:00:00.01 | Mem:0.00M, Peak:0.00M | Scene, ViewLayer | Synchronizing object | geometry_0_cylinder.092
Fra:4 Mem:57.70M (Peak 103.98M) | Time:00:00.01 | Mem:0.00M, Peak:0.00M | Scene, ViewLayer | Synchronizing object | geometry_0_sphere.058
Fra:4 Mem:57.76M (Peak 103.98M) | Time:00:00.01 | Mem:0.00M, Peak:0.00M | Scene, ViewLayer | Synchronizing object | geometry_0_cylinder.091
Fra:4 Mem:57.80M (Peak 103.98M) | Time:00:00.01 | Mem:0.00M, Peak:0.00M | Scene, ViewLayer | Synchronizing object | geometry_0_sphere.059
Fra:4 Mem:57.84M (Peak 103.98M) | Time:00:00.01 | Mem:0.00M, Peak:0.00M | Scene, ViewLayer | Synchronizing object | geometry_0_mesh.001
Fra:4 Mem:57.94M (Peak 103.98M) | Time:00:00.01 | Mem:0.00M, Peak:0.00M | Scene, ViewLayer | Synchronizing object | geometry_0_sphere.060
Fra:4 Mem:58.05M (Peak 103.98M) | Time:00:00.01 | Mem:0.00M, Peak:0.00M | Scene, ViewLayer | Synchronizing object | geometry_0_cylinder.090
Fra:4 Mem:58.06M (Peak 103.98M) | Time:00:00.01 | Mem:0.00M, Peak:0.00M | Scene, ViewLayer | Synchronizing object | geometry_0_sphere.061
Fra:4 Mem:58.11M (Peak 103.98M) | Time:00:00.01 | Mem:0.00M, Peak:0.00M | Scene, ViewLayer | Synchronizing object | geometry_0_cylinder.019
Fra:4 Mem:58.21M (Peak 103.98M) | Time:00:00.01 | Mem:0.00M, Peak:0.00M | Scene, ViewLayer | Synchronizing object | geometry_0_cylinder.089
Fra:4 Mem:58.19M (Peak 103.98M) | Time:00:00.01 | Mem:0.00M, Peak:0.00M | Scene, ViewLayer | Synchronizing object | geometry_0_sphere.062
Fra:4 Mem:58.27M (Peak 103.98M) | Time:00:00.01 | Mem:0.00M, Peak:0.00M | Scene, ViewLayer | Synchronizing object | geometry_0_sphere
Fra:4 Mem:58.38M (Peak 103.98M) | Time:00:00.01 | Mem:0.00M, Peak:0.00M | Scene, ViewLayer | Synchronizing object | geometry_0_sphere.063
Fra:4 Mem:58.54M (Peak 103.98M) | Time:00:00.01 | Mem:0.00M, Peak:0.00M | Scene, ViewLayer | Synchronizing object | geometry_0_sphere.064
Fra:4 Mem:58.54M (Peak 103.98M) | Time:00:00.01 | Mem:0.00M, Peak:0.00M | Scene, ViewLayer | Synchronizing object | geometry_0_sphere.083
Fra:4 Mem:58.67M (Peak 103.98M) | Time:00:00.01 | Mem:0.00M, Peak:0.00M | Scene, ViewLayer | Synchronizing object | geometry_0_sphere.065
Fra:4 Mem:58.89M (Peak 103.98M) | Time:00:00.01 | Mem:0.00M, Peak:0.00M | Scene, ViewLayer | Synchronizing object | geometry_0_sphere.066
Fra:4 Mem:58.91M (Peak 103.98M) | Time:00:00.01 | Mem:0.00M, Peak:0.00M | Scene, ViewLayer | Synchronizing object | geometry_0_sphere.082
Fra:4 Mem:59.01M (Peak 103.98M) | Time:00:00.01 | Mem:0.00M, Peak:0.00M | Scene, ViewLayer | Synchronizing object | geometry_0_sphere.067
Fra:4 Mem:59.18M (Peak 103.98M) | Time:00:00.01 | Mem:0.00M, Peak:0.00M | Scene, ViewLayer | Synchronizing object | geometry_0_sphere.068
Fra:4 Mem:59.18M (Peak 103.98M) | Time:00:00.01 | Mem:0.00M, Peak:0.00M | Scene, ViewLayer | Synchronizing object | geometry_0_sphere.081
Fra:4 Mem:59.33M (Peak 103.98M) | Time:00:00.01 | Mem:0.00M, Peak:0.00M | Scene, ViewLayer | Synchronizing object | geometry_0_sphere.069
Fra:4 Mem:59.50M (Peak 103.98M) | Time:00:00.01 | Mem:0.00M, Peak:0.00M | Scene, ViewLayer | Synchronizing object | geometry_0_sphere.070
Fra:4 Mem:59.55M (Peak 103.98M) | Time:00:00.01 | Mem:0.00M, Peak:0.00M | Scene, ViewLayer | Synchronizing object | geometry_0_sphere.080
Fra:4 Mem:59.65M (Peak 103.98M) | Time:00:00.01 | Mem:0.00M, Peak:0.00M | Scene, ViewLayer | Synchronizing object | geometry_0_sphere.071
Fra:4 Mem:59.82M (Peak 103.98M) | Time:00:00.01 | Mem:0.00M, Peak:0.00M | Scene, ViewLayer | Synchronizing object | geometry_0_sphere.072
Fra:4 Mem:59.87M (Peak 103.98M) | Time:00:00.01 | Mem:0.00M, Peak:0.00M | Scene, ViewLayer | Synchronizing object | geometry_0_sphere.079
Fra:4 Mem:59.94M (Peak 103.98M) | Time:00:00.01 | Mem:0.00M, Peak:0.00M | Scene, ViewLayer | Synchronizing object | geometry_0_sphere.073
Fra:4 Mem:60.14M (Peak 103.98M) | Time:00:00.01 | Mem:0.00M, Peak:0.00M | Scene, ViewLayer | Synchronizing object | geometry_0_sphere.074
Fra:4 Mem:60.18M (Peak 103.98M) | Time:00:00.01 | Mem:0.00M, Peak:0.00M | Scene, ViewLayer | Synchronizing object | geometry_0_sphere.078
Fra:4 Mem:60.29M (Peak 103.98M) | Time:00:00.01 | Mem:0.00M, Peak:0.00M | Scene, ViewLayer | Synchronizing object | geometry_0_sphere.075
Fra:4 Mem:60.46M (Peak 103.98M) | Time:00:00.01 | Mem:0.00M, Peak:0.00M | Scene, ViewLayer | Synchronizing object | geometry_0_sphere.076
Fra:4 Mem:60.50M (Peak 103.98M) | Time:00:00.01 | Mem:0.00M, Peak:0.00M | Scene, ViewLayer | Synchronizing object | geometry_0_sphere.077
Fra:4 Mem:60.64M (Peak 103.98M) | Time:00:00.01 | Mem:0.00M, Peak:0.00M | Scene, ViewLayer | Initializing
Fra:4 Mem:52.51M (Peak 103.98M) | Time:00:00.02 | Mem:0.00M, Peak:0.00M | Scene, ViewLayer | Waiting for render to start
Fra:4 Mem:52.51M (Peak 103.98M) | Time:00:00.02 | Mem:0.00M, Peak:0.00M | Scene, ViewLayer | Loading render kernels (may take a few minutes the first time)
Fra:4 Mem:52.51M (Peak 103.98M) | Time:00:00.02 | Mem:0.00M, Peak:0.00M | Scene, ViewLayer | Updating Scene
Fra:4 Mem:52.51M (Peak 103.98M) | Time:00:00.02 | Mem:0.00M, Peak:0.00M | Scene, ViewLayer | Updating Shaders
Fra:4 Mem:52.59M (Peak 103.98M) | Time:00:00.02 | Mem:0.00M, Peak:0.00M | Scene, ViewLayer | Updating Procedurals
Fra:4 Mem:52.59M (Peak 103.98M) | Time:00:00.02 | Mem:0.00M, Peak:0.00M | Scene, ViewLayer | Updating Background
Fra:4 Mem:52.59M (Peak 103.98M) | Time:00:00.02 | Mem:0.00M, Peak:0.00M | Scene, ViewLayer | Updating Camera
Fra:4 Mem:52.59M (Peak 103.98M) | Time:00:00.02 | Mem:0.00M, Peak:0.00M | Scene, ViewLayer | Updating Meshes Flags
Fra:4 Mem:52.59M (Peak 103.98M) | Time:00:00.02 | Mem:0.00M, Peak:0.00M | Scene, ViewLayer | Updating Objects
Fra:4 Mem:52.59M (Peak 103.98M) | Time:00:00.02 | Mem:0.00M, Peak:0.00M | Scene, ViewLayer | Updating Objects | Copying Transformations to device
Fra:4 Mem:52.64M (Peak 103.98M) | Time:00:00.02 | Mem:0.04M, Peak:0.04M | Scene, ViewLayer | Updating Objects | Applying Static Transformations
Fra:4 Mem:52.64M (Peak 103.98M) | Time:00:00.02 | Mem:0.04M, Peak:0.04M | Scene, ViewLayer | Updating Particle Systems
Fra:4 Mem:52.64M (Peak 103.98M) | Time:00:00.02 | Mem:0.04M, Peak:0.04M | Scene, ViewLayer | Updating Particle Systems | Copying Particles to device
Fra:4 Mem:52.64M (Peak 103.98M) | Time:00:00.02 | Mem:0.04M, Peak:0.04M | Scene, ViewLayer | Updating Meshes
Fra:4 Mem:54.10M (Peak 103.98M) | Time:00:00.02 | Mem:0.04M, Peak:0.04M | Scene, ViewLayer | Updating Mesh | Computing attributes
Fra:4 Mem:56.32M (Peak 103.98M) | Time:00:00.02 | Mem:0.06M, Peak:0.06M | Scene, ViewLayer | Updating Mesh | Copying Attributes to device
Fra:4 Mem:56.29M (Peak 103.98M) | Time:00:00.02 | Mem:2.24M, Peak:2.24M | Scene, ViewLayer | Updating Scene BVH | Building
Fra:4 Mem:56.30M (Peak 103.98M) | Time:00:00.02 | Mem:2.24M, Peak:2.24M | Scene, ViewLayer | Updating Scene BVH | Building BVH
Fra:4 Mem:56.30M (Peak 103.98M) | Time:00:00.02 | Mem:5.17M, Peak:5.17M | Scene, ViewLayer | Updating Scene BVH | Building BVH 0%
Fra:4 Mem:56.30M (Peak 103.98M) | Time:00:00.03 | Mem:8.66M, Peak:11.59M | Scene, ViewLayer | Updating Scene BVH | Copying BVH to device
Fra:4 Mem:56.30M (Peak 103.98M) | Time:00:00.03 | Mem:8.66M, Peak:11.59M | Scene, ViewLayer | Updating Mesh | Computing normals
Fra:4 Mem:63.95M (Peak 103.98M) | Time:00:00.04 | Mem:8.66M, Peak:11.59M | Scene, ViewLayer | Updating Mesh | Copying Mesh to device
Fra:4 Mem:63.95M (Peak 103.98M) | Time:00:00.04 | Mem:16.31M, Peak:16.31M | Scene, ViewLayer | Updating Objects Flags
Fra:4 Mem:63.95M (Peak 103.98M) | Time:00:00.04 | Mem:16.31M, Peak:16.31M | Scene, ViewLayer | Updating Primitive Offsets
Fra:4 Mem:63.95M (Peak 103.98M) | Time:00:00.04 | Mem:16.31M, Peak:16.31M | Scene, ViewLayer | Updating Images
Fra:4 Mem:63.95M (Peak 103.98M) | Time:00:00.04 | Mem:16.31M, Peak:16.31M | Scene, ViewLayer | Updating Camera Volume
Fra:4 Mem:63.95M (Peak 103.98M) | Time:00:00.04 | Mem:16.31M, Peak:16.31M | Scene, ViewLayer | Updating Lookup Tables
Fra:4 Mem:63.95M (Peak 103.98M) | Time:00:00.04 | Mem:16.39M, Peak:16.39M | Scene, ViewLayer | Updating Lights
Fra:4 Mem:63.95M (Peak 103.98M) | Time:00:00.04 | Mem:16.39M, Peak:16.39M | Scene, ViewLayer | Updating Lights | Computing distribution
Fra:4 Mem:63.95M (Peak 103.98M) | Time:00:00.04 | Mem:16.39M, Peak:16.39M | Scene, ViewLayer | Updating Lights | Computing tree
Fra:4 Mem:63.95M (Peak 103.98M) | Time:00:00.04 | Mem:16.39M, Peak:16.39M | Scene, ViewLayer | Updating Integrator
Fra:4 Mem:64.95M (Peak 103.98M) | Time:00:00.04 | Mem:17.39M, Peak:17.39M | Scene, ViewLayer | Updating Film
Fra:4 Mem:64.95M (Peak 103.98M) | Time:00:00.04 | Mem:17.31M, Peak:17.39M | Scene, ViewLayer | Updating Lookup Tables
Fra:4 Mem:64.95M (Peak 103.98M) | Time:00:00.04 | Mem:17.40M, Peak:17.40M | Scene, ViewLayer | Updating Baking
Fra:4 Mem:64.95M (Peak 103.98M) | Time:00:00.04 | Mem:17.40M, Peak:17.40M | Scene, ViewLayer | Updating Device | Writing constant memory
Fra:4 Mem:64.96M (Peak 103.98M) | Time:00:00.04 | Mem:17.40M, Peak:17.40M | Scene, ViewLayer | Sample 0/32
Fra:4 Mem:83.97M (Peak 103.98M) | Time:00:00.05 | Remaining:00:00.52 | Mem:36.40M, Peak:36.40M | Scene, ViewLayer | Sample 1/32
Fra:4 Mem:91.97M (Peak 103.98M) | Time:00:01.84 | Mem:36.40M, Peak:36.40M | Scene, ViewLayer | Sample 32/32
Fra:4 Mem:91.97M (Peak 103.98M) | Time:00:01.84 | Mem:36.40M, Peak:36.40M | Scene, ViewLayer | Finished
Fra:4 Mem:50.22M (Peak 103.98M) | Time:00:01.84 | Compositing
Fra:4 Mem:50.22M (Peak 103.98M) | Time:00:01.84 | Compositing | Determining resolution
Fra:4 Mem:50.22M (Peak 103.98M) | Time:00:01.84 | Compositing | Initializing execution
Fra:4 Mem:50.22M (Peak 103.98M) | Time:00:01.84 | Compositing | De-initializing execution
Saved: '/vepfs_default/chanxueyan/lhp/lms/aDSL/temp/geometry_expression_20260929/B/SF21/views/render_0004.png'
Time: 00:01.91 (Saving: 00:00.07)

Fra:5 Mem:50.33M (Peak 103.98M) | Time:00:00.01 | Mem:0.00M, Peak:0.00M | Scene, ViewLayer | Synchronizing object | geometry_0_mesh
Fra:5 Mem:50.33M (Peak 103.98M) | Time:00:00.01 | Mem:0.00M, Peak:0.00M | Scene, ViewLayer | Synchronizing object | geometry_0_cylinder.018
Fra:5 Mem:50.41M (Peak 103.98M) | Time:00:00.01 | Mem:0.00M, Peak:0.00M | Scene, ViewLayer | Synchronizing object | geometry_0_mesh.003
Fra:5 Mem:50.46M (Peak 103.98M) | Time:00:00.01 | Mem:0.00M, Peak:0.00M | Scene, ViewLayer | Synchronizing object | geometry_0_mesh.002
Fra:5 Mem:50.53M (Peak 103.98M) | Time:00:00.01 | Mem:0.00M, Peak:0.00M | Scene, ViewLayer | Synchronizing object | geometry_0_mesh.004
Fra:5 Mem:50.63M (Peak 103.98M) | Time:00:00.01 | Mem:0.00M, Peak:0.00M | Scene, ViewLayer | Synchronizing object | geometry_0_cylinder.088
Fra:5 Mem:50.62M (Peak 103.98M) | Time:00:00.01 | Mem:0.00M, Peak:0.00M | Scene, ViewLayer | Synchronizing object | geometry_0_cylinder.020
Fra:5 Mem:50.63M (Peak 103.98M) | Time:00:00.01 | Mem:0.00M, Peak:0.00M | Scene, ViewLayer | Synchronizing object | geometry_0_cylinder.021
Fra:5 Mem:50.65M (Peak 103.98M) | Time:00:00.01 | Mem:0.00M, Peak:0.00M | Scene, ViewLayer | Synchronizing object | geometry_0_cylinder.022
Fra:5 Mem:50.65M (Peak 103.98M) | Time:00:00.01 | Mem:0.00M, Peak:0.00M | Scene, ViewLayer | Synchronizing object | geometry_0_cylinder.023
Fra:5 Mem:50.67M (Peak 103.98M) | Time:00:00.01 | Mem:0.00M, Peak:0.00M | Scene, ViewLayer | Synchronizing object | geometry_0_cylinder.024
Fra:5 Mem:50.68M (Peak 103.98M) | Time:00:00.01 | Mem:0.00M, Peak:0.00M | Scene, ViewLayer | Synchronizing object | geometry_0_cylinder.025
Fra:5 Mem:50.69M (Peak 103.98M) | Time:00:00.01 | Mem:0.00M, Peak:0.00M | Scene, ViewLayer | Synchronizing object | geometry_0_cylinder.026
Fra:5 Mem:50.70M (Peak 103.98M) | Time:00:00.01 | Mem:0.00M, Peak:0.00M | Scene, ViewLayer | Synchronizing object | geometry_0_cylinder.027
Fra:5 Mem:50.71M (Peak 103.98M) | Time:00:00.01 | Mem:0.00M, Peak:0.00M | Scene, ViewLayer | Synchronizing object | geometry_0_cylinder.028
Fra:5 Mem:50.72M (Peak 103.98M) | Time:00:00.01 | Mem:0.00M, Peak:0.00M | Scene, ViewLayer | Synchronizing object | geometry_0_cylinder.029
Fra:5 Mem:50.74M (Peak 103.98M) | Time:00:00.01 | Mem:0.00M, Peak:0.00M | Scene, ViewLayer | Synchronizing object | geometry_0_cylinder.030
Fra:5 Mem:50.75M (Peak 103.98M) | Time:00:00.01 | Mem:0.00M, Peak:0.00M | Scene, ViewLayer | Synchronizing object | geometry_0_cylinder.031
Fra:5 Mem:50.76M (Peak 103.98M) | Time:00:00.01 | Mem:0.00M, Peak:0.00M | Scene, ViewLayer | Synchronizing object | geometry_0_cylinder.032
Fra:5 Mem:50.77M (Peak 103.98M) | Time:00:00.01 | Mem:0.00M, Peak:0.00M | Scene, ViewLayer | Synchronizing object | geometry_0_cylinder.033
Fra:5 Mem:50.78M (Peak 103.98M) | Time:00:00.01 | Mem:0.00M, Peak:0.00M | Scene, ViewLayer | Synchronizing object | geometry_0_cylinder.034
Fra:5 Mem:50.79M (Peak 103.98M) | Time:00:00.01 | Mem:0.00M, Peak:0.00M | Scene, ViewLayer | Synchronizing object | geometry_0_cylinder.035
Fra:5 Mem:50.80M (Peak 103.98M) | Time:00:00.01 | Mem:0.00M, Peak:0.00M | Scene, ViewLayer | Synchronizing object | geometry_0_cylinder.036
Fra:5 Mem:50.82M (Peak 103.98M) | Time:00:00.01 | Mem:0.00M, Peak:0.00M | Scene, ViewLayer | Synchronizing object | geometry_0_cylinder.037
Fra:5 Mem:50.82M (Peak 103.98M) | Time:00:00.01 | Mem:0.00M, Peak:0.00M | Scene, ViewLayer | Synchronizing object | geometry_0_cylinder.038
Fra:5 Mem:50.84M (Peak 103.98M) | Time:00:00.01 | Mem:0.00M, Peak:0.00M | Scene, ViewLayer | Synchronizing object | geometry_0_cylinder.039
Fra:5 Mem:50.85M (Peak 103.98M) | Time:00:00.01 | Mem:0.00M, Peak:0.00M | Scene, ViewLayer | Synchronizing object | geometry_0_cylinder.040
Fra:5 Mem:50.85M (Peak 103.98M) | Time:00:00.01 | Mem:0.00M, Peak:0.00M | Scene, ViewLayer | Synchronizing object | geometry_0_cylinder.041
Fra:5 Mem:50.87M (Peak 103.98M) | Time:00:00.01 | Mem:0.00M, Peak:0.00M | Scene, ViewLayer | Synchronizing object | geometry_0_cylinder.042
Fra:5 Mem:50.89M (Peak 103.98M) | Time:00:00.01 | Mem:0.00M, Peak:0.00M | Scene, ViewLayer | Synchronizing object | geometry_0_cylinder.043
Fra:5 Mem:50.89M (Peak 103.98M) | Time:00:00.01 | Mem:0.00M, Peak:0.00M | Scene, ViewLayer | Synchronizing object | geometry_0_cylinder.044
Fra:5 Mem:50.91M (Peak 103.98M) | Time:00:00.01 | Mem:0.00M, Peak:0.00M | Scene, ViewLayer | Synchronizing object | geometry_0_cylinder.045
Fra:5 Mem:50.91M (Peak 103.98M) | Time:00:00.01 | Mem:0.00M, Peak:0.00M | Scene, ViewLayer | Synchronizing object | geometry_0_cylinder.046
Fra:5 Mem:50.93M (Peak 103.98M) | Time:00:00.01 | Mem:0.00M, Peak:0.00M | Scene, ViewLayer | Synchronizing object | geometry_0_cylinder.047
Fra:5 Mem:50.94M (Peak 103.98M) | Time:00:00.01 | Mem:0.00M, Peak:0.00M | Scene, ViewLayer | Synchronizing object | geometry_0_cylinder.048
Fra:5 Mem:50.95M (Peak 103.98M) | Time:00:00.01 | Mem:0.00M, Peak:0.00M | Scene, ViewLayer | Synchronizing object | geometry_0_cylinder.049
Fra:5 Mem:50.96M (Peak 103.98M) | Time:00:00.01 | Mem:0.00M, Peak:0.00M | Scene, ViewLayer | Synchronizing object | geometry_0_cylinder.050
Fra:5 Mem:50.97M (Peak 103.98M) | Time:00:00.01 | Mem:0.00M, Peak:0.00M | Scene, ViewLayer | Synchronizing object | geometry_0_cylinder.051
Fra:5 Mem:50.99M (Peak 103.98M) | Time:00:00.01 | Mem:0.00M, Peak:0.00M | Scene, ViewLayer | Synchronizing object | geometry_0_cylinder.052
Fra:5 Mem:51.00M (Peak 103.98M) | Time:00:00.01 | Mem:0.00M, Peak:0.00M | Scene, ViewLayer | Synchronizing object | geometry_0_cylinder.053
Fra:5 Mem:51.01M (Peak 103.98M) | Time:00:00.01 | Mem:0.00M, Peak:0.00M | Scene, ViewLayer | Synchronizing object | geometry_0_sphere.019
Fra:5 Mem:51.05M (Peak 103.98M) | Time:00:00.01 | Mem:0.00M, Peak:0.00M | Scene, ViewLayer | Synchronizing object | geometry_0_sphere.020
Fra:5 Mem:51.25M (Peak 103.98M) | Time:00:00.01 | Mem:0.00M, Peak:0.00M | Scene, ViewLayer | Synchronizing object | geometry_0_sphere.006
Fra:5 Mem:51.27M (Peak 103.98M) | Time:00:00.01 | Mem:0.00M, Peak:0.00M | Scene, ViewLayer | Synchronizing object | geometry_0_sphere.022
Fra:5 Mem:51.57M (Peak 103.98M) | Time:00:00.01 | Mem:0.00M, Peak:0.00M | Scene, ViewLayer | Synchronizing object | geometry_0_sphere.005
Fra:5 Mem:51.65M (Peak 103.98M) | Time:00:00.01 | Mem:0.00M, Peak:0.00M | Scene, ViewLayer | Synchronizing object | geometry_0_sphere.023
Fra:5 Mem:51.79M (Peak 103.98M) | Time:00:00.01 | Mem:0.00M, Peak:0.00M | Scene, ViewLayer | Synchronizing object | geometry_0_sphere.024
Fra:5 Mem:51.83M (Peak 103.98M) | Time:00:00.01 | Mem:0.00M, Peak:0.00M | Scene, ViewLayer | Synchronizing object | geometry_0_sphere.004
Fra:5 Mem:51.94M (Peak 103.98M) | Time:00:00.01 | Mem:0.00M, Peak:0.00M | Scene, ViewLayer | Synchronizing object | geometry_0_sphere.025
Fra:5 Mem:52.11M (Peak 103.98M) | Time:00:00.01 | Mem:0.00M, Peak:0.00M | Scene, ViewLayer | Synchronizing object | geometry_0_sphere.003
Fra:5 Mem:52.15M (Peak 103.98M) | Time:00:00.01 | Mem:0.00M, Peak:0.00M | Scene, ViewLayer | Synchronizing object | geometry_0_sphere.026
Fra:5 Mem:52.29M (Peak 103.98M) | Time:00:00.01 | Mem:0.00M, Peak:0.00M | Scene, ViewLayer | Synchronizing object | geometry_0_sphere.027
Fra:5 Mem:52.33M (Peak 103.98M) | Time:00:00.01 | Mem:0.00M, Peak:0.00M | Scene, ViewLayer | Synchronizing object | geometry_0_sphere.002
Fra:5 Mem:52.53M (Peak 103.98M) | Time:00:00.01 | Mem:0.00M, Peak:0.00M | Scene, ViewLayer | Synchronizing object | geometry_0_sphere.028
Fra:5 Mem:52.55M (Peak 103.98M) | Time:00:00.01 | Mem:0.00M, Peak:0.00M | Scene, ViewLayer | Synchronizing object | geometry_0_sphere.001
Fra:5 Mem:52.88M (Peak 103.98M) | Time:00:00.01 | Mem:0.00M, Peak:0.00M | Scene, ViewLayer | Synchronizing object | geometry_0_cylinder.005
Fra:5 Mem:52.83M (Peak 103.98M) | Time:00:00.01 | Mem:0.00M, Peak:0.00M | Scene, ViewLayer | Synchronizing object | geometry_0_cylinder.004
Fra:5 Mem:52.84M (Peak 103.98M) | Time:00:00.01 | Mem:0.00M, Peak:0.00M | Scene, ViewLayer | Synchronizing object | geometry_0_sphere.031
Fra:5 Mem:52.92M (Peak 103.98M) | Time:00:00.01 | Mem:0.00M, Peak:0.00M | Scene, ViewLayer | Synchronizing object | geometry_0_cylinder.003
Fra:5 Mem:53.04M (Peak 103.98M) | Time:00:00.01 | Mem:0.00M, Peak:0.00M | Scene, ViewLayer | Synchronizing object | geometry_0_cylinder.002
Fra:5 Mem:53.11M (Peak 103.98M) | Time:00:00.01 | Mem:0.00M, Peak:0.00M | Scene, ViewLayer | Synchronizing object | geometry_0_cylinder.001
Fra:5 Mem:53.15M (Peak 103.98M) | Time:00:00.01 | Mem:0.00M, Peak:0.00M | Scene, ViewLayer | Synchronizing object | geometry_0_cylinder
Fra:5 Mem:53.13M (Peak 103.98M) | Time:00:00.01 | Mem:0.00M, Peak:0.00M | Scene, ViewLayer | Synchronizing object | geometry_0_sphere.032
Fra:5 Mem:53.14M (Peak 103.98M) | Time:00:00.01 | Mem:0.00M, Peak:0.00M | Scene, ViewLayer | Synchronizing object | geometry_0_sphere.018
Fra:5 Mem:53.25M (Peak 103.98M) | Time:00:00.01 | Mem:0.00M, Peak:0.00M | Scene, ViewLayer | Synchronizing object | geometry_0_sphere.033
Fra:5 Mem:53.45M (Peak 103.98M) | Time:00:00.01 | Mem:0.00M, Peak:0.00M | Scene, ViewLayer | Synchronizing object | geometry_0_sphere.017
Fra:5 Mem:53.49M (Peak 103.98M) | Time:00:00.01 | Mem:0.00M, Peak:0.00M | Scene, ViewLayer | Synchronizing object | geometry_0_sphere.034
Fra:5 Mem:53.66M (Peak 103.98M) | Time:00:00.01 | Mem:0.00M, Peak:0.00M | Scene, ViewLayer | Synchronizing object | geometry_0_sphere.035
Fra:5 Mem:53.71M (Peak 103.98M) | Time:00:00.01 | Mem:0.00M, Peak:0.00M | Scene, ViewLayer | Synchronizing object | geometry_0_sphere.016
Fra:5 Mem:53.84M (Peak 103.98M) | Time:00:00.01 | Mem:0.00M, Peak:0.00M | Scene, ViewLayer | Synchronizing object | geometry_0_sphere.036
Fra:5 Mem:53.95M (Peak 103.98M) | Time:00:00.01 | Mem:0.00M, Peak:0.00M | Scene, ViewLayer | Synchronizing object | geometry_0_sphere.015
Fra:5 Mem:54.03M (Peak 103.98M) | Time:00:00.01 | Mem:0.00M, Peak:0.00M | Scene, ViewLayer | Synchronizing object | geometry_0_sphere.037
Fra:5 Mem:54.16M (Peak 103.98M) | Time:00:00.01 | Mem:0.00M, Peak:0.00M | Scene, ViewLayer | Synchronizing object | geometry_0_sphere.038
Fra:5 Mem:54.21M (Peak 103.98M) | Time:00:00.01 | Mem:0.00M, Peak:0.00M | Scene, ViewLayer | Synchronizing object | geometry_0_sphere.014
Fra:5 Mem:54.43M (Peak 103.98M) | Time:00:00.01 | Mem:0.00M, Peak:0.00M | Scene, ViewLayer | Synchronizing object | geometry_0_sphere.039
Fra:5 Mem:54.42M (Peak 103.98M) | Time:00:00.01 | Mem:0.00M, Peak:0.00M | Scene, ViewLayer | Synchronizing object | geometry_0_sphere.013
Fra:5 Mem:54.53M (Peak 103.98M) | Time:00:00.01 | Mem:0.00M, Peak:0.00M | Scene, ViewLayer | Synchronizing object | geometry_0_sphere.040
Fra:5 Mem:54.72M (Peak 103.98M) | Time:00:00.01 | Mem:0.00M, Peak:0.00M | Scene, ViewLayer | Synchronizing object | geometry_0_cylinder.017
Fra:5 Mem:54.73M (Peak 103.98M) | Time:00:00.01 | Mem:0.00M, Peak:0.00M | Scene, ViewLayer | Synchronizing object | geometry_0_cylinder.016
Fra:5 Mem:54.75M (Peak 103.98M) | Time:00:00.01 | Mem:0.00M, Peak:0.00M | Scene, ViewLayer | Synchronizing object | geometry_0_sphere.041
Fra:5 Mem:54.76M (Peak 103.98M) | Time:00:00.01 | Mem:0.00M, Peak:0.00M | Scene, ViewLayer | Synchronizing object | geometry_0_sphere.042
Fra:5 Mem:54.85M (Peak 103.98M) | Time:00:00.01 | Mem:0.00M, Peak:0.00M | Scene, ViewLayer | Synchronizing object | geometry_0_cylinder.014
Fra:5 Mem:54.92M (Peak 103.98M) | Time:00:00.01 | Mem:0.00M, Peak:0.00M | Scene, ViewLayer | Synchronizing object | geometry_0_cylinder.013
Fra:5 Mem:54.99M (Peak 103.98M) | Time:00:00.01 | Mem:0.00M, Peak:0.00M | Scene, ViewLayer | Synchronizing object | geometry_0_cylinder.012
Fra:5 Mem:55.03M (Peak 103.98M) | Time:00:00.01 | Mem:0.00M, Peak:0.00M | Scene, ViewLayer | Synchronizing object | geometry_0_sphere.012
Fra:5 Mem:55.08M (Peak 103.98M) | Time:00:00.01 | Mem:0.00M, Peak:0.00M | Scene, ViewLayer | Synchronizing object | geometry_0_sphere.043
Fra:5 Mem:55.15M (Peak 103.98M) | Time:00:00.01 | Mem:0.00M, Peak:0.00M | Scene, ViewLayer | Synchronizing object | geometry_0_sphere.044
Fra:5 Mem:55.23M (Peak 103.98M) | Time:00:00.01 | Mem:0.00M, Peak:0.00M | Scene, ViewLayer | Synchronizing object | geometry_0_sphere.011
Fra:5 Mem:55.40M (Peak 103.98M) | Time:00:00.01 | Mem:0.00M, Peak:0.00M | Scene, ViewLayer | Synchronizing object | geometry_0_sphere.010
Fra:5 Mem:55.47M (Peak 103.98M) | Time:00:00.01 | Mem:0.00M, Peak:0.00M | Scene, ViewLayer | Synchronizing object | geometry_0_sphere.046
Fra:5 Mem:55.69M (Peak 103.98M) | Time:00:00.01 | Mem:0.00M, Peak:0.00M | Scene, ViewLayer | Synchronizing object | geometry_0_sphere.009
Fra:5 Mem:55.85M (Peak 103.98M) | Time:00:00.01 | Mem:0.00M, Peak:0.00M | Scene, ViewLayer | Synchronizing object | geometry_0_sphere.047
Fra:5 Mem:55.90M (Peak 103.98M) | Time:00:00.01 | Mem:0.00M, Peak:0.00M | Scene, ViewLayer | Synchronizing object | geometry_0_sphere.008
Fra:5 Mem:55.97M (Peak 103.98M) | Time:00:00.01 | Mem:0.00M, Peak:0.00M | Scene, ViewLayer | Synchronizing object | geometry_0_sphere.048
Fra:5 Mem:56.17M (Peak 103.98M) | Time:00:00.01 | Mem:0.00M, Peak:0.00M | Scene, ViewLayer | Synchronizing object | geometry_0_sphere.007
Fra:5 Mem:56.22M (Peak 103.98M) | Time:00:00.01 | Mem:0.00M, Peak:0.00M | Scene, ViewLayer | Synchronizing object | geometry_0_sphere.049
Fra:5 Mem:56.38M (Peak 103.98M) | Time:00:00.01 | Mem:0.00M, Peak:0.00M | Scene, ViewLayer | Synchronizing object | geometry_0_sphere.050
Fra:5 Mem:56.43M (Peak 103.98M) | Time:00:00.01 | Mem:0.00M, Peak:0.00M | Scene, ViewLayer | Synchronizing object | geometry_0_cylinder.011
Fra:5 Mem:56.44M (Peak 103.98M) | Time:00:00.01 | Mem:0.00M, Peak:0.00M | Scene, ViewLayer | Synchronizing object | geometry_0_sphere.051
Fra:5 Mem:56.52M (Peak 103.98M) | Time:00:00.01 | Mem:0.00M, Peak:0.00M | Scene, ViewLayer | Synchronizing object | geometry_0_cylinder.010
Fra:5 Mem:56.59M (Peak 103.98M) | Time:00:00.01 | Mem:0.00M, Peak:0.00M | Scene, ViewLayer | Synchronizing object | geometry_0_cylinder.009
Fra:5 Mem:56.66M (Peak 103.98M) | Time:00:00.01 | Mem:0.00M, Peak:0.00M | Scene, ViewLayer | Synchronizing object | geometry_0_cylinder.008
Fra:5 Mem:56.64M (Peak 103.98M) | Time:00:00.01 | Mem:0.00M, Peak:0.00M | Scene, ViewLayer | Synchronizing object | geometry_0_cylinder.054
Fra:5 Mem:56.62M (Peak 103.98M) | Time:00:00.01 | Mem:0.00M, Peak:0.00M | Scene, ViewLayer | Synchronizing object | geometry_0_cylinder.055
Fra:5 Mem:56.63M (Peak 103.98M) | Time:00:00.01 | Mem:0.00M, Peak:0.00M | Scene, ViewLayer | Synchronizing object | geometry_0_cylinder.056
Fra:5 Mem:56.64M (Peak 103.98M) | Time:00:00.01 | Mem:0.00M, Peak:0.00M | Scene, ViewLayer | Synchronizing object | geometry_0_cylinder.006
Fra:5 Mem:56.67M (Peak 103.98M) | Time:00:00.01 | Mem:0.00M, Peak:0.00M | Scene, ViewLayer | Synchronizing object | geometry_0_cylinder.057
Fra:5 Mem:56.67M (Peak 103.98M) | Time:00:00.01 | Mem:0.00M, Peak:0.00M | Scene, ViewLayer | Synchronizing object | geometry_0_cylinder.093
Fra:5 Mem:56.69M (Peak 103.98M) | Time:00:00.01 | Mem:0.00M, Peak:0.00M | Scene, ViewLayer | Synchronizing object | geometry_0_cylinder.059
Fra:5 Mem:56.70M (Peak 103.98M) | Time:00:00.01 | Mem:0.00M, Peak:0.00M | Scene, ViewLayer | Synchronizing object | geometry_0_cylinder.060
Fra:5 Mem:56.70M (Peak 103.98M) | Time:00:00.01 | Mem:0.00M, Peak:0.00M | Scene, ViewLayer | Synchronizing object | geometry_0_cylinder.095
Fra:5 Mem:56.71M (Peak 103.98M) | Time:00:00.01 | Mem:0.00M, Peak:0.00M | Scene, ViewLayer | Synchronizing object | geometry_0_cylinder.061
Fra:5 Mem:56.73M (Peak 103.98M) | Time:00:00.01 | Mem:0.00M, Peak:0.00M | Scene, ViewLayer | Synchronizing object | geometry_0_cylinder.062
Fra:5 Mem:56.74M (Peak 103.98M) | Time:00:00.01 | Mem:0.00M, Peak:0.00M | Scene, ViewLayer | Synchronizing object | geometry_0_cylinder.063
Fra:5 Mem:56.75M (Peak 103.98M) | Time:00:00.01 | Mem:0.00M, Peak:0.00M | Scene, ViewLayer | Synchronizing object | geometry_0_cylinder.094
Fra:5 Mem:56.77M (Peak 103.98M) | Time:00:00.01 | Mem:0.00M, Peak:0.00M | Scene, ViewLayer | Synchronizing object | geometry_0_cylinder.064
Fra:5 Mem:56.78M (Peak 103.98M) | Time:00:00.01 | Mem:0.00M, Peak:0.00M | Scene, ViewLayer | Synchronizing object | geometry_0_cylinder.092
Fra:5 Mem:56.80M (Peak 103.98M) | Time:00:00.01 | Mem:0.00M, Peak:0.00M | Scene, ViewLayer | Synchronizing object | geometry_0_cylinder.067
Fra:5 Mem:56.82M (Peak 103.98M) | Time:00:00.01 | Mem:0.00M, Peak:0.00M | Scene, ViewLayer | Synchronizing object | geometry_0_cylinder.091
Fra:5 Mem:56.82M (Peak 103.98M) | Time:00:00.01 | Mem:0.00M, Peak:0.00M | Scene, ViewLayer | Synchronizing object | geometry_0_cylinder.068
Fra:5 Mem:56.84M (Peak 103.98M) | Time:00:00.01 | Mem:0.00M, Peak:0.00M | Scene, ViewLayer | Synchronizing object | geometry_0_cylinder.069
Fra:5 Mem:56.86M (Peak 103.98M) | Time:00:00.01 | Mem:0.00M, Peak:0.00M | Scene, ViewLayer | Synchronizing object | geometry_0_cylinder.070
Fra:5 Mem:56.91M (Peak 103.98M) | Time:00:00.01 | Mem:0.00M, Peak:0.00M | Scene, ViewLayer | Synchronizing object | geometry_0_cylinder.071
Fra:5 Mem:56.91M (Peak 103.98M) | Time:00:00.01 | Mem:0.00M, Peak:0.00M | Scene, ViewLayer | Synchronizing object | geometry_0_cylinder.090
Fra:5 Mem:56.95M (Peak 103.98M) | Time:00:00.01 | Mem:0.00M, Peak:0.00M | Scene, ViewLayer | Synchronizing object | geometry_0_cylinder.073
Fra:5 Mem:56.95M (Peak 103.98M) | Time:00:00.01 | Mem:0.00M, Peak:0.00M | Scene, ViewLayer | Synchronizing object | geometry_0_cylinder.074
Fra:5 Mem:56.97M (Peak 103.98M) | Time:00:00.01 | Mem:0.00M, Peak:0.00M | Scene, ViewLayer | Synchronizing object | geometry_0_cylinder.075
Fra:5 Mem:56.98M (Peak 103.98M) | Time:00:00.01 | Mem:0.00M, Peak:0.00M | Scene, ViewLayer | Synchronizing object | geometry_0_cylinder.089
Fra:5 Mem:56.99M (Peak 103.98M) | Time:00:00.01 | Mem:0.00M, Peak:0.00M | Scene, ViewLayer | Synchronizing object | geometry_0_cylinder.076
Fra:5 Mem:57.00M (Peak 103.98M) | Time:00:00.01 | Mem:0.00M, Peak:0.00M | Scene, ViewLayer | Synchronizing object | geometry_0_cylinder.077
Fra:5 Mem:57.01M (Peak 103.98M) | Time:00:00.01 | Mem:0.00M, Peak:0.00M | Scene, ViewLayer | Synchronizing object | geometry_0_cylinder.078
Fra:5 Mem:57.02M (Peak 103.98M) | Time:00:00.01 | Mem:0.00M, Peak:0.00M | Scene, ViewLayer | Synchronizing object | geometry_0_sphere
Fra:5 Mem:57.03M (Peak 103.98M) | Time:00:00.01 | Mem:0.00M, Peak:0.00M | Scene, ViewLayer | Synchronizing object | geometry_0_cylinder.079
Fra:5 Mem:57.11M (Peak 103.98M) | Time:00:00.01 | Mem:0.00M, Peak:0.00M | Scene, ViewLayer | Synchronizing object | geometry_0_cylinder.080
Fra:5 Mem:57.16M (Peak 103.98M) | Time:00:00.01 | Mem:0.00M, Peak:0.00M | Scene, ViewLayer | Synchronizing object | geometry_0_cylinder.081
Fra:5 Mem:57.20M (Peak 103.98M) | Time:00:00.01 | Mem:0.00M, Peak:0.00M | Scene, ViewLayer | Synchronizing object | geometry_0_cylinder.082
Fra:5 Mem:57.18M (Peak 103.98M) | Time:00:00.01 | Mem:0.00M, Peak:0.00M | Scene, ViewLayer | Synchronizing object | geometry_0_sphere.083
Fra:5 Mem:57.22M (Peak 103.98M) | Time:00:00.01 | Mem:0.00M, Peak:0.00M | Scene, ViewLayer | Synchronizing object | geometry_0_cylinder.084
Fra:5 Mem:57.31M (Peak 103.98M) | Time:00:00.01 | Mem:0.00M, Peak:0.00M | Scene, ViewLayer | Synchronizing object | geometry_0_cylinder.085
Fra:5 Mem:57.35M (Peak 103.98M) | Time:00:00.01 | Mem:0.00M, Peak:0.00M | Scene, ViewLayer | Synchronizing object | geometry_0_cylinder.086
Fra:5 Mem:57.32M (Peak 103.98M) | Time:00:00.01 | Mem:0.00M, Peak:0.00M | Scene, ViewLayer | Synchronizing object | geometry_0_sphere.082
Fra:5 Mem:57.42M (Peak 103.98M) | Time:00:00.01 | Mem:0.00M, Peak:0.00M | Scene, ViewLayer | Synchronizing object | geometry_0_sphere.052
Fra:5 Mem:57.49M (Peak 103.98M) | Time:00:00.01 | Mem:0.00M, Peak:0.00M | Scene, ViewLayer | Synchronizing object | geometry_0_sphere.053
Fra:5 Mem:57.63M (Peak 103.98M) | Time:00:00.01 | Mem:0.00M, Peak:0.00M | Scene, ViewLayer | Synchronizing object | geometry_0_sphere.081
Fra:5 Mem:57.80M (Peak 103.98M) | Time:00:00.01 | Mem:0.00M, Peak:0.00M | Scene, ViewLayer | Synchronizing object | geometry_0_sphere.054
Fra:5 Mem:57.84M (Peak 103.98M) | Time:00:00.01 | Mem:0.00M, Peak:0.00M | Scene, ViewLayer | Synchronizing object | geometry_0_sphere.055
Fra:5 Mem:57.92M (Peak 103.98M) | Time:00:00.01 | Mem:0.00M, Peak:0.00M | Scene, ViewLayer | Synchronizing object | geometry_0_sphere.080
Fra:5 Mem:58.09M (Peak 103.98M) | Time:00:00.01 | Mem:0.00M, Peak:0.00M | Scene, ViewLayer | Synchronizing object | geometry_0_sphere.056
Fra:5 Mem:58.22M (Peak 103.98M) | Time:00:00.01 | Mem:0.00M, Peak:0.00M | Scene, ViewLayer | Synchronizing object | geometry_0_sphere.079
Fra:5 Mem:58.30M (Peak 103.98M) | Time:00:00.01 | Mem:0.00M, Peak:0.00M | Scene, ViewLayer | Synchronizing object | geometry_0_sphere.057
Fra:5 Mem:58.38M (Peak 103.98M) | Time:00:00.01 | Mem:0.00M, Peak:0.00M | Scene, ViewLayer | Synchronizing object | geometry_0_sphere.058
Fra:5 Mem:58.42M (Peak 103.98M) | Time:00:00.01 | Mem:0.00M, Peak:0.00M | Scene, ViewLayer | Synchronizing object | geometry_0_sphere.078
Fra:5 Mem:58.68M (Peak 103.98M) | Time:00:00.01 | Mem:0.00M, Peak:0.00M | Scene, ViewLayer | Synchronizing object | geometry_0_sphere.059
Fra:5 Mem:58.70M (Peak 103.98M) | Time:00:00.01 | Mem:0.00M, Peak:0.00M | Scene, ViewLayer | Synchronizing object | geometry_0_sphere.077
Fra:5 Mem:58.74M (Peak 103.98M) | Time:00:00.01 | Mem:0.00M, Peak:0.00M | Scene, ViewLayer | Synchronizing object | geometry_0_sphere.060
Fra:5 Mem:58.97M (Peak 103.98M) | Time:00:00.01 | Mem:0.00M, Peak:0.00M | Scene, ViewLayer | Synchronizing object | geometry_0_sphere.061
Fra:5 Mem:58.98M (Peak 103.98M) | Time:00:00.01 | Mem:0.00M, Peak:0.00M | Scene, ViewLayer | Synchronizing object | geometry_0_sphere.076
Fra:5 Mem:59.21M (Peak 103.98M) | Time:00:00.01 | Mem:0.00M, Peak:0.00M | Scene, ViewLayer | Synchronizing object | geometry_0_sphere.062
Fra:5 Mem:59.20M (Peak 103.98M) | Time:00:00.01 | Mem:0.00M, Peak:0.00M | Scene, ViewLayer | Synchronizing object | geometry_0_sphere.075
Fra:5 Mem:59.53M (Peak 103.98M) | Time:00:00.01 | Mem:0.00M, Peak:0.00M | Scene, ViewLayer | Synchronizing object | geometry_0_sphere.064
Fra:5 Mem:59.55M (Peak 103.98M) | Time:00:00.01 | Mem:0.00M, Peak:0.00M | Scene, ViewLayer | Synchronizing object | geometry_0_sphere.074
Fra:5 Mem:59.58M (Peak 103.98M) | Time:00:00.01 | Mem:0.00M, Peak:0.00M | Scene, ViewLayer | Synchronizing object | geometry_0_sphere.065
Fra:5 Mem:59.79M (Peak 103.98M) | Time:00:00.01 | Mem:0.00M, Peak:0.00M | Scene, ViewLayer | Synchronizing object | geometry_0_sphere.066
Fra:5 Mem:59.84M (Peak 103.98M) | Time:00:00.01 | Mem:0.00M, Peak:0.00M | Scene, ViewLayer | Synchronizing object | geometry_0_sphere.073
Fra:5 Mem:60.03M (Peak 103.98M) | Time:00:00.01 | Mem:0.00M, Peak:0.00M | Scene, ViewLayer | Synchronizing object | geometry_0_sphere.067
Fra:5 Mem:60.00M (Peak 103.98M) | Time:00:00.01 | Mem:0.00M, Peak:0.00M | Scene, ViewLayer | Synchronizing object | geometry_0_sphere.072
Fra:5 Mem:60.35M (Peak 103.98M) | Time:00:00.01 | Mem:0.00M, Peak:0.00M | Scene, ViewLayer | Synchronizing object | geometry_0_sphere.069
Fra:5 Mem:60.37M (Peak 103.98M) | Time:00:00.01 | Mem:0.00M, Peak:0.00M | Scene, ViewLayer | Synchronizing object | geometry_0_sphere.071
Fra:5 Mem:60.56M (Peak 103.98M) | Time:00:00.01 | Mem:0.00M, Peak:0.00M | Scene, ViewLayer | Synchronizing object | geometry_0_sphere.070
Fra:5 Mem:60.64M (Peak 103.98M) | Time:00:00.01 | Mem:0.00M, Peak:0.00M | Scene, ViewLayer | Initializing
Fra:5 Mem:52.51M (Peak 103.98M) | Time:00:00.02 | Mem:0.00M, Peak:0.00M | Scene, ViewLayer | Waiting for render to start
Fra:5 Mem:52.51M (Peak 103.98M) | Time:00:00.02 | Mem:0.00M, Peak:0.00M | Scene, ViewLayer | Loading render kernels (may take a few minutes the first time)
Fra:5 Mem:52.51M (Peak 103.98M) | Time:00:00.02 | Mem:0.00M, Peak:0.00M | Scene, ViewLayer | Updating Scene
Fra:5 Mem:52.51M (Peak 103.98M) | Time:00:00.02 | Mem:0.00M, Peak:0.00M | Scene, ViewLayer | Updating Shaders
Fra:5 Mem:52.59M (Peak 103.98M) | Time:00:00.02 | Mem:0.00M, Peak:0.00M | Scene, ViewLayer | Updating Procedurals
Fra:5 Mem:52.59M (Peak 103.98M) | Time:00:00.02 | Mem:0.00M, Peak:0.00M | Scene, ViewLayer | Updating Background
Fra:5 Mem:52.59M (Peak 103.98M) | Time:00:00.02 | Mem:0.00M, Peak:0.00M | Scene, ViewLayer | Updating Camera
Fra:5 Mem:52.59M (Peak 103.98M) | Time:00:00.02 | Mem:0.00M, Peak:0.00M | Scene, ViewLayer | Updating Meshes Flags
Fra:5 Mem:52.59M (Peak 103.98M) | Time:00:00.02 | Mem:0.00M, Peak:0.00M | Scene, ViewLayer | Updating Objects
Fra:5 Mem:52.59M (Peak 103.98M) | Time:00:00.02 | Mem:0.00M, Peak:0.00M | Scene, ViewLayer | Updating Objects | Copying Transformations to device
Fra:5 Mem:52.64M (Peak 103.98M) | Time:00:00.02 | Mem:0.04M, Peak:0.04M | Scene, ViewLayer | Updating Objects | Applying Static Transformations
Fra:5 Mem:52.64M (Peak 103.98M) | Time:00:00.02 | Mem:0.04M, Peak:0.04M | Scene, ViewLayer | Updating Particle Systems
Fra:5 Mem:52.64M (Peak 103.98M) | Time:00:00.02 | Mem:0.04M, Peak:0.04M | Scene, ViewLayer | Updating Particle Systems | Copying Particles to device
Fra:5 Mem:52.64M (Peak 103.98M) | Time:00:00.02 | Mem:0.04M, Peak:0.04M | Scene, ViewLayer | Updating Meshes
Fra:5 Mem:54.10M (Peak 103.98M) | Time:00:00.02 | Mem:0.04M, Peak:0.04M | Scene, ViewLayer | Updating Mesh | Computing attributes
Fra:5 Mem:56.32M (Peak 103.98M) | Time:00:00.02 | Mem:0.06M, Peak:0.06M | Scene, ViewLayer | Updating Mesh | Copying Attributes to device
Fra:5 Mem:56.29M (Peak 103.98M) | Time:00:00.02 | Mem:2.24M, Peak:2.24M | Scene, ViewLayer | Updating Scene BVH | Building
Fra:5 Mem:56.30M (Peak 103.98M) | Time:00:00.02 | Mem:2.24M, Peak:2.24M | Scene, ViewLayer | Updating Scene BVH | Building BVH
Fra:5 Mem:56.30M (Peak 103.98M) | Time:00:00.02 | Mem:5.17M, Peak:5.17M | Scene, ViewLayer | Updating Scene BVH | Building BVH 0%
Fra:5 Mem:56.30M (Peak 103.98M) | Time:00:00.08 | Mem:8.66M, Peak:11.59M | Scene, ViewLayer | Updating Scene BVH | Copying BVH to device
Fra:5 Mem:56.30M (Peak 103.98M) | Time:00:00.08 | Mem:8.66M, Peak:11.59M | Scene, ViewLayer | Updating Mesh | Computing normals
Fra:5 Mem:63.95M (Peak 103.98M) | Time:00:00.09 | Mem:8.66M, Peak:11.59M | Scene, ViewLayer | Updating Mesh | Copying Mesh to device
Fra:5 Mem:63.95M (Peak 103.98M) | Time:00:00.09 | Mem:16.31M, Peak:16.31M | Scene, ViewLayer | Updating Objects Flags
Fra:5 Mem:63.95M (Peak 103.98M) | Time:00:00.09 | Mem:16.31M, Peak:16.31M | Scene, ViewLayer | Updating Primitive Offsets
Fra:5 Mem:63.95M (Peak 103.98M) | Time:00:00.09 | Mem:16.31M, Peak:16.31M | Scene, ViewLayer | Updating Images
Fra:5 Mem:63.95M (Peak 103.98M) | Time:00:00.09 | Mem:16.31M, Peak:16.31M | Scene, ViewLayer | Updating Camera Volume
Fra:5 Mem:63.95M (Peak 103.98M) | Time:00:00.09 | Mem:16.31M, Peak:16.31M | Scene, ViewLayer | Updating Lookup Tables
Fra:5 Mem:63.95M (Peak 103.98M) | Time:00:00.09 | Mem:16.39M, Peak:16.39M | Scene, ViewLayer | Updating Lights
Fra:5 Mem:63.95M (Peak 103.98M) | Time:00:00.09 | Mem:16.39M, Peak:16.39M | Scene, ViewLayer | Updating Lights | Computing distribution
Fra:5 Mem:63.95M (Peak 103.98M) | Time:00:00.09 | Mem:16.39M, Peak:16.39M | Scene, ViewLayer | Updating Lights | Computing tree
Fra:5 Mem:63.95M (Peak 103.98M) | Time:00:00.09 | Mem:16.39M, Peak:16.39M | Scene, ViewLayer | Updating Integrator
Fra:5 Mem:64.95M (Peak 103.98M) | Time:00:00.09 | Mem:17.39M, Peak:17.39M | Scene, ViewLayer | Updating Film
Fra:5 Mem:64.95M (Peak 103.98M) | Time:00:00.09 | Mem:17.31M, Peak:17.39M | Scene, ViewLayer | Updating Lookup Tables
Fra:5 Mem:64.95M (Peak 103.98M) | Time:00:00.09 | Mem:17.40M, Peak:17.40M | Scene, ViewLayer | Updating Baking
Fra:5 Mem:64.95M (Peak 103.98M) | Time:00:00.09 | Mem:17.40M, Peak:17.40M | Scene, ViewLayer | Updating Device | Writing constant memory
Fra:5 Mem:64.96M (Peak 103.98M) | Time:00:00.09 | Mem:17.40M, Peak:17.40M | Scene, ViewLayer | Sample 0/32
Fra:5 Mem:83.97M (Peak 103.98M) | Time:00:00.11 | Remaining:00:00.57 | Mem:36.40M, Peak:36.40M | Scene, ViewLayer | Sample 1/32
Fra:5 Mem:91.97M (Peak 103.98M) | Time:00:02.42 | Mem:36.40M, Peak:36.40M | Scene, ViewLayer | Sample 32/32
Fra:5 Mem:91.97M (Peak 103.98M) | Time:00:02.42 | Mem:36.40M, Peak:36.40M | Scene, ViewLayer | Finished
Fra:5 Mem:50.22M (Peak 103.98M) | Time:00:02.42 | Compositing
Fra:5 Mem:50.22M (Peak 103.98M) | Time:00:02.42 | Compositing | Determining resolution
Fra:5 Mem:50.22M (Peak 103.98M) | Time:00:02.42 | Compositing | Initializing execution
Fra:5 Mem:50.22M (Peak 103.98M) | Time:00:02.42 | Compositing | De-initializing execution
Saved: '/vepfs_default/chanxueyan/lhp/lms/aDSL/temp/geometry_expression_20260929/B/SF21/views/render_0005.png'
Time: 00:02.50 (Saving: 00:00.08)

Fra:6 Mem:50.33M (Peak 103.98M) | Time:00:00.01 | Mem:0.00M, Peak:0.00M | Scene, ViewLayer | Synchronizing object | geometry_0_mesh
Fra:6 Mem:50.33M (Peak 103.98M) | Time:00:00.01 | Mem:0.00M, Peak:0.00M | Scene, ViewLayer | Synchronizing object | geometry_0_cylinder.018
Fra:6 Mem:50.41M (Peak 103.98M) | Time:00:00.01 | Mem:0.00M, Peak:0.00M | Scene, ViewLayer | Synchronizing object | geometry_0_mesh.003
Fra:6 Mem:50.46M (Peak 103.98M) | Time:00:00.01 | Mem:0.00M, Peak:0.00M | Scene, ViewLayer | Synchronizing object | geometry_0_mesh.002
Fra:6 Mem:50.54M (Peak 103.98M) | Time:00:00.01 | Mem:0.00M, Peak:0.00M | Scene, ViewLayer | Synchronizing object | geometry_0_mesh.004
Fra:6 Mem:50.61M (Peak 103.98M) | Time:00:00.01 | Mem:0.00M, Peak:0.00M | Scene, ViewLayer | Synchronizing object | geometry_0_cylinder.088
Fra:6 Mem:50.62M (Peak 103.98M) | Time:00:00.01 | Mem:0.00M, Peak:0.00M | Scene, ViewLayer | Synchronizing object | geometry_0_cylinder.020
Fra:6 Mem:50.63M (Peak 103.98M) | Time:00:00.01 | Mem:0.00M, Peak:0.00M | Scene, ViewLayer | Synchronizing object | geometry_0_cylinder.021
Fra:6 Mem:50.64M (Peak 103.98M) | Time:00:00.01 | Mem:0.00M, Peak:0.00M | Scene, ViewLayer | Synchronizing object | geometry_0_cylinder.022
Fra:6 Mem:50.65M (Peak 103.98M) | Time:00:00.01 | Mem:0.00M, Peak:0.00M | Scene, ViewLayer | Synchronizing object | geometry_0_cylinder.023
Fra:6 Mem:50.67M (Peak 103.98M) | Time:00:00.01 | Mem:0.00M, Peak:0.00M | Scene, ViewLayer | Synchronizing object | geometry_0_cylinder.024
Fra:6 Mem:50.67M (Peak 103.98M) | Time:00:00.01 | Mem:0.00M, Peak:0.00M | Scene, ViewLayer | Synchronizing object | geometry_0_cylinder.025
Fra:6 Mem:50.68M (Peak 103.98M) | Time:00:00.01 | Mem:0.00M, Peak:0.00M | Scene, ViewLayer | Synchronizing object | geometry_0_cylinder.026
Fra:6 Mem:50.70M (Peak 103.98M) | Time:00:00.01 | Mem:0.00M, Peak:0.00M | Scene, ViewLayer | Synchronizing object | geometry_0_cylinder.027
Fra:6 Mem:50.71M (Peak 103.98M) | Time:00:00.01 | Mem:0.00M, Peak:0.00M | Scene, ViewLayer | Synchronizing object | geometry_0_cylinder.028
Fra:6 Mem:50.72M (Peak 103.98M) | Time:00:00.01 | Mem:0.00M, Peak:0.00M | Scene, ViewLayer | Synchronizing object | geometry_0_cylinder.029
Fra:6 Mem:50.73M (Peak 103.98M) | Time:00:00.01 | Mem:0.00M, Peak:0.00M | Scene, ViewLayer | Synchronizing object | geometry_0_cylinder.030
Fra:6 Mem:50.74M (Peak 103.98M) | Time:00:00.01 | Mem:0.00M, Peak:0.00M | Scene, ViewLayer | Synchronizing object | geometry_0_cylinder.031
Fra:6 Mem:50.76M (Peak 103.98M) | Time:00:00.01 | Mem:0.00M, Peak:0.00M | Scene, ViewLayer | Synchronizing object | geometry_0_cylinder.032
Fra:6 Mem:50.76M (Peak 103.98M) | Time:00:00.01 | Mem:0.00M, Peak:0.00M | Scene, ViewLayer | Synchronizing object | geometry_0_cylinder.033
Fra:6 Mem:50.77M (Peak 103.98M) | Time:00:00.01 | Mem:0.00M, Peak:0.00M | Scene, ViewLayer | Synchronizing object | geometry_0_cylinder.034
Fra:6 Mem:50.79M (Peak 103.98M) | Time:00:00.01 | Mem:0.00M, Peak:0.00M | Scene, ViewLayer | Synchronizing object | geometry_0_cylinder.035
Fra:6 Mem:50.80M (Peak 103.98M) | Time:00:00.01 | Mem:0.00M, Peak:0.00M | Scene, ViewLayer | Synchronizing object | geometry_0_cylinder.036
Fra:6 Mem:50.81M (Peak 103.98M) | Time:00:00.01 | Mem:0.00M, Peak:0.00M | Scene, ViewLayer | Synchronizing object | geometry_0_cylinder.037
Fra:6 Mem:50.82M (Peak 103.98M) | Time:00:00.01 | Mem:0.00M, Peak:0.00M | Scene, ViewLayer | Synchronizing object | geometry_0_cylinder.038
Fra:6 Mem:50.84M (Peak 103.98M) | Time:00:00.01 | Mem:0.00M, Peak:0.00M | Scene, ViewLayer | Synchronizing object | geometry_0_cylinder.039
Fra:6 Mem:50.84M (Peak 103.98M) | Time:00:00.01 | Mem:0.00M, Peak:0.00M | Scene, ViewLayer | Synchronizing object | geometry_0_cylinder.040
Fra:6 Mem:50.85M (Peak 103.98M) | Time:00:00.01 | Mem:0.00M, Peak:0.00M | Scene, ViewLayer | Synchronizing object | geometry_0_cylinder.041
Fra:6 Mem:50.86M (Peak 103.98M) | Time:00:00.01 | Mem:0.00M, Peak:0.00M | Scene, ViewLayer | Synchronizing object | geometry_0_cylinder.042
Fra:6 Mem:50.88M (Peak 103.98M) | Time:00:00.01 | Mem:0.00M, Peak:0.00M | Scene, ViewLayer | Synchronizing object | geometry_0_cylinder.043
Fra:6 Mem:50.89M (Peak 103.98M) | Time:00:00.01 | Mem:0.00M, Peak:0.00M | Scene, ViewLayer | Synchronizing object | geometry_0_cylinder.044
Fra:6 Mem:50.90M (Peak 103.98M) | Time:00:00.01 | Mem:0.00M, Peak:0.00M | Scene, ViewLayer | Synchronizing object | geometry_0_cylinder.045
Fra:6 Mem:50.91M (Peak 103.98M) | Time:00:00.01 | Mem:0.00M, Peak:0.00M | Scene, ViewLayer | Synchronizing object | geometry_0_cylinder.046
Fra:6 Mem:50.92M (Peak 103.98M) | Time:00:00.01 | Mem:0.00M, Peak:0.00M | Scene, ViewLayer | Synchronizing object | geometry_0_cylinder.047
Fra:6 Mem:50.93M (Peak 103.98M) | Time:00:00.01 | Mem:0.00M, Peak:0.00M | Scene, ViewLayer | Synchronizing object | geometry_0_cylinder.048
Fra:6 Mem:50.94M (Peak 103.98M) | Time:00:00.01 | Mem:0.00M, Peak:0.00M | Scene, ViewLayer | Synchronizing object | geometry_0_cylinder.049
Fra:6 Mem:50.95M (Peak 103.98M) | Time:00:00.01 | Mem:0.00M, Peak:0.00M | Scene, ViewLayer | Synchronizing object | geometry_0_cylinder.050
Fra:6 Mem:50.96M (Peak 103.98M) | Time:00:00.01 | Mem:0.00M, Peak:0.00M | Scene, ViewLayer | Synchronizing object | geometry_0_cylinder.051
Fra:6 Mem:50.97M (Peak 103.98M) | Time:00:00.01 | Mem:0.00M, Peak:0.00M | Scene, ViewLayer | Synchronizing object | geometry_0_cylinder.052
Fra:6 Mem:50.99M (Peak 103.98M) | Time:00:00.01 | Mem:0.00M, Peak:0.00M | Scene, ViewLayer | Synchronizing object | geometry_0_cylinder.053
Fra:6 Mem:51.00M (Peak 103.98M) | Time:00:00.01 | Mem:0.00M, Peak:0.00M | Scene, ViewLayer | Synchronizing object | geometry_0_sphere.019
Fra:6 Mem:51.05M (Peak 103.98M) | Time:00:00.01 | Mem:0.00M, Peak:0.00M | Scene, ViewLayer | Synchronizing object | geometry_0_sphere.020
Fra:6 Mem:51.24M (Peak 103.98M) | Time:00:00.01 | Mem:0.00M, Peak:0.00M | Scene, ViewLayer | Synchronizing object | geometry_0_sphere.021
Fra:6 Mem:51.29M (Peak 103.98M) | Time:00:00.01 | Mem:0.00M, Peak:0.00M | Scene, ViewLayer | Synchronizing object | geometry_0_sphere.022
Fra:6 Mem:51.46M (Peak 103.98M) | Time:00:00.01 | Mem:0.00M, Peak:0.00M | Scene, ViewLayer | Synchronizing object | geometry_0_sphere.023
Fra:6 Mem:51.51M (Peak 103.98M) | Time:00:00.01 | Mem:0.00M, Peak:0.00M | Scene, ViewLayer | Synchronizing object | geometry_0_sphere.024
Fra:6 Mem:51.64M (Peak 103.98M) | Time:00:00.01 | Mem:0.00M, Peak:0.00M | Scene, ViewLayer | Synchronizing object | geometry_0_sphere.025
Fra:6 Mem:51.75M (Peak 103.98M) | Time:00:00.01 | Mem:0.00M, Peak:0.00M | Scene, ViewLayer | Synchronizing object | geometry_0_sphere.026
Fra:6 Mem:51.86M (Peak 103.98M) | Time:00:00.01 | Mem:0.00M, Peak:0.00M | Scene, ViewLayer | Synchronizing object | geometry_0_sphere.027
Fra:6 Mem:51.97M (Peak 103.98M) | Time:00:00.01 | Mem:0.00M, Peak:0.00M | Scene, ViewLayer | Synchronizing object | geometry_0_sphere.028
Fra:6 Mem:52.07M (Peak 103.98M) | Time:00:00.01 | Mem:0.00M, Peak:0.00M | Scene, ViewLayer | Synchronizing object | geometry_0_sphere.029
Fra:6 Mem:52.18M (Peak 103.98M) | Time:00:00.01 | Mem:0.00M, Peak:0.00M | Scene, ViewLayer | Synchronizing object | geometry_0_sphere.030
Fra:6 Mem:52.26M (Peak 103.98M) | Time:00:00.01 | Mem:0.00M, Peak:0.00M | Scene, ViewLayer | Synchronizing object | geometry_0_sphere.031
Fra:6 Mem:52.36M (Peak 103.98M) | Time:00:00.01 | Mem:0.00M, Peak:0.00M | Scene, ViewLayer | Synchronizing object | geometry_0_sphere.006
Fra:6 Mem:52.42M (Peak 103.98M) | Time:00:00.01 | Mem:0.00M, Peak:0.00M | Scene, ViewLayer | Synchronizing object | geometry_0_sphere.032
Fra:6 Mem:52.52M (Peak 103.98M) | Time:00:00.01 | Mem:0.00M, Peak:0.00M | Scene, ViewLayer | Synchronizing object | geometry_0_sphere.033
Fra:6 Mem:52.77M (Peak 103.98M) | Time:00:00.01 | Mem:0.00M, Peak:0.00M | Scene, ViewLayer | Synchronizing object | geometry_0_sphere.034
Fra:6 Mem:52.79M (Peak 103.98M) | Time:00:00.01 | Mem:0.00M, Peak:0.00M | Scene, ViewLayer | Synchronizing object | geometry_0_sphere.035
Fra:6 Mem:53.09M (Peak 103.98M) | Time:00:00.01 | Mem:0.00M, Peak:0.00M | Scene, ViewLayer | Synchronizing object | geometry_0_sphere.036
Fra:6 Mem:53.14M (Peak 103.98M) | Time:00:00.01 | Mem:0.00M, Peak:0.00M | Scene, ViewLayer | Synchronizing object | geometry_0_sphere.004
Fra:6 Mem:53.22M (Peak 103.98M) | Time:00:00.01 | Mem:0.00M, Peak:0.00M | Scene, ViewLayer | Synchronizing object | geometry_0_sphere.037
Fra:6 Mem:53.38M (Peak 103.98M) | Time:00:00.01 | Mem:0.00M, Peak:0.00M | Scene, ViewLayer | Synchronizing object | geometry_0_sphere.038
Fra:6 Mem:53.43M (Peak 103.98M) | Time:00:00.01 | Mem:0.00M, Peak:0.00M | Scene, ViewLayer | Synchronizing object | geometry_0_sphere.003
Fra:6 Mem:53.46M (Peak 103.98M) | Time:00:00.01 | Mem:0.00M, Peak:0.00M | Scene, ViewLayer | Synchronizing object | geometry_0_sphere.039
Fra:6 Mem:53.73M (Peak 103.98M) | Time:00:00.01 | Mem:0.00M, Peak:0.00M | Scene, ViewLayer | Synchronizing object | geometry_0_sphere.040
Fra:6 Mem:53.67M (Peak 103.98M) | Time:00:00.01 | Mem:0.00M, Peak:0.00M | Scene, ViewLayer | Synchronizing object | geometry_0_sphere.041
Fra:6 Mem:53.99M (Peak 103.98M) | Time:00:00.01 | Mem:0.00M, Peak:0.00M | Scene, ViewLayer | Synchronizing object | geometry_0_sphere.042
Fra:6 Mem:54.16M (Peak 103.98M) | Time:00:00.01 | Mem:0.00M, Peak:0.00M | Scene, ViewLayer | Synchronizing object | geometry_0_sphere.043
Fra:6 Mem:54.10M (Peak 103.98M) | Time:00:00.01 | Mem:0.00M, Peak:0.00M | Scene, ViewLayer | Synchronizing object | geometry_0_sphere.044
Fra:6 Mem:54.48M (Peak 103.98M) | Time:00:00.01 | Mem:0.00M, Peak:0.00M | Scene, ViewLayer | Synchronizing object | geometry_0_sphere.045
Fra:6 Mem:54.52M (Peak 103.98M) | Time:00:00.01 | Mem:0.00M, Peak:0.00M | Scene, ViewLayer | Synchronizing object | geometry_0_sphere.046
Fra:6 Mem:54.57M (Peak 103.98M) | Time:00:00.01 | Mem:0.00M, Peak:0.00M | Scene, ViewLayer | Synchronizing object | geometry_0_cylinder.005
Fra:6 Mem:54.64M (Peak 103.98M) | Time:00:00.01 | Mem:0.00M, Peak:0.00M | Scene, ViewLayer | Synchronizing object | geometry_0_sphere.047
Fra:6 Mem:54.69M (Peak 103.98M) | Time:00:00.01 | Mem:0.00M, Peak:0.00M | Scene, ViewLayer | Synchronizing object | geometry_0_cylinder.004
Fra:6 Mem:54.79M (Peak 103.98M) | Time:00:00.01 | Mem:0.00M, Peak:0.00M | Scene, ViewLayer | Synchronizing object | geometry_0_cylinder.003
Fra:6 Mem:54.80M (Peak 103.98M) | Time:00:00.01 | Mem:0.00M, Peak:0.00M | Scene, ViewLayer | Synchronizing object | geometry_0_sphere.048
Fra:6 Mem:54.81M (Peak 103.98M) | Time:00:00.01 | Mem:0.00M, Peak:0.00M | Scene, ViewLayer | Synchronizing object | geometry_0_sphere.049
Fra:6 Mem:54.96M (Peak 103.98M) | Time:00:00.01 | Mem:0.00M, Peak:0.00M | Scene, ViewLayer | Synchronizing object | geometry_0_cylinder.001
Fra:6 Mem:55.06M (Peak 103.98M) | Time:00:00.01 | Mem:0.00M, Peak:0.00M | Scene, ViewLayer | Synchronizing object | geometry_0_cylinder
Fra:6 Mem:55.04M (Peak 103.98M) | Time:00:00.01 | Mem:0.00M, Peak:0.00M | Scene, ViewLayer | Synchronizing object | geometry_0_sphere.050
Fra:6 Mem:55.06M (Peak 103.98M) | Time:00:00.01 | Mem:0.00M, Peak:0.00M | Scene, ViewLayer | Synchronizing object | geometry_0_sphere.051
Fra:6 Mem:55.16M (Peak 103.98M) | Time:00:00.01 | Mem:0.00M, Peak:0.00M | Scene, ViewLayer | Synchronizing object | geometry_0_sphere.018
Fra:6 Mem:55.30M (Peak 103.98M) | Time:00:00.01 | Mem:0.00M, Peak:0.00M | Scene, ViewLayer | Synchronizing object | geometry_0_cylinder.054
Fra:6 Mem:55.37M (Peak 103.98M) | Time:00:00.01 | Mem:0.00M, Peak:0.00M | Scene, ViewLayer | Synchronizing object | geometry_0_cylinder.055
Fra:6 Mem:55.41M (Peak 103.98M) | Time:00:00.01 | Mem:0.00M, Peak:0.00M | Scene, ViewLayer | Synchronizing object | geometry_0_cylinder.056
Fra:6 Mem:55.36M (Peak 103.98M) | Time:00:00.01 | Mem:0.00M, Peak:0.00M | Scene, ViewLayer | Synchronizing object | geometry_0_cylinder.057
Fra:6 Mem:55.37M (Peak 103.98M) | Time:00:00.01 | Mem:0.00M, Peak:0.00M | Scene, ViewLayer | Synchronizing object | geometry_0_cylinder.058
Fra:6 Mem:55.42M (Peak 103.98M) | Time:00:00.01 | Mem:0.00M, Peak:0.00M | Scene, ViewLayer | Synchronizing object | geometry_0_cylinder.059
Fra:6 Mem:55.50M (Peak 103.98M) | Time:00:00.01 | Mem:0.00M, Peak:0.00M | Scene, ViewLayer | Synchronizing object | geometry_0_cylinder.060
Fra:6 Mem:55.51M (Peak 103.98M) | Time:00:00.01 | Mem:0.00M, Peak:0.00M | Scene, ViewLayer | Synchronizing object | geometry_0_cylinder.061
Fra:6 Mem:55.55M (Peak 103.98M) | Time:00:00.01 | Mem:0.00M, Peak:0.00M | Scene, ViewLayer | Synchronizing object | geometry_0_cylinder.062
Fra:6 Mem:55.56M (Peak 103.98M) | Time:00:00.01 | Mem:0.00M, Peak:0.00M | Scene, ViewLayer | Synchronizing object | geometry_0_cylinder.063
Fra:6 Mem:55.55M (Peak 103.98M) | Time:00:00.01 | Mem:0.00M, Peak:0.00M | Scene, ViewLayer | Synchronizing object | geometry_0_sphere.016
Fra:6 Mem:55.59M (Peak 103.98M) | Time:00:00.01 | Mem:0.00M, Peak:0.00M | Scene, ViewLayer | Synchronizing object | geometry_0_cylinder.065
Fra:6 Mem:55.67M (Peak 103.98M) | Time:00:00.01 | Mem:0.00M, Peak:0.00M | Scene, ViewLayer | Synchronizing object | geometry_0_cylinder.066
Fra:6 Mem:55.69M (Peak 103.98M) | Time:00:00.01 | Mem:0.00M, Peak:0.00M | Scene, ViewLayer | Synchronizing object | geometry_0_cylinder.067
Fra:6 Mem:55.72M (Peak 103.98M) | Time:00:00.01 | Mem:0.00M, Peak:0.00M | Scene, ViewLayer | Synchronizing object | geometry_0_cylinder.068
Fra:6 Mem:55.74M (Peak 103.98M) | Time:00:00.01 | Mem:0.00M, Peak:0.00M | Scene, ViewLayer | Synchronizing object | geometry_0_cylinder.069
Fra:6 Mem:55.71M (Peak 103.98M) | Time:00:00.01 | Mem:0.00M, Peak:0.00M | Scene, ViewLayer | Synchronizing object | geometry_0_cylinder.070
Fra:6 Mem:55.72M (Peak 103.98M) | Time:00:00.01 | Mem:0.00M, Peak:0.00M | Scene, ViewLayer | Synchronizing object | geometry_0_cylinder.071
Fra:6 Mem:55.85M (Peak 103.98M) | Time:00:00.01 | Mem:0.00M, Peak:0.00M | Scene, ViewLayer | Synchronizing object | geometry_0_cylinder.072
Fra:6 Mem:55.86M (Peak 103.98M) | Time:00:00.01 | Mem:0.00M, Peak:0.00M | Scene, ViewLayer | Synchronizing object | geometry_0_cylinder.073
Fra:6 Mem:55.89M (Peak 103.98M) | Time:00:00.01 | Mem:0.00M, Peak:0.00M | Scene, ViewLayer | Synchronizing object | geometry_0_cylinder.074
Fra:6 Mem:55.91M (Peak 103.98M) | Time:00:00.01 | Mem:0.00M, Peak:0.00M | Scene, ViewLayer | Synchronizing object | geometry_0_cylinder.075
Fra:6 Mem:55.88M (Peak 103.98M) | Time:00:00.01 | Mem:0.00M, Peak:0.00M | Scene, ViewLayer | Synchronizing object | geometry_0_sphere.014
Fra:6 Mem:55.97M (Peak 103.98M) | Time:00:00.01 | Mem:0.00M, Peak:0.00M | Scene, ViewLayer | Synchronizing object | geometry_0_cylinder.077
Fra:6 Mem:55.98M (Peak 103.98M) | Time:00:00.01 | Mem:0.00M, Peak:0.00M | Scene, ViewLayer | Synchronizing object | geometry_0_cylinder.078
Fra:6 Mem:56.03M (Peak 103.98M) | Time:00:00.01 | Mem:0.00M, Peak:0.00M | Scene, ViewLayer | Synchronizing object | geometry_0_cylinder.079
Fra:6 Mem:56.04M (Peak 103.98M) | Time:00:00.01 | Mem:0.00M, Peak:0.00M | Scene, ViewLayer | Synchronizing object | geometry_0_cylinder.080
Fra:6 Mem:56.08M (Peak 103.98M) | Time:00:00.01 | Mem:0.00M, Peak:0.00M | Scene, ViewLayer | Synchronizing object | geometry_0_cylinder.081
Fra:6 Mem:56.09M (Peak 103.98M) | Time:00:00.01 | Mem:0.00M, Peak:0.00M | Scene, ViewLayer | Synchronizing object | geometry_0_cylinder.082
Fra:6 Mem:56.07M (Peak 103.98M) | Time:00:00.01 | Mem:0.00M, Peak:0.00M | Scene, ViewLayer | Synchronizing object | geometry_0_sphere.013
Fra:6 Mem:56.07M (Peak 103.98M) | Time:00:00.01 | Mem:0.00M, Peak:0.00M | Scene, ViewLayer | Synchronizing object | geometry_0_cylinder.084
Fra:6 Mem:56.17M (Peak 103.98M) | Time:00:00.01 | Mem:0.00M, Peak:0.00M | Scene, ViewLayer | Synchronizing object | geometry_0_cylinder.085
Fra:6 Mem:56.21M (Peak 103.98M) | Time:00:00.01 | Mem:0.00M, Peak:0.00M | Scene, ViewLayer | Synchronizing object | geometry_0_cylinder.086
Fra:6 Mem:56.21M (Peak 103.98M) | Time:00:00.01 | Mem:0.00M, Peak:0.00M | Scene, ViewLayer | Synchronizing object | geometry_0_cylinder.087
Fra:6 Mem:56.26M (Peak 103.98M) | Time:00:00.01 | Mem:0.00M, Peak:0.00M | Scene, ViewLayer | Synchronizing object | geometry_0_sphere.052
Fra:6 Mem:56.31M (Peak 103.98M) | Time:00:00.01 | Mem:0.00M, Peak:0.00M | Scene, ViewLayer | Synchronizing object | geometry_0_sphere.053
Fra:6 Mem:56.38M (Peak 103.98M) | Time:00:00.01 | Mem:0.00M, Peak:0.00M | Scene, ViewLayer | Synchronizing object | geometry_0_cylinder.017
Fra:6 Mem:56.48M (Peak 103.98M) | Time:00:00.01 | Mem:0.00M, Peak:0.00M | Scene, ViewLayer | Synchronizing object | geometry_0_cylinder.016
Fra:6 Mem:56.50M (Peak 103.98M) | Time:00:00.01 | Mem:0.00M, Peak:0.00M | Scene, ViewLayer | Synchronizing object | geometry_0_sphere.054
Fra:6 Mem:56.51M (Peak 103.98M) | Time:00:00.01 | Mem:0.00M, Peak:0.00M | Scene, ViewLayer | Synchronizing object | geometry_0_cylinder.015
Fra:6 Mem:56.58M (Peak 103.98M) | Time:00:00.01 | Mem:0.00M, Peak:0.00M | Scene, ViewLayer | Synchronizing object | geometry_0_sphere.055
Fra:6 Mem:56.66M (Peak 103.98M) | Time:00:00.01 | Mem:0.00M, Peak:0.00M | Scene, ViewLayer | Synchronizing object | geometry_0_cylinder.014
Fra:6 Mem:56.67M (Peak 103.98M) | Time:00:00.01 | Mem:0.00M, Peak:0.00M | Scene, ViewLayer | Synchronizing object | geometry_0_sphere.056
Fra:6 Mem:56.75M (Peak 103.98M) | Time:00:00.01 | Mem:0.00M, Peak:0.00M | Scene, ViewLayer | Synchronizing object | geometry_0_cylinder.013
Fra:6 Mem:56.85M (Peak 103.98M) | Time:00:00.01 | Mem:0.00M, Peak:0.00M | Scene, ViewLayer | Synchronizing object | geometry_0_cylinder.012
Fra:6 Mem:56.86M (Peak 103.98M) | Time:00:00.01 | Mem:0.00M, Peak:0.00M | Scene, ViewLayer | Synchronizing object | geometry_0_sphere.057
Fra:6 Mem:56.87M (Peak 103.98M) | Time:00:00.01 | Mem:0.00M, Peak:0.00M | Scene, ViewLayer | Synchronizing object | geometry_0_sphere.058
Fra:6 Mem:56.95M (Peak 103.98M) | Time:00:00.01 | Mem:0.00M, Peak:0.00M | Scene, ViewLayer | Synchronizing object | geometry_0_sphere.012
Fra:6 Mem:57.18M (Peak 103.98M) | Time:00:00.01 | Mem:0.00M, Peak:0.00M | Scene, ViewLayer | Synchronizing object | geometry_0_sphere.059
Fra:6 Mem:57.25M (Peak 103.98M) | Time:00:00.01 | Mem:0.00M, Peak:0.00M | Scene, ViewLayer | Synchronizing object | geometry_0_sphere.060
Fra:6 Mem:57.36M (Peak 103.98M) | Time:00:00.01 | Mem:0.00M, Peak:0.00M | Scene, ViewLayer | Synchronizing object | geometry_0_sphere.011
Fra:6 Mem:57.44M (Peak 103.98M) | Time:00:00.01 | Mem:0.00M, Peak:0.00M | Scene, ViewLayer | Synchronizing object | geometry_0_sphere.061
Fra:6 Mem:57.63M (Peak 103.98M) | Time:00:00.01 | Mem:0.00M, Peak:0.00M | Scene, ViewLayer | Synchronizing object | geometry_0_sphere.062
Fra:6 Mem:57.65M (Peak 103.98M) | Time:00:00.01 | Mem:0.00M, Peak:0.00M | Scene, ViewLayer | Synchronizing object | geometry_0_sphere.063
Fra:6 Mem:57.68M (Peak 103.98M) | Time:00:00.01 | Mem:0.00M, Peak:0.00M | Scene, ViewLayer | Synchronizing object | geometry_0_sphere.010
Fra:6 Mem:57.92M (Peak 103.98M) | Time:00:00.01 | Mem:0.00M, Peak:0.00M | Scene, ViewLayer | Synchronizing object | geometry_0_sphere.064
Fra:6 Mem:58.00M (Peak 103.98M) | Time:00:00.01 | Mem:0.00M, Peak:0.00M | Scene, ViewLayer | Synchronizing object | geometry_0_sphere.065
Fra:6 Mem:58.07M (Peak 103.98M) | Time:00:00.01 | Mem:0.00M, Peak:0.00M | Scene, ViewLayer | Synchronizing object | geometry_0_sphere.009
Fra:6 Mem:58.18M (Peak 103.98M) | Time:00:00.01 | Mem:0.00M, Peak:0.00M | Scene, ViewLayer | Synchronizing object | geometry_0_sphere.066
Fra:6 Mem:58.35M (Peak 103.98M) | Time:00:00.01 | Mem:0.00M, Peak:0.00M | Scene, ViewLayer | Synchronizing object | geometry_0_sphere.067
Fra:6 Mem:58.39M (Peak 103.98M) | Time:00:00.01 | Mem:0.00M, Peak:0.00M | Scene, ViewLayer | Synchronizing object | geometry_0_sphere.068
Fra:6 Mem:58.47M (Peak 103.98M) | Time:00:00.01 | Mem:0.00M, Peak:0.00M | Scene, ViewLayer | Synchronizing object | geometry_0_sphere.008
Fra:6 Mem:58.67M (Peak 103.98M) | Time:00:00.01 | Mem:0.00M, Peak:0.00M | Scene, ViewLayer | Synchronizing object | geometry_0_sphere.069
Fra:6 Mem:58.74M (Peak 103.98M) | Time:00:00.01 | Mem:0.00M, Peak:0.00M | Scene, ViewLayer | Synchronizing object | geometry_0_sphere.070
Fra:6 Mem:58.85M (Peak 103.98M) | Time:00:00.01 | Mem:0.00M, Peak:0.00M | Scene, ViewLayer | Synchronizing object | geometry_0_sphere.007
Fra:6 Mem:58.93M (Peak 103.98M) | Time:00:00.01 | Mem:0.00M, Peak:0.00M | Scene, ViewLayer | Synchronizing object | geometry_0_sphere.071
Fra:6 Mem:59.12M (Peak 103.98M) | Time:00:00.01 | Mem:0.00M, Peak:0.00M | Scene, ViewLayer | Synchronizing object | geometry_0_sphere.072
Fra:6 Mem:59.14M (Peak 103.98M) | Time:00:00.01 | Mem:0.00M, Peak:0.00M | Scene, ViewLayer | Synchronizing object | geometry_0_sphere.073
Fra:6 Mem:59.18M (Peak 103.98M) | Time:00:00.01 | Mem:0.00M, Peak:0.00M | Scene, ViewLayer | Synchronizing object | geometry_0_cylinder.011
Fra:6 Mem:59.29M (Peak 103.98M) | Time:00:00.01 | Mem:0.00M, Peak:0.00M | Scene, ViewLayer | Synchronizing object | geometry_0_cylinder.010
Fra:6 Mem:59.33M (Peak 103.98M) | Time:00:00.01 | Mem:0.00M, Peak:0.00M | Scene, ViewLayer | Synchronizing object | geometry_0_cylinder.009
Fra:6 Mem:59.30M (Peak 103.98M) | Time:00:00.01 | Mem:0.00M, Peak:0.00M | Scene, ViewLayer | Synchronizing object | geometry_0_sphere.074
Fra:6 Mem:59.38M (Peak 103.98M) | Time:00:00.01 | Mem:0.00M, Peak:0.00M | Scene, ViewLayer | Synchronizing object | geometry_0_sphere.075
Fra:6 Mem:59.41M (Peak 103.98M) | Time:00:00.01 | Mem:0.00M, Peak:0.00M | Scene, ViewLayer | Synchronizing object | geometry_0_cylinder.008
Fra:6 Mem:59.56M (Peak 103.98M) | Time:00:00.01 | Mem:0.00M, Peak:0.00M | Scene, ViewLayer | Synchronizing object | geometry_0_cylinder.007
Fra:6 Mem:59.53M (Peak 103.98M) | Time:00:00.01 | Mem:0.00M, Peak:0.00M | Scene, ViewLayer | Synchronizing object | geometry_0_sphere.076
Fra:6 Mem:59.65M (Peak 103.98M) | Time:00:00.01 | Mem:0.00M, Peak:0.00M | Scene, ViewLayer | Synchronizing object | geometry_0_cylinder.006
Fra:6 Mem:59.69M (Peak 103.98M) | Time:00:00.01 | Mem:0.00M, Peak:0.00M | Scene, ViewLayer | Synchronizing object | geometry_0_sphere.077
Fra:6 Mem:59.70M (Peak 103.98M) | Time:00:00.01 | Mem:0.00M, Peak:0.00M | Scene, ViewLayer | Synchronizing object | geometry_0_sphere.078
Fra:6 Mem:59.88M (Peak 103.98M) | Time:00:00.01 | Mem:0.00M, Peak:0.00M | Scene, ViewLayer | Synchronizing object | geometry_0_cylinder.095
Fra:6 Mem:59.95M (Peak 103.98M) | Time:00:00.01 | Mem:0.00M, Peak:0.00M | Scene, ViewLayer | Synchronizing object | geometry_0_cylinder.094
Fra:6 Mem:59.90M (Peak 103.98M) | Time:00:00.01 | Mem:0.00M, Peak:0.00M | Scene, ViewLayer | Synchronizing object | geometry_0_sphere.079
Fra:6 Mem:59.95M (Peak 103.98M) | Time:00:00.01 | Mem:0.00M, Peak:0.00M | Scene, ViewLayer | Synchronizing object | geometry_0_cylinder.092
Fra:6 Mem:60.10M (Peak 103.98M) | Time:00:00.01 | Mem:0.00M, Peak:0.00M | Scene, ViewLayer | Synchronizing object | geometry_0_cylinder.091
Fra:6 Mem:60.14M (Peak 103.98M) | Time:00:00.01 | Mem:0.00M, Peak:0.00M | Scene, ViewLayer | Synchronizing object | geometry_0_sphere.081
Fra:6 Mem:60.18M (Peak 103.98M) | Time:00:00.01 | Mem:0.00M, Peak:0.00M | Scene, ViewLayer | Synchronizing object | geometry_0_mesh.001
Fra:6 Mem:60.32M (Peak 103.98M) | Time:00:00.01 | Mem:0.00M, Peak:0.00M | Scene, ViewLayer | Synchronizing object | geometry_0_sphere.082
Fra:6 Mem:60.33M (Peak 103.98M) | Time:00:00.01 | Mem:0.00M, Peak:0.00M | Scene, ViewLayer | Synchronizing object | geometry_0_sphere.083
Fra:6 Mem:60.48M (Peak 103.98M) | Time:00:00.01 | Mem:0.00M, Peak:0.00M | Scene, ViewLayer | Synchronizing object | geometry_0_cylinder.019
Fra:6 Mem:60.58M (Peak 103.98M) | Time:00:00.01 | Mem:0.00M, Peak:0.00M | Scene, ViewLayer | Synchronizing object | geometry_0_cylinder.089
Fra:6 Mem:60.56M (Peak 103.98M) | Time:00:00.01 | Mem:0.00M, Peak:0.00M | Scene, ViewLayer | Synchronizing object | geometry_0_sphere
Fra:6 Mem:60.64M (Peak 103.98M) | Time:00:00.01 | Mem:0.00M, Peak:0.00M | Scene, ViewLayer | Initializing
Fra:6 Mem:52.51M (Peak 103.98M) | Time:00:00.02 | Mem:0.00M, Peak:0.00M | Scene, ViewLayer | Waiting for render to start
Fra:6 Mem:52.51M (Peak 103.98M) | Time:00:00.02 | Mem:0.00M, Peak:0.00M | Scene, ViewLayer | Loading render kernels (may take a few minutes the first time)
Fra:6 Mem:52.51M (Peak 103.98M) | Time:00:00.02 | Mem:0.00M, Peak:0.00M | Scene, ViewLayer | Updating Scene
Fra:6 Mem:52.51M (Peak 103.98M) | Time:00:00.02 | Mem:0.00M, Peak:0.00M | Scene, ViewLayer | Updating Shaders
Fra:6 Mem:52.59M (Peak 103.98M) | Time:00:00.02 | Mem:0.00M, Peak:0.00M | Scene, ViewLayer | Updating Procedurals
Fra:6 Mem:52.59M (Peak 103.98M) | Time:00:00.02 | Mem:0.00M, Peak:0.00M | Scene, ViewLayer | Updating Background
Fra:6 Mem:52.59M (Peak 103.98M) | Time:00:00.02 | Mem:0.00M, Peak:0.00M | Scene, ViewLayer | Updating Camera
Fra:6 Mem:52.59M (Peak 103.98M) | Time:00:00.02 | Mem:0.00M, Peak:0.00M | Scene, ViewLayer | Updating Meshes Flags
Fra:6 Mem:52.59M (Peak 103.98M) | Time:00:00.02 | Mem:0.00M, Peak:0.00M | Scene, ViewLayer | Updating Objects
Fra:6 Mem:52.59M (Peak 103.98M) | Time:00:00.02 | Mem:0.00M, Peak:0.00M | Scene, ViewLayer | Updating Objects | Copying Transformations to device
Fra:6 Mem:52.64M (Peak 103.98M) | Time:00:00.02 | Mem:0.04M, Peak:0.04M | Scene, ViewLayer | Updating Objects | Applying Static Transformations
Fra:6 Mem:52.64M (Peak 103.98M) | Time:00:00.02 | Mem:0.04M, Peak:0.04M | Scene, ViewLayer | Updating Particle Systems
Fra:6 Mem:52.64M (Peak 103.98M) | Time:00:00.02 | Mem:0.04M, Peak:0.04M | Scene, ViewLayer | Updating Particle Systems | Copying Particles to device
Fra:6 Mem:52.64M (Peak 103.98M) | Time:00:00.02 | Mem:0.04M, Peak:0.04M | Scene, ViewLayer | Updating Meshes
Fra:6 Mem:54.10M (Peak 103.98M) | Time:00:00.02 | Mem:0.04M, Peak:0.04M | Scene, ViewLayer | Updating Mesh | Computing attributes
Fra:6 Mem:56.32M (Peak 103.98M) | Time:00:00.02 | Mem:0.06M, Peak:0.06M | Scene, ViewLayer | Updating Mesh | Copying Attributes to device
Fra:6 Mem:56.29M (Peak 103.98M) | Time:00:00.02 | Mem:2.24M, Peak:2.24M | Scene, ViewLayer | Updating Scene BVH | Building
Fra:6 Mem:56.30M (Peak 103.98M) | Time:00:00.02 | Mem:2.24M, Peak:2.24M | Scene, ViewLayer | Updating Scene BVH | Building BVH
Fra:6 Mem:56.30M (Peak 103.98M) | Time:00:00.02 | Mem:5.17M, Peak:5.17M | Scene, ViewLayer | Updating Scene BVH | Building BVH 0%
Fra:6 Mem:56.30M (Peak 103.98M) | Time:00:00.09 | Mem:8.66M, Peak:11.59M | Scene, ViewLayer | Updating Scene BVH | Copying BVH to device
Fra:6 Mem:56.30M (Peak 103.98M) | Time:00:00.09 | Mem:8.66M, Peak:11.59M | Scene, ViewLayer | Updating Mesh | Computing normals
Fra:6 Mem:63.95M (Peak 103.98M) | Time:00:00.09 | Mem:8.66M, Peak:11.59M | Scene, ViewLayer | Updating Mesh | Copying Mesh to device
Fra:6 Mem:63.95M (Peak 103.98M) | Time:00:00.09 | Mem:16.31M, Peak:16.31M | Scene, ViewLayer | Updating Objects Flags
Fra:6 Mem:63.95M (Peak 103.98M) | Time:00:00.09 | Mem:16.31M, Peak:16.31M | Scene, ViewLayer | Updating Primitive Offsets
Fra:6 Mem:63.95M (Peak 103.98M) | Time:00:00.09 | Mem:16.31M, Peak:16.31M | Scene, ViewLayer | Updating Images
Fra:6 Mem:63.95M (Peak 103.98M) | Time:00:00.09 | Mem:16.31M, Peak:16.31M | Scene, ViewLayer | Updating Camera Volume
Fra:6 Mem:63.95M (Peak 103.98M) | Time:00:00.09 | Mem:16.31M, Peak:16.31M | Scene, ViewLayer | Updating Lookup Tables
Fra:6 Mem:63.95M (Peak 103.98M) | Time:00:00.09 | Mem:16.39M, Peak:16.39M | Scene, ViewLayer | Updating Lights
Fra:6 Mem:63.95M (Peak 103.98M) | Time:00:00.09 | Mem:16.39M, Peak:16.39M | Scene, ViewLayer | Updating Lights | Computing distribution
Fra:6 Mem:63.95M (Peak 103.98M) | Time:00:00.09 | Mem:16.39M, Peak:16.39M | Scene, ViewLayer | Updating Lights | Computing tree
Fra:6 Mem:63.95M (Peak 103.98M) | Time:00:00.09 | Mem:16.39M, Peak:16.39M | Scene, ViewLayer | Updating Integrator
Fra:6 Mem:64.95M (Peak 103.98M) | Time:00:00.09 | Mem:17.39M, Peak:17.39M | Scene, ViewLayer | Updating Film
Fra:6 Mem:64.95M (Peak 103.98M) | Time:00:00.09 | Mem:17.31M, Peak:17.39M | Scene, ViewLayer | Updating Lookup Tables
Fra:6 Mem:64.95M (Peak 103.98M) | Time:00:00.09 | Mem:17.40M, Peak:17.40M | Scene, ViewLayer | Updating Baking
Fra:6 Mem:64.95M (Peak 103.98M) | Time:00:00.09 | Mem:17.40M, Peak:17.40M | Scene, ViewLayer | Updating Device | Writing constant memory
Fra:6 Mem:64.96M (Peak 103.98M) | Time:00:00.09 | Mem:17.40M, Peak:17.40M | Scene, ViewLayer | Sample 0/32
Fra:6 Mem:83.97M (Peak 103.98M) | Time:00:00.11 | Remaining:00:00.52 | Mem:36.40M, Peak:36.40M | Scene, ViewLayer | Sample 1/32
Fra:6 Mem:91.97M (Peak 103.98M) | Time:00:02.48 | Mem:36.40M, Peak:36.40M | Scene, ViewLayer | Sample 32/32
Fra:6 Mem:91.97M (Peak 103.98M) | Time:00:02.48 | Mem:36.40M, Peak:36.40M | Scene, ViewLayer | Finished
Fra:6 Mem:50.22M (Peak 103.98M) | Time:00:02.48 | Compositing
Fra:6 Mem:50.22M (Peak 103.98M) | Time:00:02.48 | Compositing | Determining resolution
Fra:6 Mem:50.22M (Peak 103.98M) | Time:00:02.48 | Compositing | Initializing execution
Fra:6 Mem:50.22M (Peak 103.98M) | Time:00:02.48 | Compositing | De-initializing execution
Saved: '/vepfs_default/chanxueyan/lhp/lms/aDSL/temp/geometry_expression_20260929/B/SF21/views/render_0006.png'
Time: 00:02.51 (Saving: 00:00.02)

Fra:7 Mem:50.33M (Peak 103.98M) | Time:00:00.01 | Mem:0.00M, Peak:0.00M | Scene, ViewLayer | Synchronizing object | geometry_0_mesh
Fra:7 Mem:50.33M (Peak 103.98M) | Time:00:00.01 | Mem:0.00M, Peak:0.00M | Scene, ViewLayer | Synchronizing object | geometry_0_cylinder.018
Fra:7 Mem:50.40M (Peak 103.98M) | Time:00:00.01 | Mem:0.00M, Peak:0.00M | Scene, ViewLayer | Synchronizing object | geometry_0_mesh.003
Fra:7 Mem:50.49M (Peak 103.98M) | Time:00:00.01 | Mem:0.00M, Peak:0.00M | Scene, ViewLayer | Synchronizing object | geometry_0_mesh.002
Fra:7 Mem:50.52M (Peak 103.98M) | Time:00:00.01 | Mem:0.00M, Peak:0.00M | Scene, ViewLayer | Synchronizing object | geometry_0_mesh.004
Fra:7 Mem:50.63M (Peak 103.98M) | Time:00:00.01 | Mem:0.00M, Peak:0.00M | Scene, ViewLayer | Synchronizing object | geometry_0_cylinder.088
Fra:7 Mem:50.62M (Peak 103.98M) | Time:00:00.01 | Mem:0.00M, Peak:0.00M | Scene, ViewLayer | Synchronizing object | geometry_0_cylinder.020
Fra:7 Mem:50.63M (Peak 103.98M) | Time:00:00.01 | Mem:0.00M, Peak:0.00M | Scene, ViewLayer | Synchronizing object | geometry_0_cylinder.021
Fra:7 Mem:50.64M (Peak 103.98M) | Time:00:00.01 | Mem:0.00M, Peak:0.00M | Scene, ViewLayer | Synchronizing object | geometry_0_cylinder.022
Fra:7 Mem:50.66M (Peak 103.98M) | Time:00:00.01 | Mem:0.00M, Peak:0.00M | Scene, ViewLayer | Synchronizing object | geometry_0_cylinder.023
Fra:7 Mem:50.67M (Peak 103.98M) | Time:00:00.01 | Mem:0.00M, Peak:0.00M | Scene, ViewLayer | Synchronizing object | geometry_0_cylinder.024
Fra:7 Mem:50.67M (Peak 103.98M) | Time:00:00.01 | Mem:0.00M, Peak:0.00M | Scene, ViewLayer | Synchronizing object | geometry_0_cylinder.025
Fra:7 Mem:50.69M (Peak 103.98M) | Time:00:00.01 | Mem:0.00M, Peak:0.00M | Scene, ViewLayer | Synchronizing object | geometry_0_cylinder.026
Fra:7 Mem:50.70M (Peak 103.98M) | Time:00:00.01 | Mem:0.00M, Peak:0.00M | Scene, ViewLayer | Synchronizing object | geometry_0_cylinder.027
Fra:7 Mem:50.71M (Peak 103.98M) | Time:00:00.01 | Mem:0.00M, Peak:0.00M | Scene, ViewLayer | Synchronizing object | geometry_0_cylinder.028
Fra:7 Mem:50.72M (Peak 103.98M) | Time:00:00.01 | Mem:0.00M, Peak:0.00M | Scene, ViewLayer | Synchronizing object | geometry_0_cylinder.029
Fra:7 Mem:50.74M (Peak 103.98M) | Time:00:00.01 | Mem:0.00M, Peak:0.00M | Scene, ViewLayer | Synchronizing object | geometry_0_cylinder.030
Fra:7 Mem:50.75M (Peak 103.98M) | Time:00:00.01 | Mem:0.00M, Peak:0.00M | Scene, ViewLayer | Synchronizing object | geometry_0_cylinder.031
Fra:7 Mem:50.76M (Peak 103.98M) | Time:00:00.01 | Mem:0.00M, Peak:0.00M | Scene, ViewLayer | Synchronizing object | geometry_0_cylinder.032
Fra:7 Mem:50.77M (Peak 103.98M) | Time:00:00.01 | Mem:0.00M, Peak:0.00M | Scene, ViewLayer | Synchronizing object | geometry_0_cylinder.033
Fra:7 Mem:50.78M (Peak 103.98M) | Time:00:00.01 | Mem:0.00M, Peak:0.00M | Scene, ViewLayer | Synchronizing object | geometry_0_cylinder.034
Fra:7 Mem:50.79M (Peak 103.98M) | Time:00:00.01 | Mem:0.00M, Peak:0.00M | Scene, ViewLayer | Synchronizing object | geometry_0_cylinder.035
Fra:7 Mem:50.80M (Peak 103.98M) | Time:00:00.01 | Mem:0.00M, Peak:0.00M | Scene, ViewLayer | Synchronizing object | geometry_0_cylinder.036
Fra:7 Mem:50.81M (Peak 103.98M) | Time:00:00.01 | Mem:0.00M, Peak:0.00M | Scene, ViewLayer | Synchronizing object | geometry_0_cylinder.037
Fra:7 Mem:50.83M (Peak 103.98M) | Time:00:00.01 | Mem:0.00M, Peak:0.00M | Scene, ViewLayer | Synchronizing object | geometry_0_cylinder.038
Fra:7 Mem:50.83M (Peak 103.98M) | Time:00:00.01 | Mem:0.00M, Peak:0.00M | Scene, ViewLayer | Synchronizing object | geometry_0_cylinder.039
Fra:7 Mem:50.84M (Peak 103.98M) | Time:00:00.01 | Mem:0.00M, Peak:0.00M | Scene, ViewLayer | Synchronizing object | geometry_0_cylinder.040
Fra:7 Mem:50.86M (Peak 103.98M) | Time:00:00.01 | Mem:0.00M, Peak:0.00M | Scene, ViewLayer | Synchronizing object | geometry_0_cylinder.041
Fra:7 Mem:50.87M (Peak 103.98M) | Time:00:00.01 | Mem:0.00M, Peak:0.00M | Scene, ViewLayer | Synchronizing object | geometry_0_cylinder.042
Fra:7 Mem:50.88M (Peak 103.98M) | Time:00:00.01 | Mem:0.00M, Peak:0.00M | Scene, ViewLayer | Synchronizing object | geometry_0_cylinder.043
Fra:7 Mem:50.89M (Peak 103.98M) | Time:00:00.01 | Mem:0.00M, Peak:0.00M | Scene, ViewLayer | Synchronizing object | geometry_0_cylinder.044
Fra:7 Mem:50.90M (Peak 103.98M) | Time:00:00.01 | Mem:0.00M, Peak:0.00M | Scene, ViewLayer | Synchronizing object | geometry_0_cylinder.045
Fra:7 Mem:50.91M (Peak 103.98M) | Time:00:00.01 | Mem:0.00M, Peak:0.00M | Scene, ViewLayer | Synchronizing object | geometry_0_cylinder.046
Fra:7 Mem:50.93M (Peak 103.98M) | Time:00:00.01 | Mem:0.00M, Peak:0.00M | Scene, ViewLayer | Synchronizing object | geometry_0_cylinder.047
Fra:7 Mem:50.93M (Peak 103.98M) | Time:00:00.01 | Mem:0.00M, Peak:0.00M | Scene, ViewLayer | Synchronizing object | geometry_0_cylinder.048
Fra:7 Mem:50.95M (Peak 103.98M) | Time:00:00.01 | Mem:0.00M, Peak:0.00M | Scene, ViewLayer | Synchronizing object | geometry_0_cylinder.049
Fra:7 Mem:50.96M (Peak 103.98M) | Time:00:00.01 | Mem:0.00M, Peak:0.00M | Scene, ViewLayer | Synchronizing object | geometry_0_cylinder.050
Fra:7 Mem:50.97M (Peak 103.98M) | Time:00:00.01 | Mem:0.00M, Peak:0.00M | Scene, ViewLayer | Synchronizing object | geometry_0_cylinder.051
Fra:7 Mem:50.98M (Peak 103.98M) | Time:00:00.01 | Mem:0.00M, Peak:0.00M | Scene, ViewLayer | Synchronizing object | geometry_0_cylinder.052
Fra:7 Mem:51.00M (Peak 103.98M) | Time:00:00.01 | Mem:0.00M, Peak:0.00M | Scene, ViewLayer | Synchronizing object | geometry_0_cylinder.053
Fra:7 Mem:51.01M (Peak 103.98M) | Time:00:00.01 | Mem:0.00M, Peak:0.00M | Scene, ViewLayer | Synchronizing object | geometry_0_sphere.019
Fra:7 Mem:51.05M (Peak 103.98M) | Time:00:00.01 | Mem:0.00M, Peak:0.00M | Scene, ViewLayer | Synchronizing object | geometry_0_sphere.020
Fra:7 Mem:51.25M (Peak 103.98M) | Time:00:00.01 | Mem:0.00M, Peak:0.00M | Scene, ViewLayer | Synchronizing object | geometry_0_sphere.021
Fra:7 Mem:51.27M (Peak 103.98M) | Time:00:00.01 | Mem:0.00M, Peak:0.00M | Scene, ViewLayer | Synchronizing object | geometry_0_sphere.022
Fra:7 Mem:51.47M (Peak 103.98M) | Time:00:00.01 | Mem:0.00M, Peak:0.00M | Scene, ViewLayer | Synchronizing object | geometry_0_sphere.023
Fra:7 Mem:51.48M (Peak 103.98M) | Time:00:00.01 | Mem:0.00M, Peak:0.00M | Scene, ViewLayer | Synchronizing object | geometry_0_sphere.024
Fra:7 Mem:51.68M (Peak 103.98M) | Time:00:00.01 | Mem:0.00M, Peak:0.00M | Scene, ViewLayer | Synchronizing object | geometry_0_sphere.025
Fra:7 Mem:51.73M (Peak 103.98M) | Time:00:00.01 | Mem:0.00M, Peak:0.00M | Scene, ViewLayer | Synchronizing object | geometry_0_sphere.006
Fra:7 Mem:52.00M (Peak 103.98M) | Time:00:00.01 | Mem:0.00M, Peak:0.00M | Scene, ViewLayer | Synchronizing object | geometry_0_sphere.027
Fra:7 Mem:52.08M (Peak 103.98M) | Time:00:00.01 | Mem:0.00M, Peak:0.00M | Scene, ViewLayer | Synchronizing object | geometry_0_sphere.028
Fra:7 Mem:52.15M (Peak 103.98M) | Time:00:00.01 | Mem:0.00M, Peak:0.00M | Scene, ViewLayer | Synchronizing object | geometry_0_sphere.005
Fra:7 Mem:52.29M (Peak 103.98M) | Time:00:00.01 | Mem:0.00M, Peak:0.00M | Scene, ViewLayer | Synchronizing object | geometry_0_sphere.029
Fra:7 Mem:52.36M (Peak 103.98M) | Time:00:00.01 | Mem:0.00M, Peak:0.00M | Scene, ViewLayer | Synchronizing object | geometry_0_sphere.030
Fra:7 Mem:52.53M (Peak 103.98M) | Time:00:00.01 | Mem:0.00M, Peak:0.00M | Scene, ViewLayer | Synchronizing object | geometry_0_sphere.004
Fra:7 Mem:52.61M (Peak 103.98M) | Time:00:00.01 | Mem:0.00M, Peak:0.00M | Scene, ViewLayer | Synchronizing object | geometry_0_sphere.031
Fra:7 Mem:52.68M (Peak 103.98M) | Time:00:00.01 | Mem:0.00M, Peak:0.00M | Scene, ViewLayer | Synchronizing object | geometry_0_sphere.032
Fra:7 Mem:52.85M (Peak 103.98M) | Time:00:00.01 | Mem:0.00M, Peak:0.00M | Scene, ViewLayer | Synchronizing object | geometry_0_sphere.003
Fra:7 Mem:52.93M (Peak 103.98M) | Time:00:00.01 | Mem:0.00M, Peak:0.00M | Scene, ViewLayer | Synchronizing object | geometry_0_sphere.033
Fra:7 Mem:53.00M (Peak 103.98M) | Time:00:00.01 | Mem:0.00M, Peak:0.00M | Scene, ViewLayer | Synchronizing object | geometry_0_sphere.034
Fra:7 Mem:53.11M (Peak 103.98M) | Time:00:00.01 | Mem:0.00M, Peak:0.00M | Scene, ViewLayer | Synchronizing object | geometry_0_sphere.002
Fra:7 Mem:53.25M (Peak 103.98M) | Time:00:00.01 | Mem:0.00M, Peak:0.00M | Scene, ViewLayer | Synchronizing object | geometry_0_sphere.035
Fra:7 Mem:53.29M (Peak 103.98M) | Time:00:00.01 | Mem:0.00M, Peak:0.00M | Scene, ViewLayer | Synchronizing object | geometry_0_sphere.036
Fra:7 Mem:53.43M (Peak 103.98M) | Time:00:00.01 | Mem:0.00M, Peak:0.00M | Scene, ViewLayer | Synchronizing object | geometry_0_sphere.001
Fra:7 Mem:53.60M (Peak 103.98M) | Time:00:00.01 | Mem:0.00M, Peak:0.00M | Scene, ViewLayer | Synchronizing object | geometry_0_sphere.037
Fra:7 Mem:53.64M (Peak 103.98M) | Time:00:00.01 | Mem:0.00M, Peak:0.00M | Scene, ViewLayer | Synchronizing object | geometry_0_sphere.038
Fra:7 Mem:53.69M (Peak 103.98M) | Time:00:00.01 | Mem:0.00M, Peak:0.00M | Scene, ViewLayer | Synchronizing object | geometry_0_cylinder.005
Fra:7 Mem:53.82M (Peak 103.98M) | Time:00:00.01 | Mem:0.00M, Peak:0.00M | Scene, ViewLayer | Synchronizing object | geometry_0_cylinder.004
Fra:7 Mem:53.83M (Peak 103.98M) | Time:00:00.01 | Mem:0.00M, Peak:0.00M | Scene, ViewLayer | Synchronizing object | geometry_0_cylinder.003
Fra:7 Mem:53.81M (Peak 103.98M) | Time:00:00.01 | Mem:0.00M, Peak:0.00M | Scene, ViewLayer | Synchronizing object | geometry_0_sphere.039
Fra:7 Mem:53.89M (Peak 103.98M) | Time:00:00.01 | Mem:0.00M, Peak:0.00M | Scene, ViewLayer | Synchronizing object | geometry_0_cylinder.002
Fra:7 Mem:54.03M (Peak 103.98M) | Time:00:00.01 | Mem:0.00M, Peak:0.00M | Scene, ViewLayer | Synchronizing object | geometry_0_sphere.041
Fra:7 Mem:54.11M (Peak 103.98M) | Time:00:00.01 | Mem:0.00M, Peak:0.00M | Scene, ViewLayer | Synchronizing object | geometry_0_cylinder.001
Fra:7 Mem:54.18M (Peak 103.98M) | Time:00:00.01 | Mem:0.00M, Peak:0.00M | Scene, ViewLayer | Synchronizing object | geometry_0_sphere.042
Fra:7 Mem:54.20M (Peak 103.98M) | Time:00:00.01 | Mem:0.00M, Peak:0.00M | Scene, ViewLayer | Synchronizing object | geometry_0_sphere.043
Fra:7 Mem:54.37M (Peak 103.98M) | Time:00:00.01 | Mem:0.00M, Peak:0.00M | Scene, ViewLayer | Synchronizing object | geometry_0_sphere.018
Fra:7 Mem:54.45M (Peak 103.98M) | Time:00:00.01 | Mem:0.00M, Peak:0.00M | Scene, ViewLayer | Synchronizing object | geometry_0_sphere.044
Fra:7 Mem:54.56M (Peak 103.98M) | Time:00:00.01 | Mem:0.00M, Peak:0.00M | Scene, ViewLayer | Synchronizing object | geometry_0_sphere.045
Fra:7 Mem:54.66M (Peak 103.98M) | Time:00:00.01 | Mem:0.00M, Peak:0.00M | Scene, ViewLayer | Synchronizing object | geometry_0_sphere.017
Fra:7 Mem:54.83M (Peak 103.98M) | Time:00:00.01 | Mem:0.00M, Peak:0.00M | Scene, ViewLayer | Synchronizing object | geometry_0_sphere.046
Fra:7 Mem:54.91M (Peak 103.98M) | Time:00:00.01 | Mem:0.00M, Peak:0.00M | Scene, ViewLayer | Synchronizing object | geometry_0_sphere.047
Fra:7 Mem:55.01M (Peak 103.98M) | Time:00:00.01 | Mem:0.00M, Peak:0.00M | Scene, ViewLayer | Synchronizing object | geometry_0_sphere.016
Fra:7 Mem:55.12M (Peak 103.98M) | Time:00:00.01 | Mem:0.00M, Peak:0.00M | Scene, ViewLayer | Synchronizing object | geometry_0_sphere.048
Fra:7 Mem:55.23M (Peak 103.98M) | Time:00:00.01 | Mem:0.00M, Peak:0.00M | Scene, ViewLayer | Synchronizing object | geometry_0_sphere.049
Fra:7 Mem:55.30M (Peak 103.98M) | Time:00:00.01 | Mem:0.00M, Peak:0.00M | Scene, ViewLayer | Synchronizing object | geometry_0_sphere.015
Fra:7 Mem:55.41M (Peak 103.98M) | Time:00:00.01 | Mem:0.00M, Peak:0.00M | Scene, ViewLayer | Synchronizing object | geometry_0_sphere.050
Fra:7 Mem:55.57M (Peak 103.98M) | Time:00:00.01 | Mem:0.00M, Peak:0.00M | Scene, ViewLayer | Synchronizing object | geometry_0_sphere.051
Fra:7 Mem:55.65M (Peak 103.98M) | Time:00:00.01 | Mem:0.00M, Peak:0.00M | Scene, ViewLayer | Synchronizing object | geometry_0_sphere.014
Fra:7 Mem:55.73M (Peak 103.98M) | Time:00:00.01 | Mem:0.00M, Peak:0.00M | Scene, ViewLayer | Synchronizing object | geometry_0_cylinder.054
Fra:7 Mem:55.77M (Peak 103.98M) | Time:00:00.01 | Mem:0.00M, Peak:0.00M | Scene, ViewLayer | Synchronizing object | geometry_0_cylinder.055
Fra:7 Mem:55.81M (Peak 103.98M) | Time:00:00.01 | Mem:0.00M, Peak:0.00M | Scene, ViewLayer | Synchronizing object | geometry_0_cylinder.056
Fra:7 Mem:55.79M (Peak 103.98M) | Time:00:00.01 | Mem:0.00M, Peak:0.00M | Scene, ViewLayer | Synchronizing object | geometry_0_cylinder.057
Fra:7 Mem:55.84M (Peak 103.98M) | Time:00:00.01 | Mem:0.00M, Peak:0.00M | Scene, ViewLayer | Synchronizing object | geometry_0_cylinder.058
Fra:7 Mem:55.95M (Peak 103.98M) | Time:00:00.01 | Mem:0.00M, Peak:0.00M | Scene, ViewLayer | Synchronizing object | geometry_0_cylinder.059
Fra:7 Mem:55.96M (Peak 103.98M) | Time:00:00.01 | Mem:0.00M, Peak:0.00M | Scene, ViewLayer | Synchronizing object | geometry_0_cylinder.060
Fra:7 Mem:55.94M (Peak 103.98M) | Time:00:00.01 | Mem:0.00M, Peak:0.00M | Scene, ViewLayer | Synchronizing object | geometry_0_cylinder.061
Fra:7 Mem:55.95M (Peak 103.98M) | Time:00:00.01 | Mem:0.00M, Peak:0.00M | Scene, ViewLayer | Synchronizing object | geometry_0_cylinder.062
Fra:7 Mem:55.96M (Peak 103.98M) | Time:00:00.01 | Mem:0.00M, Peak:0.00M | Scene, ViewLayer | Synchronizing object | geometry_0_cylinder.016
Fra:7 Mem:55.96M (Peak 103.98M) | Time:00:00.01 | Mem:0.00M, Peak:0.00M | Scene, ViewLayer | Synchronizing object | geometry_0_cylinder.063
Fra:7 Mem:55.98M (Peak 103.98M) | Time:00:00.01 | Mem:0.00M, Peak:0.00M | Scene, ViewLayer | Synchronizing object | geometry_0_cylinder.064
Fra:7 Mem:55.99M (Peak 103.98M) | Time:00:00.01 | Mem:0.00M, Peak:0.00M | Scene, ViewLayer | Synchronizing object | geometry_0_cylinder.065
Fra:7 Mem:56.00M (Peak 103.98M) | Time:00:00.01 | Mem:0.00M, Peak:0.00M | Scene, ViewLayer | Synchronizing object | geometry_0_cylinder.015
Fra:7 Mem:56.01M (Peak 103.98M) | Time:00:00.01 | Mem:0.00M, Peak:0.00M | Scene, ViewLayer | Synchronizing object | geometry_0_cylinder.066
Fra:7 Mem:56.02M (Peak 103.98M) | Time:00:00.01 | Mem:0.00M, Peak:0.00M | Scene, ViewLayer | Synchronizing object | geometry_0_cylinder.067
Fra:7 Mem:56.04M (Peak 103.98M) | Time:00:00.01 | Mem:0.00M, Peak:0.00M | Scene, ViewLayer | Synchronizing object | geometry_0_cylinder.068
Fra:7 Mem:56.05M (Peak 103.98M) | Time:00:00.01 | Mem:0.00M, Peak:0.00M | Scene, ViewLayer | Synchronizing object | geometry_0_cylinder.014
Fra:7 Mem:56.06M (Peak 103.98M) | Time:00:00.01 | Mem:0.00M, Peak:0.00M | Scene, ViewLayer | Synchronizing object | geometry_0_cylinder.069
Fra:7 Mem:56.07M (Peak 103.98M) | Time:00:00.01 | Mem:0.00M, Peak:0.00M | Scene, ViewLayer | Synchronizing object | geometry_0_cylinder.070
Fra:7 Mem:56.08M (Peak 103.98M) | Time:00:00.01 | Mem:0.00M, Peak:0.00M | Scene, ViewLayer | Synchronizing object | geometry_0_cylinder.013
Fra:7 Mem:56.08M (Peak 103.98M) | Time:00:00.01 | Mem:0.00M, Peak:0.00M | Scene, ViewLayer | Synchronizing object | geometry_0_cylinder.071
Fra:7 Mem:56.09M (Peak 103.98M) | Time:00:00.01 | Mem:0.00M, Peak:0.00M | Scene, ViewLayer | Synchronizing object | geometry_0_cylinder.072
Fra:7 Mem:56.12M (Peak 103.98M) | Time:00:00.01 | Mem:0.00M, Peak:0.00M | Scene, ViewLayer | Synchronizing object | geometry_0_cylinder.073
Fra:7 Mem:56.13M (Peak 103.98M) | Time:00:00.01 | Mem:0.00M, Peak:0.00M | Scene, ViewLayer | Synchronizing object | geometry_0_cylinder.012
Fra:7 Mem:56.14M (Peak 103.98M) | Time:00:00.01 | Mem:0.00M, Peak:0.00M | Scene, ViewLayer | Synchronizing object | geometry_0_cylinder.075
Fra:7 Mem:56.16M (Peak 103.98M) | Time:00:00.01 | Mem:0.00M, Peak:0.00M | Scene, ViewLayer | Synchronizing object | geometry_0_cylinder.076
Fra:7 Mem:56.17M (Peak 103.98M) | Time:00:00.01 | Mem:0.00M, Peak:0.00M | Scene, ViewLayer | Synchronizing object | geometry_0_sphere.012
Fra:7 Mem:56.18M (Peak 103.98M) | Time:00:00.01 | Mem:0.00M, Peak:0.00M | Scene, ViewLayer | Synchronizing object | geometry_0_cylinder.077
Fra:7 Mem:56.25M (Peak 103.98M) | Time:00:00.01 | Mem:0.00M, Peak:0.00M | Scene, ViewLayer | Synchronizing object | geometry_0_cylinder.078
Fra:7 Mem:56.30M (Peak 103.98M) | Time:00:00.01 | Mem:0.00M, Peak:0.00M | Scene, ViewLayer | Synchronizing object | geometry_0_cylinder.079
Fra:7 Mem:56.35M (Peak 103.98M) | Time:00:00.01 | Mem:0.00M, Peak:0.00M | Scene, ViewLayer | Synchronizing object | geometry_0_cylinder.080
Fra:7 Mem:56.33M (Peak 103.98M) | Time:00:00.01 | Mem:0.00M, Peak:0.00M | Scene, ViewLayer | Synchronizing object | geometry_0_sphere.011
Fra:7 Mem:56.34M (Peak 103.98M) | Time:00:00.01 | Mem:0.00M, Peak:0.00M | Scene, ViewLayer | Synchronizing object | geometry_0_cylinder.082
Fra:7 Mem:56.38M (Peak 103.98M) | Time:00:00.01 | Mem:0.00M, Peak:0.00M | Scene, ViewLayer | Synchronizing object | geometry_0_cylinder.083
Fra:7 Mem:56.47M (Peak 103.98M) | Time:00:00.01 | Mem:0.00M, Peak:0.00M | Scene, ViewLayer | Synchronizing object | geometry_0_cylinder.084
Fra:7 Mem:56.51M (Peak 103.98M) | Time:00:00.01 | Mem:0.00M, Peak:0.00M | Scene, ViewLayer | Synchronizing object | geometry_0_cylinder.085
Fra:7 Mem:56.49M (Peak 103.98M) | Time:00:00.01 | Mem:0.00M, Peak:0.00M | Scene, ViewLayer | Synchronizing object | geometry_0_cylinder.086
Fra:7 Mem:56.56M (Peak 103.98M) | Time:00:00.01 | Mem:0.00M, Peak:0.00M | Scene, ViewLayer | Synchronizing object | geometry_0_cylinder.087
Fra:7 Mem:56.65M (Peak 103.98M) | Time:00:00.01 | Mem:0.00M, Peak:0.00M | Scene, ViewLayer | Synchronizing object | geometry_0_sphere.052
Fra:7 Mem:56.69M (Peak 103.98M) | Time:00:00.01 | Mem:0.00M, Peak:0.00M | Scene, ViewLayer | Synchronizing object | geometry_0_sphere.053
Fra:7 Mem:56.77M (Peak 103.98M) | Time:00:00.01 | Mem:0.00M, Peak:0.00M | Scene, ViewLayer | Synchronizing object | geometry_0_sphere.009
Fra:7 Mem:56.96M (Peak 103.98M) | Time:00:00.01 | Mem:0.00M, Peak:0.00M | Scene, ViewLayer | Synchronizing object | geometry_0_sphere.054
Fra:7 Mem:56.98M (Peak 103.98M) | Time:00:00.01 | Mem:0.00M, Peak:0.00M | Scene, ViewLayer | Synchronizing object | geometry_0_sphere.008
Fra:7 Mem:57.28M (Peak 103.98M) | Time:00:00.01 | Mem:0.00M, Peak:0.00M | Scene, ViewLayer | Synchronizing object | geometry_0_sphere.056
Fra:7 Mem:57.30M (Peak 103.98M) | Time:00:00.01 | Mem:0.00M, Peak:0.00M | Scene, ViewLayer | Synchronizing object | geometry_0_sphere.007
Fra:7 Mem:57.44M (Peak 103.98M) | Time:00:00.01 | Mem:0.00M, Peak:0.00M | Scene, ViewLayer | Synchronizing object | geometry_0_sphere.057
Fra:7 Mem:57.57M (Peak 103.98M) | Time:00:00.01 | Mem:0.00M, Peak:0.00M | Scene, ViewLayer | Synchronizing object | geometry_0_sphere.058
Fra:7 Mem:57.62M (Peak 103.98M) | Time:00:00.01 | Mem:0.00M, Peak:0.00M | Scene, ViewLayer | Synchronizing object | geometry_0_cylinder.011
Fra:7 Mem:57.72M (Peak 103.98M) | Time:00:00.01 | Mem:0.00M, Peak:0.00M | Scene, ViewLayer | Synchronizing object | geometry_0_cylinder.010
Fra:7 Mem:57.73M (Peak 103.98M) | Time:00:00.01 | Mem:0.00M, Peak:0.00M | Scene, ViewLayer | Synchronizing object | geometry_0_sphere.059
Fra:7 Mem:57.70M (Peak 103.98M) | Time:00:00.01 | Mem:0.00M, Peak:0.00M | Scene, ViewLayer | Synchronizing object | geometry_0_sphere.060
Fra:7 Mem:57.92M (Peak 103.98M) | Time:00:00.01 | Mem:0.00M, Peak:0.00M | Scene, ViewLayer | Synchronizing object | geometry_0_cylinder.008
Fra:7 Mem:58.00M (Peak 103.98M) | Time:00:00.01 | Mem:0.00M, Peak:0.00M | Scene, ViewLayer | Synchronizing object | geometry_0_cylinder.007
Fra:7 Mem:57.94M (Peak 103.98M) | Time:00:00.01 | Mem:0.00M, Peak:0.00M | Scene, ViewLayer | Synchronizing object | geometry_0_sphere.061
Fra:7 Mem:58.02M (Peak 103.98M) | Time:00:00.01 | Mem:0.00M, Peak:0.00M | Scene, ViewLayer | Synchronizing object | geometry_0_cylinder.006
Fra:7 Mem:58.14M (Peak 103.98M) | Time:00:00.01 | Mem:0.00M, Peak:0.00M | Scene, ViewLayer | Synchronizing object | geometry_0_cylinder.093
Fra:7 Mem:58.24M (Peak 103.98M) | Time:00:00.01 | Mem:0.00M, Peak:0.00M | Scene, ViewLayer | Synchronizing object | geometry_0_cylinder.095
Fra:7 Mem:58.22M (Peak 103.98M) | Time:00:00.01 | Mem:0.00M, Peak:0.00M | Scene, ViewLayer | Synchronizing object | geometry_0_sphere.063
Fra:7 Mem:58.27M (Peak 103.98M) | Time:00:00.01 | Mem:0.00M, Peak:0.00M | Scene, ViewLayer | Synchronizing object | geometry_0_cylinder.094
Fra:7 Mem:58.41M (Peak 103.98M) | Time:00:00.01 | Mem:0.00M, Peak:0.00M | Scene, ViewLayer | Synchronizing object | geometry_0_cylinder.092
Fra:7 Mem:58.49M (Peak 103.98M) | Time:00:00.01 | Mem:0.00M, Peak:0.00M | Scene, ViewLayer | Synchronizing object | geometry_0_cylinder.091
Fra:7 Mem:58.43M (Peak 103.98M) | Time:00:00.01 | Mem:0.00M, Peak:0.00M | Scene, ViewLayer | Synchronizing object | geometry_0_sphere.065
Fra:7 Mem:58.51M (Peak 103.98M) | Time:00:00.01 | Mem:0.00M, Peak:0.00M | Scene, ViewLayer | Synchronizing object | geometry_0_mesh.001
Fra:7 Mem:58.72M (Peak 103.98M) | Time:00:00.01 | Mem:0.00M, Peak:0.00M | Scene, ViewLayer | Synchronizing object | geometry_0_cylinder.090
Fra:7 Mem:58.73M (Peak 103.98M) | Time:00:00.01 | Mem:0.00M, Peak:0.00M | Scene, ViewLayer | Synchronizing object | geometry_0_sphere.067
Fra:7 Mem:58.78M (Peak 103.98M) | Time:00:00.01 | Mem:0.00M, Peak:0.00M | Scene, ViewLayer | Synchronizing object | geometry_0_cylinder.019
Fra:7 Mem:58.93M (Peak 103.98M) | Time:00:00.01 | Mem:0.00M, Peak:0.00M | Scene, ViewLayer | Synchronizing object | geometry_0_cylinder.089
Fra:7 Mem:59.00M (Peak 103.98M) | Time:00:00.01 | Mem:0.00M, Peak:0.00M | Scene, ViewLayer | Synchronizing object | geometry_0_sphere
Fra:7 Mem:59.01M (Peak 103.98M) | Time:00:00.01 | Mem:0.00M, Peak:0.00M | Scene, ViewLayer | Synchronizing object | geometry_0_sphere.070
Fra:7 Mem:59.29M (Peak 103.98M) | Time:00:00.01 | Mem:0.00M, Peak:0.00M | Scene, ViewLayer | Synchronizing object | geometry_0_sphere.083
Fra:7 Mem:59.36M (Peak 103.98M) | Time:00:00.01 | Mem:0.00M, Peak:0.00M | Scene, ViewLayer | Synchronizing object | geometry_0_sphere.071
Fra:7 Mem:59.44M (Peak 103.98M) | Time:00:00.01 | Mem:0.00M, Peak:0.00M | Scene, ViewLayer | Synchronizing object | geometry_0_sphere.072
Fra:7 Mem:59.55M (Peak 103.98M) | Time:00:00.01 | Mem:0.00M, Peak:0.00M | Scene, ViewLayer | Synchronizing object | geometry_0_sphere.082
Fra:7 Mem:59.65M (Peak 103.98M) | Time:00:00.01 | Mem:0.00M, Peak:0.00M | Scene, ViewLayer | Synchronizing object | geometry_0_sphere.073
Fra:7 Mem:59.79M (Peak 103.98M) | Time:00:00.01 | Mem:0.00M, Peak:0.00M | Scene, ViewLayer | Synchronizing object | geometry_0_sphere.074
Fra:7 Mem:59.84M (Peak 103.98M) | Time:00:00.01 | Mem:0.00M, Peak:0.00M | Scene, ViewLayer | Synchronizing object | geometry_0_sphere.081
Fra:7 Mem:60.00M (Peak 103.98M) | Time:00:00.01 | Mem:0.00M, Peak:0.00M | Scene, ViewLayer | Synchronizing object | geometry_0_sphere.075
Fra:7 Mem:60.14M (Peak 103.98M) | Time:00:00.01 | Mem:0.00M, Peak:0.00M | Scene, ViewLayer | Synchronizing object | geometry_0_sphere.076
Fra:7 Mem:60.18M (Peak 103.98M) | Time:00:00.01 | Mem:0.00M, Peak:0.00M | Scene, ViewLayer | Synchronizing object | geometry_0_sphere.080
Fra:7 Mem:60.26M (Peak 103.98M) | Time:00:00.01 | Mem:0.00M, Peak:0.00M | Scene, ViewLayer | Synchronizing object | geometry_0_sphere.077
Fra:7 Mem:60.49M (Peak 103.98M) | Time:00:00.01 | Mem:0.00M, Peak:0.00M | Scene, ViewLayer | Synchronizing object | geometry_0_sphere.078
Fra:7 Mem:60.50M (Peak 103.98M) | Time:00:00.01 | Mem:0.00M, Peak:0.00M | Scene, ViewLayer | Synchronizing object | geometry_0_sphere.079
Fra:7 Mem:60.64M (Peak 103.98M) | Time:00:00.01 | Mem:0.00M, Peak:0.00M | Scene, ViewLayer | Initializing
Fra:7 Mem:52.51M (Peak 103.98M) | Time:00:00.07 | Mem:0.00M, Peak:0.00M | Scene, ViewLayer | Waiting for render to start
Fra:7 Mem:52.51M (Peak 103.98M) | Time:00:00.07 | Mem:0.00M, Peak:0.00M | Scene, ViewLayer | Loading render kernels (may take a few minutes the first time)
Fra:7 Mem:52.51M (Peak 103.98M) | Time:00:00.07 | Mem:0.00M, Peak:0.00M | Scene, ViewLayer | Updating Scene
Fra:7 Mem:52.51M (Peak 103.98M) | Time:00:00.07 | Mem:0.00M, Peak:0.00M | Scene, ViewLayer | Updating Shaders
Fra:7 Mem:52.59M (Peak 103.98M) | Time:00:00.07 | Mem:0.00M, Peak:0.00M | Scene, ViewLayer | Updating Procedurals
Fra:7 Mem:52.59M (Peak 103.98M) | Time:00:00.07 | Mem:0.00M, Peak:0.00M | Scene, ViewLayer | Updating Background
Fra:7 Mem:52.59M (Peak 103.98M) | Time:00:00.07 | Mem:0.00M, Peak:0.00M | Scene, ViewLayer | Updating Camera
Fra:7 Mem:52.59M (Peak 103.98M) | Time:00:00.07 | Mem:0.00M, Peak:0.00M | Scene, ViewLayer | Updating Meshes Flags
Fra:7 Mem:52.59M (Peak 103.98M) | Time:00:00.07 | Mem:0.00M, Peak:0.00M | Scene, ViewLayer | Updating Objects
Fra:7 Mem:52.59M (Peak 103.98M) | Time:00:00.07 | Mem:0.00M, Peak:0.00M | Scene, ViewLayer | Updating Objects | Copying Transformations to device
Fra:7 Mem:52.64M (Peak 103.98M) | Time:00:00.07 | Mem:0.04M, Peak:0.04M | Scene, ViewLayer | Updating Objects | Applying Static Transformations
Fra:7 Mem:52.64M (Peak 103.98M) | Time:00:00.07 | Mem:0.04M, Peak:0.04M | Scene, ViewLayer | Updating Particle Systems
Fra:7 Mem:52.64M (Peak 103.98M) | Time:00:00.07 | Mem:0.04M, Peak:0.04M | Scene, ViewLayer | Updating Particle Systems | Copying Particles to device
Fra:7 Mem:52.64M (Peak 103.98M) | Time:00:00.07 | Mem:0.04M, Peak:0.04M | Scene, ViewLayer | Updating Meshes
Fra:7 Mem:54.10M (Peak 103.98M) | Time:00:00.07 | Mem:0.04M, Peak:0.04M | Scene, ViewLayer | Updating Mesh | Computing attributes
Fra:7 Mem:56.32M (Peak 103.98M) | Time:00:00.07 | Mem:0.06M, Peak:0.06M | Scene, ViewLayer | Updating Mesh | Copying Attributes to device
Fra:7 Mem:56.29M (Peak 103.98M) | Time:00:00.07 | Mem:2.24M, Peak:2.24M | Scene, ViewLayer | Updating Scene BVH | Building
Fra:7 Mem:56.30M (Peak 103.98M) | Time:00:00.07 | Mem:2.24M, Peak:2.24M | Scene, ViewLayer | Updating Scene BVH | Building BVH
Fra:7 Mem:56.30M (Peak 103.98M) | Time:00:00.07 | Mem:5.17M, Peak:5.17M | Scene, ViewLayer | Updating Scene BVH | Building BVH 0%
Fra:7 Mem:56.30M (Peak 103.98M) | Time:00:00.08 | Mem:8.66M, Peak:11.59M | Scene, ViewLayer | Updating Scene BVH | Copying BVH to device
Fra:7 Mem:56.30M (Peak 103.98M) | Time:00:00.08 | Mem:8.66M, Peak:11.59M | Scene, ViewLayer | Updating Mesh | Computing normals
Fra:7 Mem:63.95M (Peak 103.98M) | Time:00:00.09 | Mem:8.66M, Peak:11.59M | Scene, ViewLayer | Updating Mesh | Copying Mesh to device
Fra:7 Mem:63.95M (Peak 103.98M) | Time:00:00.09 | Mem:16.31M, Peak:16.31M | Scene, ViewLayer | Updating Objects Flags
Fra:7 Mem:63.95M (Peak 103.98M) | Time:00:00.09 | Mem:16.31M, Peak:16.31M | Scene, ViewLayer | Updating Primitive Offsets
Fra:7 Mem:63.95M (Peak 103.98M) | Time:00:00.09 | Mem:16.31M, Peak:16.31M | Scene, ViewLayer | Updating Images
Fra:7 Mem:63.95M (Peak 103.98M) | Time:00:00.09 | Mem:16.31M, Peak:16.31M | Scene, ViewLayer | Updating Camera Volume
Fra:7 Mem:63.95M (Peak 103.98M) | Time:00:00.09 | Mem:16.31M, Peak:16.31M | Scene, ViewLayer | Updating Lookup Tables
Fra:7 Mem:63.95M (Peak 103.98M) | Time:00:00.09 | Mem:16.39M, Peak:16.39M | Scene, ViewLayer | Updating Lights
Fra:7 Mem:63.95M (Peak 103.98M) | Time:00:00.09 | Mem:16.39M, Peak:16.39M | Scene, ViewLayer | Updating Lights | Computing distribution
Fra:7 Mem:63.95M (Peak 103.98M) | Time:00:00.09 | Mem:16.39M, Peak:16.39M | Scene, ViewLayer | Updating Lights | Computing tree
Fra:7 Mem:63.95M (Peak 103.98M) | Time:00:00.09 | Mem:16.39M, Peak:16.39M | Scene, ViewLayer | Updating Integrator
Fra:7 Mem:64.95M (Peak 103.98M) | Time:00:00.09 | Mem:17.39M, Peak:17.39M | Scene, ViewLayer | Updating Film
Fra:7 Mem:64.95M (Peak 103.98M) | Time:00:00.09 | Mem:17.31M, Peak:17.39M | Scene, ViewLayer | Updating Lookup Tables
Fra:7 Mem:64.95M (Peak 103.98M) | Time:00:00.09 | Mem:17.40M, Peak:17.40M | Scene, ViewLayer | Updating Baking
Fra:7 Mem:64.95M (Peak 103.98M) | Time:00:00.09 | Mem:17.40M, Peak:17.40M | Scene, ViewLayer | Updating Device | Writing constant memory
Fra:7 Mem:64.96M (Peak 103.98M) | Time:00:00.09 | Mem:17.40M, Peak:17.40M | Scene, ViewLayer | Sample 0/32
Fra:7 Mem:83.97M (Peak 103.98M) | Time:00:00.10 | Remaining:00:00.53 | Mem:36.40M, Peak:36.40M | Scene, ViewLayer | Sample 1/32
Fra:7 Mem:91.97M (Peak 103.98M) | Time:00:02.39 | Mem:36.40M, Peak:36.40M | Scene, ViewLayer | Sample 32/32
Fra:7 Mem:91.97M (Peak 103.98M) | Time:00:02.39 | Mem:36.40M, Peak:36.40M | Scene, ViewLayer | Finished
Fra:7 Mem:50.22M (Peak 103.98M) | Time:00:02.39 | Compositing
Fra:7 Mem:50.22M (Peak 103.98M) | Time:00:02.39 | Compositing | Determining resolution
Fra:7 Mem:50.22M (Peak 103.98M) | Time:00:02.39 | Compositing | Initializing execution
Fra:7 Mem:50.22M (Peak 103.98M) | Time:00:02.40 | Compositing | De-initializing execution
Saved: '/vepfs_default/chanxueyan/lhp/lms/aDSL/temp/geometry_expression_20260929/B/SF21/views/render_0007.png'
Time: 00:02.47 (Saving: 00:00.07)

Fra:8 Mem:50.33M (Peak 103.98M) | Time:00:00.01 | Mem:0.00M, Peak:0.00M | Scene, ViewLayer | Synchronizing object | geometry_0_mesh
Fra:8 Mem:50.40M (Peak 103.98M) | Time:00:00.01 | Mem:0.00M, Peak:0.00M | Scene, ViewLayer | Synchronizing object | geometry_0_cylinder.018
Fra:8 Mem:50.40M (Peak 103.98M) | Time:00:00.01 | Mem:0.00M, Peak:0.00M | Scene, ViewLayer | Synchronizing object | geometry_0_mesh.003
Fra:8 Mem:50.48M (Peak 103.98M) | Time:00:00.01 | Mem:0.00M, Peak:0.00M | Scene, ViewLayer | Synchronizing object | geometry_0_mesh.002
Fra:8 Mem:50.53M (Peak 103.98M) | Time:00:00.01 | Mem:0.00M, Peak:0.00M | Scene, ViewLayer | Synchronizing object | geometry_0_mesh.004
Fra:8 Mem:50.63M (Peak 103.98M) | Time:00:00.01 | Mem:0.00M, Peak:0.00M | Scene, ViewLayer | Synchronizing object | geometry_0_cylinder.088
Fra:8 Mem:50.62M (Peak 103.98M) | Time:00:00.01 | Mem:0.00M, Peak:0.00M | Scene, ViewLayer | Synchronizing object | geometry_0_cylinder.020
Fra:8 Mem:50.63M (Peak 103.98M) | Time:00:00.01 | Mem:0.00M, Peak:0.00M | Scene, ViewLayer | Synchronizing object | geometry_0_cylinder.021
Fra:8 Mem:50.64M (Peak 103.98M) | Time:00:00.01 | Mem:0.00M, Peak:0.00M | Scene, ViewLayer | Synchronizing object | geometry_0_cylinder.022
Fra:8 Mem:50.66M (Peak 103.98M) | Time:00:00.01 | Mem:0.00M, Peak:0.00M | Scene, ViewLayer | Synchronizing object | geometry_0_cylinder.023
Fra:8 Mem:50.67M (Peak 103.98M) | Time:00:00.01 | Mem:0.00M, Peak:0.00M | Scene, ViewLayer | Synchronizing object | geometry_0_cylinder.024
Fra:8 Mem:50.68M (Peak 103.98M) | Time:00:00.01 | Mem:0.00M, Peak:0.00M | Scene, ViewLayer | Synchronizing object | geometry_0_cylinder.025
Fra:8 Mem:50.69M (Peak 103.98M) | Time:00:00.01 | Mem:0.00M, Peak:0.00M | Scene, ViewLayer | Synchronizing object | geometry_0_cylinder.026
Fra:8 Mem:50.70M (Peak 103.98M) | Time:00:00.01 | Mem:0.00M, Peak:0.00M | Scene, ViewLayer | Synchronizing object | geometry_0_cylinder.027
Fra:8 Mem:50.71M (Peak 103.98M) | Time:00:00.01 | Mem:0.00M, Peak:0.00M | Scene, ViewLayer | Synchronizing object | geometry_0_cylinder.028
Fra:8 Mem:50.71M (Peak 103.98M) | Time:00:00.01 | Mem:0.00M, Peak:0.00M | Scene, ViewLayer | Synchronizing object | geometry_0_cylinder.029
Fra:8 Mem:50.73M (Peak 103.98M) | Time:00:00.01 | Mem:0.00M, Peak:0.00M | Scene, ViewLayer | Synchronizing object | geometry_0_cylinder.030
Fra:8 Mem:50.74M (Peak 103.98M) | Time:00:00.01 | Mem:0.00M, Peak:0.00M | Scene, ViewLayer | Synchronizing object | geometry_0_cylinder.031
Fra:8 Mem:50.76M (Peak 103.98M) | Time:00:00.01 | Mem:0.00M, Peak:0.00M | Scene, ViewLayer | Synchronizing object | geometry_0_cylinder.032
Fra:8 Mem:50.76M (Peak 103.98M) | Time:00:00.01 | Mem:0.00M, Peak:0.00M | Scene, ViewLayer | Synchronizing object | geometry_0_cylinder.033
Fra:8 Mem:50.77M (Peak 103.98M) | Time:00:00.01 | Mem:0.00M, Peak:0.00M | Scene, ViewLayer | Synchronizing object | geometry_0_cylinder.034
Fra:8 Mem:50.79M (Peak 103.98M) | Time:00:00.01 | Mem:0.00M, Peak:0.00M | Scene, ViewLayer | Synchronizing object | geometry_0_cylinder.035
Fra:8 Mem:50.80M (Peak 103.98M) | Time:00:00.01 | Mem:0.00M, Peak:0.00M | Scene, ViewLayer | Synchronizing object | geometry_0_cylinder.036
Fra:8 Mem:50.80M (Peak 103.98M) | Time:00:00.01 | Mem:0.00M, Peak:0.00M | Scene, ViewLayer | Synchronizing object | geometry_0_cylinder.037
Fra:8 Mem:50.82M (Peak 103.98M) | Time:00:00.01 | Mem:0.00M, Peak:0.00M | Scene, ViewLayer | Synchronizing object | geometry_0_cylinder.038
Fra:8 Mem:50.84M (Peak 103.98M) | Time:00:00.01 | Mem:0.00M, Peak:0.00M | Scene, ViewLayer | Synchronizing object | geometry_0_cylinder.039
Fra:8 Mem:50.84M (Peak 103.98M) | Time:00:00.01 | Mem:0.00M, Peak:0.00M | Scene, ViewLayer | Synchronizing object | geometry_0_cylinder.040
Fra:8 Mem:50.86M (Peak 103.98M) | Time:00:00.01 | Mem:0.00M, Peak:0.00M | Scene, ViewLayer | Synchronizing object | geometry_0_cylinder.041
Fra:8 Mem:50.87M (Peak 103.98M) | Time:00:00.01 | Mem:0.00M, Peak:0.00M | Scene, ViewLayer | Synchronizing object | geometry_0_cylinder.042
Fra:8 Mem:50.88M (Peak 103.98M) | Time:00:00.01 | Mem:0.00M, Peak:0.00M | Scene, ViewLayer | Synchronizing object | geometry_0_cylinder.043
Fra:8 Mem:50.89M (Peak 103.98M) | Time:00:00.01 | Mem:0.00M, Peak:0.00M | Scene, ViewLayer | Synchronizing object | geometry_0_cylinder.044
Fra:8 Mem:50.90M (Peak 103.98M) | Time:00:00.01 | Mem:0.00M, Peak:0.00M | Scene, ViewLayer | Synchronizing object | geometry_0_cylinder.045
Fra:8 Mem:50.91M (Peak 103.98M) | Time:00:00.01 | Mem:0.00M, Peak:0.00M | Scene, ViewLayer | Synchronizing object | geometry_0_cylinder.046
Fra:8 Mem:50.93M (Peak 103.98M) | Time:00:00.01 | Mem:0.00M, Peak:0.00M | Scene, ViewLayer | Synchronizing object | geometry_0_cylinder.047
Fra:8 Mem:50.94M (Peak 103.98M) | Time:00:00.01 | Mem:0.00M, Peak:0.00M | Scene, ViewLayer | Synchronizing object | geometry_0_cylinder.048
Fra:8 Mem:50.95M (Peak 103.98M) | Time:00:00.01 | Mem:0.00M, Peak:0.00M | Scene, ViewLayer | Synchronizing object | geometry_0_cylinder.049
Fra:8 Mem:50.96M (Peak 103.98M) | Time:00:00.01 | Mem:0.00M, Peak:0.00M | Scene, ViewLayer | Synchronizing object | geometry_0_cylinder.050
Fra:8 Mem:50.97M (Peak 103.98M) | Time:00:00.01 | Mem:0.00M, Peak:0.00M | Scene, ViewLayer | Synchronizing object | geometry_0_cylinder.051
Fra:8 Mem:50.98M (Peak 103.98M) | Time:00:00.01 | Mem:0.00M, Peak:0.00M | Scene, ViewLayer | Synchronizing object | geometry_0_cylinder.052
Fra:8 Mem:50.99M (Peak 103.98M) | Time:00:00.01 | Mem:0.00M, Peak:0.00M | Scene, ViewLayer | Synchronizing object | geometry_0_cylinder.053
Fra:8 Mem:51.00M (Peak 103.98M) | Time:00:00.01 | Mem:0.00M, Peak:0.00M | Scene, ViewLayer | Synchronizing object | geometry_0_sphere.019
Fra:8 Mem:51.08M (Peak 103.98M) | Time:00:00.01 | Mem:0.00M, Peak:0.00M | Scene, ViewLayer | Synchronizing object | geometry_0_sphere.020
Fra:8 Mem:51.22M (Peak 103.98M) | Time:00:00.01 | Mem:0.00M, Peak:0.00M | Scene, ViewLayer | Synchronizing object | geometry_0_sphere.021
Fra:8 Mem:51.30M (Peak 103.98M) | Time:00:00.01 | Mem:0.00M, Peak:0.00M | Scene, ViewLayer | Synchronizing object | geometry_0_sphere.022
Fra:8 Mem:51.43M (Peak 103.98M) | Time:00:00.01 | Mem:0.00M, Peak:0.00M | Scene, ViewLayer | Synchronizing object | geometry_0_sphere.023
Fra:8 Mem:51.57M (Peak 103.98M) | Time:00:00.01 | Mem:0.00M, Peak:0.00M | Scene, ViewLayer | Synchronizing object | geometry_0_sphere.024
Fra:8 Mem:51.62M (Peak 103.98M) | Time:00:00.01 | Mem:0.00M, Peak:0.00M | Scene, ViewLayer | Synchronizing object | geometry_0_sphere.025
Fra:8 Mem:51.79M (Peak 103.98M) | Time:00:00.01 | Mem:0.00M, Peak:0.00M | Scene, ViewLayer | Synchronizing object | geometry_0_sphere.006
Fra:8 Mem:51.80M (Peak 103.98M) | Time:00:00.01 | Mem:0.00M, Peak:0.00M | Scene, ViewLayer | Synchronizing object | geometry_0_sphere.027
Fra:8 Mem:52.14M (Peak 103.98M) | Time:00:00.01 | Mem:0.00M, Peak:0.00M | Scene, ViewLayer | Synchronizing object | geometry_0_sphere.005
Fra:8 Mem:52.18M (Peak 103.98M) | Time:00:00.01 | Mem:0.00M, Peak:0.00M | Scene, ViewLayer | Synchronizing object | geometry_0_sphere.028
Fra:8 Mem:52.23M (Peak 103.98M) | Time:00:00.01 | Mem:0.00M, Peak:0.00M | Scene, ViewLayer | Synchronizing object | geometry_0_sphere.029
Fra:8 Mem:52.39M (Peak 103.98M) | Time:00:00.01 | Mem:0.00M, Peak:0.00M | Scene, ViewLayer | Synchronizing object | geometry_0_sphere.004
Fra:8 Mem:52.47M (Peak 103.98M) | Time:00:00.01 | Mem:0.00M, Peak:0.00M | Scene, ViewLayer | Synchronizing object | geometry_0_sphere.030
Fra:8 Mem:52.64M (Peak 103.98M) | Time:00:00.01 | Mem:0.00M, Peak:0.00M | Scene, ViewLayer | Synchronizing object | geometry_0_sphere.031
Fra:8 Mem:52.68M (Peak 103.98M) | Time:00:00.01 | Mem:0.00M, Peak:0.00M | Scene, ViewLayer | Synchronizing object | geometry_0_sphere.003
Fra:8 Mem:52.76M (Peak 103.98M) | Time:00:00.01 | Mem:0.00M, Peak:0.00M | Scene, ViewLayer | Synchronizing object | geometry_0_sphere.032
Fra:8 Mem:52.99M (Peak 103.98M) | Time:00:00.01 | Mem:0.00M, Peak:0.00M | Scene, ViewLayer | Synchronizing object | geometry_0_sphere.002
Fra:8 Mem:52.97M (Peak 103.98M) | Time:00:00.01 | Mem:0.00M, Peak:0.00M | Scene, ViewLayer | Synchronizing object | geometry_0_sphere.033
Fra:8 Mem:53.11M (Peak 103.98M) | Time:00:00.01 | Mem:0.00M, Peak:0.00M | Scene, ViewLayer | Synchronizing object | geometry_0_sphere.034
Fra:8 Mem:53.22M (Peak 103.98M) | Time:00:00.01 | Mem:0.00M, Peak:0.00M | Scene, ViewLayer | Synchronizing object | geometry_0_sphere.001
Fra:8 Mem:53.35M (Peak 103.98M) | Time:00:00.01 | Mem:0.00M, Peak:0.00M | Scene, ViewLayer | Synchronizing object | geometry_0_sphere.035
Fra:8 Mem:53.43M (Peak 103.98M) | Time:00:00.01 | Mem:0.00M, Peak:0.00M | Scene, ViewLayer | Synchronizing object | geometry_0_sphere.036
Fra:8 Mem:53.47M (Peak 103.98M) | Time:00:00.01 | Mem:0.00M, Peak:0.00M | Scene, ViewLayer | Synchronizing object | geometry_0_cylinder.005
Fra:8 Mem:53.58M (Peak 103.98M) | Time:00:00.01 | Mem:0.00M, Peak:0.00M | Scene, ViewLayer | Synchronizing object | geometry_0_cylinder.004
Fra:8 Mem:53.65M (Peak 103.98M) | Time:00:00.01 | Mem:0.00M, Peak:0.00M | Scene, ViewLayer | Synchronizing object | geometry_0_cylinder.003
Fra:8 Mem:53.60M (Peak 103.98M) | Time:00:00.01 | Mem:0.00M, Peak:0.00M | Scene, ViewLayer | Synchronizing object | geometry_0_sphere.038
Fra:8 Mem:53.67M (Peak 103.98M) | Time:00:00.01 | Mem:0.00M, Peak:0.00M | Scene, ViewLayer | Synchronizing object | geometry_0_cylinder.002
Fra:8 Mem:53.79M (Peak 103.98M) | Time:00:00.01 | Mem:0.00M, Peak:0.00M | Scene, ViewLayer | Synchronizing object | geometry_0_cylinder.001
Fra:8 Mem:53.89M (Peak 103.98M) | Time:00:00.01 | Mem:0.00M, Peak:0.00M | Scene, ViewLayer | Synchronizing object | geometry_0_cylinder
Fra:8 Mem:53.84M (Peak 103.98M) | Time:00:00.01 | Mem:0.00M, Peak:0.00M | Scene, ViewLayer | Synchronizing object | geometry_0_sphere.039
Fra:8 Mem:53.92M (Peak 103.98M) | Time:00:00.01 | Mem:0.00M, Peak:0.00M | Scene, ViewLayer | Synchronizing object | geometry_0_sphere.018
Fra:8 Mem:54.16M (Peak 103.98M) | Time:00:00.01 | Mem:0.00M, Peak:0.00M | Scene, ViewLayer | Synchronizing object | geometry_0_sphere.041
Fra:8 Mem:54.27M (Peak 103.98M) | Time:00:00.01 | Mem:0.00M, Peak:0.00M | Scene, ViewLayer | Synchronizing object | geometry_0_sphere.017
Fra:8 Mem:54.31M (Peak 103.98M) | Time:00:00.01 | Mem:0.00M, Peak:0.00M | Scene, ViewLayer | Synchronizing object | geometry_0_sphere.042
Fra:8 Mem:54.45M (Peak 103.98M) | Time:00:00.01 | Mem:0.00M, Peak:0.00M | Scene, ViewLayer | Synchronizing object | geometry_0_sphere.043
Fra:8 Mem:54.56M (Peak 103.98M) | Time:00:00.01 | Mem:0.00M, Peak:0.00M | Scene, ViewLayer | Synchronizing object | geometry_0_sphere.016
Fra:8 Mem:54.72M (Peak 103.98M) | Time:00:00.01 | Mem:0.00M, Peak:0.00M | Scene, ViewLayer | Synchronizing object | geometry_0_sphere.044
Fra:8 Mem:54.77M (Peak 103.98M) | Time:00:00.01 | Mem:0.00M, Peak:0.00M | Scene, ViewLayer | Synchronizing object | geometry_0_sphere.045
Fra:8 Mem:54.82M (Peak 103.98M) | Time:00:00.01 | Mem:0.00M, Peak:0.00M | Scene, ViewLayer | Synchronizing object | geometry_0_sphere.015
Fra:8 Mem:55.01M (Peak 103.98M) | Time:00:00.01 | Mem:0.00M, Peak:0.00M | Scene, ViewLayer | Synchronizing object | geometry_0_sphere.046
Fra:8 Mem:55.01M (Peak 103.98M) | Time:00:00.01 | Mem:0.00M, Peak:0.00M | Scene, ViewLayer | Synchronizing object | geometry_0_sphere.014
Fra:8 Mem:55.36M (Peak 103.98M) | Time:00:00.01 | Mem:0.00M, Peak:0.00M | Scene, ViewLayer | Synchronizing object | geometry_0_sphere.048
Fra:8 Mem:55.38M (Peak 103.98M) | Time:00:00.01 | Mem:0.00M, Peak:0.00M | Scene, ViewLayer | Synchronizing object | geometry_0_sphere.013
Fra:8 Mem:55.48M (Peak 103.98M) | Time:00:00.01 | Mem:0.00M, Peak:0.00M | Scene, ViewLayer | Synchronizing object | geometry_0_sphere.049
Fra:8 Mem:55.68M (Peak 103.98M) | Time:00:00.01 | Mem:0.00M, Peak:0.00M | Scene, ViewLayer | Synchronizing object | geometry_0_sphere.050
Fra:8 Mem:55.70M (Peak 103.98M) | Time:00:00.01 | Mem:0.00M, Peak:0.00M | Scene, ViewLayer | Synchronizing object | geometry_0_cylinder.017
Fra:8 Mem:55.74M (Peak 103.98M) | Time:00:00.01 | Mem:0.00M, Peak:0.00M | Scene, ViewLayer | Synchronizing object | geometry_0_sphere.051
Fra:8 Mem:55.81M (Peak 103.98M) | Time:00:00.01 | Mem:0.00M, Peak:0.00M | Scene, ViewLayer | Synchronizing object | geometry_0_cylinder.016
Fra:8 Mem:55.92M (Peak 103.98M) | Time:00:00.01 | Mem:0.00M, Peak:0.00M | Scene, ViewLayer | Synchronizing object | geometry_0_cylinder.015
Fra:8 Mem:55.96M (Peak 103.98M) | Time:00:00.01 | Mem:0.00M, Peak:0.00M | Scene, ViewLayer | Synchronizing object | geometry_0_cylinder.014
Fra:8 Mem:55.90M (Peak 103.98M) | Time:00:00.01 | Mem:0.00M, Peak:0.00M | Scene, ViewLayer | Synchronizing object | geometry_0_cylinder.055
Fra:8 Mem:55.91M (Peak 103.98M) | Time:00:00.01 | Mem:0.00M, Peak:0.00M | Scene, ViewLayer | Synchronizing object | geometry_0_cylinder.013
Fra:8 Mem:55.93M (Peak 103.98M) | Time:00:00.01 | Mem:0.00M, Peak:0.00M | Scene, ViewLayer | Synchronizing object | geometry_0_cylinder.056
Fra:8 Mem:55.95M (Peak 103.98M) | Time:00:00.01 | Mem:0.00M, Peak:0.00M | Scene, ViewLayer | Synchronizing object | geometry_0_cylinder.012
Fra:8 Mem:55.95M (Peak 103.98M) | Time:00:00.01 | Mem:0.00M, Peak:0.00M | Scene, ViewLayer | Synchronizing object | geometry_0_cylinder.058
Fra:8 Mem:55.98M (Peak 103.98M) | Time:00:00.01 | Mem:0.00M, Peak:0.00M | Scene, ViewLayer | Synchronizing object | geometry_0_sphere.012
Fra:8 Mem:56.06M (Peak 103.98M) | Time:00:00.01 | Mem:0.00M, Peak:0.00M | Scene, ViewLayer | Synchronizing object | geometry_0_cylinder.059
Fra:8 Mem:56.10M (Peak 103.98M) | Time:00:00.02 | Mem:0.00M, Peak:0.00M | Scene, ViewLayer | Synchronizing object | geometry_0_cylinder.060
Fra:8 Mem:56.14M (Peak 103.98M) | Time:00:00.02 | Mem:0.00M, Peak:0.00M | Scene, ViewLayer | Synchronizing object | geometry_0_cylinder.061
Fra:8 Mem:56.12M (Peak 103.98M) | Time:00:00.02 | Mem:0.00M, Peak:0.00M | Scene, ViewLayer | Synchronizing object | geometry_0_cylinder.062
Fra:8 Mem:56.13M (Peak 103.98M) | Time:00:00.02 | Mem:0.00M, Peak:0.00M | Scene, ViewLayer | Synchronizing object | geometry_0_cylinder.063
Fra:8 Mem:56.18M (Peak 103.98M) | Time:00:00.02 | Mem:0.00M, Peak:0.00M | Scene, ViewLayer | Synchronizing object | geometry_0_cylinder.064
Fra:8 Mem:56.26M (Peak 103.98M) | Time:00:00.02 | Mem:0.00M, Peak:0.00M | Scene, ViewLayer | Synchronizing object | geometry_0_cylinder.065
Fra:8 Mem:56.30M (Peak 103.98M) | Time:00:00.02 | Mem:0.00M, Peak:0.00M | Scene, ViewLayer | Synchronizing object | geometry_0_cylinder.066
Fra:8 Mem:56.27M (Peak 103.98M) | Time:00:00.02 | Mem:0.00M, Peak:0.00M | Scene, ViewLayer | Synchronizing object | geometry_0_sphere.010
Fra:8 Mem:56.37M (Peak 103.98M) | Time:00:00.02 | Mem:0.00M, Peak:0.00M | Scene, ViewLayer | Synchronizing object | geometry_0_cylinder.068
Fra:8 Mem:56.41M (Peak 103.98M) | Time:00:00.02 | Mem:0.00M, Peak:0.00M | Scene, ViewLayer | Synchronizing object | geometry_0_cylinder.069
Fra:8 Mem:56.45M (Peak 103.98M) | Time:00:00.02 | Mem:0.00M, Peak:0.00M | Scene, ViewLayer | Synchronizing object | geometry_0_cylinder.070
Fra:8 Mem:56.43M (Peak 103.98M) | Time:00:00.02 | Mem:0.00M, Peak:0.00M | Scene, ViewLayer | Synchronizing object | geometry_0_cylinder.071
Fra:8 Mem:56.44M (Peak 103.98M) | Time:00:00.02 | Mem:0.00M, Peak:0.00M | Scene, ViewLayer | Synchronizing object | geometry_0_cylinder.072
Fra:8 Mem:56.44M (Peak 103.98M) | Time:00:00.02 | Mem:0.00M, Peak:0.00M | Scene, ViewLayer | Synchronizing object | geometry_0_cylinder.073
Fra:8 Mem:56.60M (Peak 103.98M) | Time:00:00.02 | Mem:0.00M, Peak:0.00M | Scene, ViewLayer | Synchronizing object | geometry_0_cylinder.074
Fra:8 Mem:56.61M (Peak 103.98M) | Time:00:00.02 | Mem:0.00M, Peak:0.00M | Scene, ViewLayer | Synchronizing object | geometry_0_cylinder.075
Fra:8 Mem:56.59M (Peak 103.98M) | Time:00:00.02 | Mem:0.00M, Peak:0.00M | Scene, ViewLayer | Synchronizing object | geometry_0_cylinder.076
Fra:8 Mem:56.59M (Peak 103.98M) | Time:00:00.02 | Mem:0.00M, Peak:0.00M | Scene, ViewLayer | Synchronizing object | geometry_0_cylinder.077
Fra:8 Mem:56.61M (Peak 103.98M) | Time:00:00.02 | Mem:0.00M, Peak:0.00M | Scene, ViewLayer | Synchronizing object | geometry_0_cylinder.078
Fra:8 Mem:56.62M (Peak 103.98M) | Time:00:00.02 | Mem:0.00M, Peak:0.00M | Scene, ViewLayer | Synchronizing object | geometry_0_cylinder.079
Fra:8 Mem:56.62M (Peak 103.98M) | Time:00:00.02 | Mem:0.00M, Peak:0.00M | Scene, ViewLayer | Synchronizing object | geometry_0_cylinder.080
Fra:8 Mem:56.79M (Peak 103.98M) | Time:00:00.02 | Mem:0.00M, Peak:0.00M | Scene, ViewLayer | Synchronizing object | geometry_0_cylinder.081
Fra:8 Mem:56.79M (Peak 103.98M) | Time:00:00.02 | Mem:0.00M, Peak:0.00M | Scene, ViewLayer | Synchronizing object | geometry_0_cylinder.082
Fra:8 Mem:56.77M (Peak 103.98M) | Time:00:00.02 | Mem:0.00M, Peak:0.00M | Scene, ViewLayer | Synchronizing object | geometry_0_cylinder.083
Fra:8 Mem:56.78M (Peak 103.98M) | Time:00:00.02 | Mem:0.00M, Peak:0.00M | Scene, ViewLayer | Synchronizing object | geometry_0_cylinder.084
Fra:8 Mem:56.83M (Peak 103.98M) | Time:00:00.02 | Mem:0.00M, Peak:0.00M | Scene, ViewLayer | Synchronizing object | geometry_0_cylinder.085
Fra:8 Mem:56.95M (Peak 103.98M) | Time:00:00.02 | Mem:0.00M, Peak:0.00M | Scene, ViewLayer | Synchronizing object | geometry_0_cylinder.086
Fra:8 Mem:56.95M (Peak 103.98M) | Time:00:00.02 | Mem:0.00M, Peak:0.00M | Scene, ViewLayer | Synchronizing object | geometry_0_cylinder.087
Fra:8 Mem:56.92M (Peak 103.98M) | Time:00:00.02 | Mem:0.00M, Peak:0.00M | Scene, ViewLayer | Synchronizing object | geometry_0_sphere.052
Fra:8 Mem:56.93M (Peak 103.98M) | Time:00:00.02 | Mem:0.00M, Peak:0.00M | Scene, ViewLayer | Synchronizing object | geometry_0_sphere.053
Fra:8 Mem:57.13M (Peak 103.98M) | Time:00:00.02 | Mem:0.00M, Peak:0.00M | Scene, ViewLayer | Synchronizing object | geometry_0_cylinder.010
Fra:8 Mem:57.23M (Peak 103.98M) | Time:00:00.02 | Mem:0.00M, Peak:0.00M | Scene, ViewLayer | Synchronizing object | geometry_0_cylinder.009
Fra:8 Mem:57.21M (Peak 103.98M) | Time:00:00.02 | Mem:0.00M, Peak:0.00M | Scene, ViewLayer | Synchronizing object | geometry_0_sphere.054
Fra:8 Mem:57.23M (Peak 103.98M) | Time:00:00.02 | Mem:0.00M, Peak:0.00M | Scene, ViewLayer | Synchronizing object | geometry_0_sphere.055
Fra:8 Mem:57.34M (Peak 103.98M) | Time:00:00.02 | Mem:0.00M, Peak:0.00M | Scene, ViewLayer | Synchronizing object | geometry_0_cylinder.007
Fra:8 Mem:57.44M (Peak 103.98M) | Time:00:00.02 | Mem:0.00M, Peak:0.00M | Scene, ViewLayer | Synchronizing object | geometry_0_cylinder.006
Fra:8 Mem:57.42M (Peak 103.98M) | Time:00:00.02 | Mem:0.00M, Peak:0.00M | Scene, ViewLayer | Synchronizing object | geometry_0_sphere.056
Fra:8 Mem:57.50M (Peak 103.98M) | Time:00:00.02 | Mem:0.00M, Peak:0.00M | Scene, ViewLayer | Synchronizing object | geometry_0_cylinder.093
Fra:8 Mem:57.54M (Peak 103.98M) | Time:00:00.02 | Mem:0.00M, Peak:0.00M | Scene, ViewLayer | Synchronizing object | geometry_0_sphere.057
Fra:8 Mem:57.62M (Peak 103.98M) | Time:00:00.02 | Mem:0.00M, Peak:0.00M | Scene, ViewLayer | Synchronizing object | geometry_0_cylinder.095
Fra:8 Mem:57.62M (Peak 103.98M) | Time:00:00.02 | Mem:0.00M, Peak:0.00M | Scene, ViewLayer | Synchronizing object | geometry_0_sphere.058
Fra:8 Mem:57.70M (Peak 103.98M) | Time:00:00.02 | Mem:0.00M, Peak:0.00M | Scene, ViewLayer | Synchronizing object | geometry_0_cylinder.094
Fra:8 Mem:57.81M (Peak 103.98M) | Time:00:00.02 | Mem:0.00M, Peak:0.00M | Scene, ViewLayer | Synchronizing object | geometry_0_cylinder.092
Fra:8 Mem:57.82M (Peak 103.98M) | Time:00:00.02 | Mem:0.00M, Peak:0.00M | Scene, ViewLayer | Synchronizing object | geometry_0_sphere.059
Fra:8 Mem:57.83M (Peak 103.98M) | Time:00:00.02 | Mem:0.00M, Peak:0.00M | Scene, ViewLayer | Synchronizing object | geometry_0_sphere.060
Fra:8 Mem:57.98M (Peak 103.98M) | Time:00:00.02 | Mem:0.00M, Peak:0.00M | Scene, ViewLayer | Synchronizing object | geometry_0_mesh.001
Fra:8 Mem:58.12M (Peak 103.98M) | Time:00:00.02 | Mem:0.00M, Peak:0.00M | Scene, ViewLayer | Synchronizing object | geometry_0_cylinder.090
Fra:8 Mem:58.06M (Peak 103.98M) | Time:00:00.02 | Mem:0.00M, Peak:0.00M | Scene, ViewLayer | Synchronizing object | geometry_0_sphere.062
Fra:8 Mem:58.07M (Peak 103.98M) | Time:00:00.02 | Mem:0.00M, Peak:0.00M | Scene, ViewLayer | Synchronizing object | geometry_0_cylinder.019
Fra:8 Mem:58.26M (Peak 103.98M) | Time:00:00.02 | Mem:0.00M, Peak:0.00M | Scene, ViewLayer | Synchronizing object | geometry_0_cylinder.089
Fra:8 Mem:58.33M (Peak 103.98M) | Time:00:00.02 | Mem:0.00M, Peak:0.00M | Scene, ViewLayer | Synchronizing object | geometry_0_sphere
Fra:8 Mem:58.41M (Peak 103.98M) | Time:00:00.02 | Mem:0.00M, Peak:0.00M | Scene, ViewLayer | Synchronizing object | geometry_0_sphere.063
Fra:8 Mem:58.48M (Peak 103.98M) | Time:00:00.02 | Mem:0.00M, Peak:0.00M | Scene, ViewLayer | Synchronizing object | geometry_0_sphere.064
Fra:8 Mem:58.65M (Peak 103.98M) | Time:00:00.02 | Mem:0.00M, Peak:0.00M | Scene, ViewLayer | Synchronizing object | geometry_0_sphere.083
Fra:8 Mem:58.67M (Peak 103.98M) | Time:00:00.02 | Mem:0.00M, Peak:0.00M | Scene, ViewLayer | Synchronizing object | geometry_0_sphere.065
Fra:8 Mem:58.80M (Peak 103.98M) | Time:00:00.02 | Mem:0.00M, Peak:0.00M | Scene, ViewLayer | Synchronizing object | geometry_0_sphere.066
Fra:8 Mem:58.94M (Peak 103.98M) | Time:00:00.02 | Mem:0.00M, Peak:0.00M | Scene, ViewLayer | Synchronizing object | geometry_0_sphere.082
Fra:8 Mem:58.94M (Peak 103.98M) | Time:00:00.02 | Mem:0.00M, Peak:0.00M | Scene, ViewLayer | Synchronizing object | geometry_0_sphere.067
Fra:8 Mem:59.15M (Peak 103.98M) | Time:00:00.02 | Mem:0.00M, Peak:0.00M | Scene, ViewLayer | Synchronizing object | geometry_0_sphere.068
Fra:8 Mem:59.26M (Peak 103.98M) | Time:00:00.02 | Mem:0.00M, Peak:0.00M | Scene, ViewLayer | Synchronizing object | geometry_0_sphere.081
Fra:8 Mem:59.36M (Peak 103.98M) | Time:00:00.02 | Mem:0.00M, Peak:0.00M | Scene, ViewLayer | Synchronizing object | geometry_0_sphere.069
Fra:8 Mem:59.44M (Peak 103.98M) | Time:00:00.02 | Mem:0.00M, Peak:0.00M | Scene, ViewLayer | Synchronizing object | geometry_0_sphere.070
Fra:8 Mem:59.61M (Peak 103.98M) | Time:00:00.02 | Mem:0.00M, Peak:0.00M | Scene, ViewLayer | Synchronizing object | geometry_0_sphere.080
Fra:8 Mem:59.65M (Peak 103.98M) | Time:00:00.02 | Mem:0.00M, Peak:0.00M | Scene, ViewLayer | Synchronizing object | geometry_0_sphere.071
Fra:8 Mem:59.76M (Peak 103.98M) | Time:00:00.02 | Mem:0.00M, Peak:0.00M | Scene, ViewLayer | Synchronizing object | geometry_0_sphere.072
Fra:8 Mem:59.93M (Peak 103.98M) | Time:00:00.02 | Mem:0.00M, Peak:0.00M | Scene, ViewLayer | Synchronizing object | geometry_0_sphere.079
Fra:8 Mem:59.97M (Peak 103.98M) | Time:00:00.02 | Mem:0.00M, Peak:0.00M | Scene, ViewLayer | Synchronizing object | geometry_0_sphere.073
Fra:8 Mem:60.08M (Peak 103.98M) | Time:00:00.02 | Mem:0.00M, Peak:0.00M | Scene, ViewLayer | Synchronizing object | geometry_0_sphere.074
Fra:8 Mem:60.25M (Peak 103.98M) | Time:00:00.02 | Mem:0.00M, Peak:0.00M | Scene, ViewLayer | Synchronizing object | geometry_0_sphere.078
Fra:8 Mem:60.29M (Peak 103.98M) | Time:00:00.02 | Mem:0.00M, Peak:0.00M | Scene, ViewLayer | Synchronizing object | geometry_0_sphere.075
Fra:8 Mem:60.40M (Peak 103.98M) | Time:00:00.02 | Mem:0.00M, Peak:0.00M | Scene, ViewLayer | Synchronizing object | geometry_0_sphere.076
Fra:8 Mem:60.56M (Peak 103.98M) | Time:00:00.02 | Mem:0.00M, Peak:0.00M | Scene, ViewLayer | Synchronizing object | geometry_0_sphere.077
Fra:8 Mem:60.64M (Peak 103.98M) | Time:00:00.02 | Mem:0.00M, Peak:0.00M | Scene, ViewLayer | Initializing
Fra:8 Mem:52.51M (Peak 103.98M) | Time:00:00.02 | Mem:0.00M, Peak:0.00M | Scene, ViewLayer | Waiting for render to start
Fra:8 Mem:52.51M (Peak 103.98M) | Time:00:00.02 | Mem:0.00M, Peak:0.00M | Scene, ViewLayer | Loading render kernels (may take a few minutes the first time)
Fra:8 Mem:52.51M (Peak 103.98M) | Time:00:00.02 | Mem:0.00M, Peak:0.00M | Scene, ViewLayer | Updating Scene
Fra:8 Mem:52.51M (Peak 103.98M) | Time:00:00.02 | Mem:0.00M, Peak:0.00M | Scene, ViewLayer | Updating Shaders
Fra:8 Mem:52.59M (Peak 103.98M) | Time:00:00.02 | Mem:0.00M, Peak:0.00M | Scene, ViewLayer | Updating Procedurals
Fra:8 Mem:52.59M (Peak 103.98M) | Time:00:00.02 | Mem:0.00M, Peak:0.00M | Scene, ViewLayer | Updating Background
Fra:8 Mem:52.59M (Peak 103.98M) | Time:00:00.02 | Mem:0.00M, Peak:0.00M | Scene, ViewLayer | Updating Camera
Fra:8 Mem:52.59M (Peak 103.98M) | Time:00:00.02 | Mem:0.00M, Peak:0.00M | Scene, ViewLayer | Updating Meshes Flags
Fra:8 Mem:52.59M (Peak 103.98M) | Time:00:00.02 | Mem:0.00M, Peak:0.00M | Scene, ViewLayer | Updating Objects
Fra:8 Mem:52.59M (Peak 103.98M) | Time:00:00.02 | Mem:0.00M, Peak:0.00M | Scene, ViewLayer | Updating Objects | Copying Transformations to device
Fra:8 Mem:52.64M (Peak 103.98M) | Time:00:00.02 | Mem:0.04M, Peak:0.04M | Scene, ViewLayer | Updating Objects | Applying Static Transformations
Fra:8 Mem:52.64M (Peak 103.98M) | Time:00:00.02 | Mem:0.04M, Peak:0.04M | Scene, ViewLayer | Updating Particle Systems
Fra:8 Mem:52.64M (Peak 103.98M) | Time:00:00.02 | Mem:0.04M, Peak:0.04M | Scene, ViewLayer | Updating Particle Systems | Copying Particles to device
Fra:8 Mem:52.64M (Peak 103.98M) | Time:00:00.02 | Mem:0.04M, Peak:0.04M | Scene, ViewLayer | Updating Meshes
Fra:8 Mem:54.10M (Peak 103.98M) | Time:00:00.02 | Mem:0.04M, Peak:0.04M | Scene, ViewLayer | Updating Mesh | Computing attributes
Fra:8 Mem:56.32M (Peak 103.98M) | Time:00:00.03 | Mem:0.06M, Peak:0.06M | Scene, ViewLayer | Updating Mesh | Copying Attributes to device
Fra:8 Mem:56.29M (Peak 103.98M) | Time:00:00.03 | Mem:2.24M, Peak:2.24M | Scene, ViewLayer | Updating Scene BVH | Building
Fra:8 Mem:56.30M (Peak 103.98M) | Time:00:00.03 | Mem:2.24M, Peak:2.24M | Scene, ViewLayer | Updating Scene BVH | Building BVH
Fra:8 Mem:56.30M (Peak 103.98M) | Time:00:00.03 | Mem:5.17M, Peak:5.17M | Scene, ViewLayer | Updating Scene BVH | Building BVH 0%
Fra:8 Mem:56.30M (Peak 103.98M) | Time:00:00.04 | Mem:8.66M, Peak:11.59M | Scene, ViewLayer | Updating Scene BVH | Copying BVH to device
Fra:8 Mem:56.30M (Peak 103.98M) | Time:00:00.04 | Mem:8.66M, Peak:11.59M | Scene, ViewLayer | Updating Mesh | Computing normals
Fra:8 Mem:63.95M (Peak 103.98M) | Time:00:00.09 | Mem:8.66M, Peak:11.59M | Scene, ViewLayer | Updating Mesh | Copying Mesh to device
Fra:8 Mem:63.95M (Peak 103.98M) | Time:00:00.09 | Mem:16.31M, Peak:16.31M | Scene, ViewLayer | Updating Objects Flags
Fra:8 Mem:63.95M (Peak 103.98M) | Time:00:00.09 | Mem:16.31M, Peak:16.31M | Scene, ViewLayer | Updating Primitive Offsets
Fra:8 Mem:63.95M (Peak 103.98M) | Time:00:00.09 | Mem:16.31M, Peak:16.31M | Scene, ViewLayer | Updating Images
Fra:8 Mem:63.95M (Peak 103.98M) | Time:00:00.09 | Mem:16.31M, Peak:16.31M | Scene, ViewLayer | Updating Camera Volume
Fra:8 Mem:63.95M (Peak 103.98M) | Time:00:00.09 | Mem:16.31M, Peak:16.31M | Scene, ViewLayer | Updating Lookup Tables
Fra:8 Mem:63.95M (Peak 103.98M) | Time:00:00.09 | Mem:16.39M, Peak:16.39M | Scene, ViewLayer | Updating Lights
Fra:8 Mem:63.95M (Peak 103.98M) | Time:00:00.09 | Mem:16.39M, Peak:16.39M | Scene, ViewLayer | Updating Lights | Computing distribution
Fra:8 Mem:63.95M (Peak 103.98M) | Time:00:00.09 | Mem:16.39M, Peak:16.39M | Scene, ViewLayer | Updating Lights | Computing tree
Fra:8 Mem:63.95M (Peak 103.98M) | Time:00:00.09 | Mem:16.39M, Peak:16.39M | Scene, ViewLayer | Updating Integrator
Fra:8 Mem:64.95M (Peak 103.98M) | Time:00:00.09 | Mem:17.39M, Peak:17.39M | Scene, ViewLayer | Updating Film
Fra:8 Mem:64.95M (Peak 103.98M) | Time:00:00.09 | Mem:17.31M, Peak:17.39M | Scene, ViewLayer | Updating Lookup Tables
Fra:8 Mem:64.95M (Peak 103.98M) | Time:00:00.09 | Mem:17.40M, Peak:17.40M | Scene, ViewLayer | Updating Baking
Fra:8 Mem:64.95M (Peak 103.98M) | Time:00:00.09 | Mem:17.40M, Peak:17.40M | Scene, ViewLayer | Updating Device | Writing constant memory
Fra:8 Mem:64.96M (Peak 103.98M) | Time:00:00.09 | Mem:17.40M, Peak:17.40M | Scene, ViewLayer | Sample 0/32
Fra:8 Mem:83.97M (Peak 103.98M) | Time:00:00.11 | Remaining:00:00.59 | Mem:36.40M, Peak:36.40M | Scene, ViewLayer | Sample 1/32
Fra:8 Mem:91.97M (Peak 103.98M) | Time:00:02.91 | Mem:36.40M, Peak:36.40M | Scene, ViewLayer | Sample 32/32
Fra:8 Mem:91.97M (Peak 103.98M) | Time:00:02.91 | Mem:36.40M, Peak:36.40M | Scene, ViewLayer | Finished
Fra:8 Mem:50.22M (Peak 103.98M) | Time:00:02.91 | Compositing
Fra:8 Mem:50.22M (Peak 103.98M) | Time:00:02.91 | Compositing | Determining resolution
Fra:8 Mem:50.22M (Peak 103.98M) | Time:00:02.91 | Compositing | Initializing execution
Fra:8 Mem:50.22M (Peak 103.98M) | Time:00:02.91 | Compositing | De-initializing execution
Saved: '/vepfs_default/chanxueyan/lhp/lms/aDSL/temp/geometry_expression_20260929/B/SF21/views/render_0008.png'
Time: 00:02.93 (Saving: 00:00.02)

Data are loaded, start creating Blender stuff
glTF import finished in 0.30s
